80003100,800031EF,__start,_start.c
800031F0,8000324B,__copy_rom_section,_start.c
8000324C,8000328F,__init_bss_section,_start.c
80003290,800032AB,__init_registers,_start.c
800032AC,80003323,__init_data,_start.c
80003324,80003343,__init_hardware,__ppc_eabi_init.c
80003344,80003377,__flush_cache,__ppc_eabi_init.c
80003378,800033A7,memset_,
800033A8,8000346B,memset,
8000346C,800034BB,memcpy,
800034BC,800034DF,TRK_memcpy,
800052E0,80005313,FUN_800052e0,
800053E0,80005413,FUN_800053e0,
80005414,80005433,gTRKInterruptVectorTableEnd,
80006CC0,80006CC7,PPCMfmsr,dolphin/PPCArch.c
80006CC8,80006CCF,PPCMtmsr,dolphin/PPCArch.c
80006CD0,80006CD7,PPCMfhid0,dolphin/PPCArch.c
80006CD8,80006CDF,PPCMfl2cr,dolphin/PPCArch.c
80006CE0,80006CE7,PPCMtl2cr,dolphin/PPCArch.c
80006CE8,80006CEF,PPCMtdec,dolphin/PPCArch.c
80006CF0,80006CF7,PPCSync,dolphin/PPCArch.c
80006CF8,80006D0B,PPCHalt,dolphin/PPCArch.c
80006D0C,80006D13,PPCMtmmcr0,dolphin/PPCArch.c
80006D14,80006D1B,PPCMtmmcr1,dolphin/PPCArch.c
80006D1C,80006D23,PPCMfpmc1,dolphin/PPCArch.c
80006D24,80006D2B,PPCMtpmc1,dolphin/PPCArch.c
80006D2C,80006D33,PPCMfpmc2,dolphin/PPCArch.c
80006D34,80006D3B,PPCMtpmc2,dolphin/PPCArch.c
80006D3C,80006D43,PPCMfpmc3,dolphin/PPCArch.c
80006D44,80006D4B,PPCMtpmc3,dolphin/PPCArch.c
80006D4C,80006D53,PPCMfpmc4,dolphin/PPCArch.c
80006D54,80006D5B,PPCMtpmc4,dolphin/PPCArch.c
80006D5C,80006D63,PPCMfhid2,dolphin/PPCArch.c
80006D64,80006D6B,PPCMthid2,dolphin/PPCArch.c
80006D6C,80006D73,PPCMtwpar,dolphin/PPCArch.c
80006D74,80006DA7,OSGetConsoleType,dolphin/OS.c
80006DA8,800070CB,OSInit,dolphin/OS.c
800070CC,8000735B,debugInit,dolphin/OS.c
8000735C,8000737F,OSDBIntegrator,dolphin/OS.c
80007380,80007383,FUN_80007380,dolphin/OS.c
80007384,8000740F,__OSSetExceptionHandler,dolphin/OS.c
80007410,8000747F,__OSGetExceptionHandler,dolphin/OS.c
80007480,800074D7,ecxeptionHandler_80007480,
800074D8,800074E7,FUN_800074d8,
800074E8,80007517,irqHandler_800074e8,
8000751C,8000756F,defaultExceptionHandler,
80007570,800075AB,memInit,
800075AC,800075FF,OSPhysicalToCached,dolphin/OSAddress.c
80007600,80007653,OSPhysicalToUncached,dolphin/OSAddress.c
80007654,800076B3,OSCachedToPhysical,dolphin/OSAddress.c
800076B4,80007713,OSUncachedToPhysical,dolphin/OSAddress.c
80007714,800078A7,OSCheckAlarmQueue,dolphin/OSAlarm.c
800078A8,80007953,SetTimer,dolphin/OSAlarm.c
80007954,800079A7,__OSInitAlarm,dolphin/OSAlarm.c
800079A8,800079B3,OSCreateAlarm,dolphin/OSAlarm.c
800079B4,80007B9F,InsertAlarm,dolphin/OSAlarm.c
80007BA0,80007C87,OSSetAlarm,dolphin/OSAlarm.c
80007C88,80007D33,OSSetAbsAlarm,dolphin/OSAlarm.c
80007D34,80007E27,OSSetPeriodicAlarm,dolphin/OSAlarm.c
80007E28,80007EF7,OSCancelAlarm,dolphin/OSAlarm.c
80007EF8,8000806B,DecrementerExceptionCallback,dolphin/OSAlarm.c
8000806C,800080B7,DecrementerExceptionHandler,dolphin/OSAlarm.c
800080B8,800080D7,DLAddFront,dolphin/OSAlloc.c
800080D8,80008117,DLExtract,dolphin/OSAlloc.c
80008118,8000817B,FUN_80008118,dolphin/OSAlloc.c
8000817C,800083CB,OSAllocFromHeap,dolphin/OSAlloc.c
800083CC,80008477,OSSetCurrentHeap,dolphin/OSAlloc.c
80008478,800085B3,OSInitAlloc,dolphin/OSAlloc.c
800085B4,800087C3,OSCreateHeap,dolphin/OSAlloc.c
800087C4,8000883B,OSGetArenaHi,dolphin/OSArena.c
8000883C,800088B3,OSGetArenaLo,dolphin/OSArena.c
800088B4,800088BB,OSSetArenaHi,dolphin/OSArena.c
800088BC,800088C3,OSSetArenaLo,dolphin/OSArena.c
800088C4,80008B53,__OSInitAudioSystem,dolphin/OSAudioSystem.c
80008B54,80008B67,DCEnable,dolphin/OSCache.c
80008B68,80008B97,DCInvalidateRange,dolphin/OSCache.c
80008B98,80008BCB,DCFlushRange,dolphin/OSCache.c
80008BCC,80008BFF,DCStoreRange,dolphin/OSCache.c
80008C00,80008C2F,DCFlushRangeNoSync,dolphin/OSCache.c
80008C30,80008C5F,DCStoreRangeNoSync,dolphin/OSCache.c
80008C60,80008C97,ICInvalidateRange,dolphin/OSCache.c
80008C98,80008CA7,ICFlashInvalidate,dolphin/OSCache.c
80008CA8,80008CBB,ICEnable,dolphin/OSCache.c
80008CBC,80008D87,__LCEnable,dolphin/OSCache.c
80008D88,80008DBF,LCEnable,dolphin/OSCache.c
80008DC0,80008DE3,LCLoadBlocks,dolphin/OSCache.c
80008DE4,80008E07,LCStoreBlocks,dolphin/OSCache.c
80008E08,80008E1F,LCQueueWait,dolphin/OSCache.c
80008E20,80008E6B,L2Init,dolphin/OSCache.c
80008E6C,80008E97,L2Enable,dolphin/OSCache.c
80008E98,80008EC7,L2Disable,dolphin/OSCache.c
80008EC8,80008F33,L2GlobalInvalidate,dolphin/OSCache.c
80008F34,80009083,DMAErrorHandler,dolphin/OSCache.c
80009084,8000912F,__OSCacheInit,dolphin/OSCache.c
80009130,80009253,__OSLoadFPUContext,dolphin/OSContext.c
80009254,8000937B,__OSSaveFPUContext,dolphin/OSContext.c
8000937C,800093D7,OSSetCurrentContext,dolphin/OSContext.c
800093D8,800093E3,OSGetCurrentContext,dolphin/OSContext.c
800093E4,80009463,OSSaveContext,dolphin/OSContext.c
80009464,8000953B,OSLoadContext,dolphin/OSContext.c
8000953C,80009543,OSGetStackPointer,dolphin/OSContext.c
80009544,80009573,OSClearContext,dolphin/OSContext.c
80009574,8000962F,OSInitContext,dolphin/OSContext.c
80009630,8000989B,OSDumpContext,dolphin/OSContext.c
8000989C,8000991F,OSSwitchFPUContext,dolphin/OSContext.c
80009920,80009967,__OSContextInit,dolphin/OSContext.c
80009968,800099F7,OSReport,dolphin/OSError.c
800099F8,80009AF7,OSPanic,dolphin/OSError.c
80009B0C,80009B8F,OSSetErrorHandler,dolphin/OSError.c
80009B90,80009D23,__OSUnhandledException,dolphin/OSError.c
80009D38,80009E33,SetExiInterruptMask,dolphin/OSExi.c
80009E34,80009F07,CompleteTransfer,dolphin/OSExi.c
80009F08,8000A0EF,EXIImm,dolphin/OSExi.c
8000A0F0,8000A18F,EXIImmEx,dolphin/OSExi.c
8000A190,8000A353,EXIDma,dolphin/OSExi.c
8000A354,8000A43B,EXISync,dolphin/OSExi.c
8000A43C,8000A4FB,EXIClearInterrupts,dolphin/OSExi.c
8000A4FC,8000A5A7,EXISetExiCallback,dolphin/OSExi.c
8000A5A8,8000A5E7,EXIProbeReset,dolphin/OSExi.c
8000A5E8,8000A797,__EXIProbe,dolphin/OSExi.c
8000A798,8000A883,EXIAttach,dolphin/OSExi.c
8000A884,8000A957,EXIDetach,dolphin/OSExi.c
8000A958,8000AB27,EXISelect,dolphin/OSExi.c
8000AB28,8000AC57,EXIDeselect,dolphin/OSExi.c
8000AC58,8000ACFF,EXIIntrruptHandler,dolphin/OSExi.c
8000AD00,8000ADC7,TCIntrruptHandler,dolphin/OSExi.c
8000ADC8,8000AE97,EXTIntrruptHandler,dolphin/OSExi.c
8000AE98,8000AF7F,EXIInit,dolphin/OSExi.c
8000AF80,8000B127,EXILock,dolphin/OSExi.c
8000B128,8000B217,EXIUnlock,dolphin/OSExi.c
8000B218,8000B27B,EXIGetState,dolphin/OSExi.c
8000B27C,8000B2F7,OSGetFontEncode,dolphin/OSFont.c
8000B2F8,8000B30B,OSDisableInterrupts,dolphin/OSInterrupt.c
8000B30C,8000B31F,OSEnableInterrupts,dolphin/OSInterrupt.c
8000B320,8000B343,OSRestoreInterrupts,dolphin/OSInterrupt.c
8000B344,8000B407,__OSSetInterruptHandler,dolphin/OSInterrupt.c
8000B408,8000B4AF,__OSGetInterruptHandler,dolphin/OSInterrupt.c
8000B4B0,8000B54B,__OSInterruptInit,dolphin/OSInterrupt.c
8000B54C,8000B817,SetInterruptMask,dolphin/OSInterrupt.c
8000B818,8000B89F,__OSMaskInterrupts,dolphin/OSInterrupt.c
8000B8A0,8000B927,__OSUnmaskInterrupts,dolphin/OSInterrupt.c
8000B928,8000BD53,__OSDispatchInterrupt,dolphin/OSInterrupt.c
8000BD54,8000BD9F,ExternalInterruptHandler,dolphin/OSInterrupt.c
8000BDA0,8000BDC3,__OSModuleInit,dolphin/OSLink.c
8000BDC4,8000BE67,osMutexFn_8000bdc4,dolphin/OSMutex.c
8000BE68,8000BF3B,osResetFn_8000be68,dolphin/OSReset.c
8000BF3C,8000BF9F,__OSResetSWInterruptHandler,dolphin/OSResetSW.c
8000BFA0,8000C0BF,ReadSram,dolphin/OSRtc.c
8000C0C0,8000C163,WriteSramCallback,dolphin/OSRtc.c
8000C164,8000C26F,WriteSram,dolphin/OSRtc.c
8000C270,8000C2DF,__OSInitSram,dolphin/OSRtc.c
8000C2E0,8000C36B,LockSram,dolphin/OSRtc.c
8000C36C,8000C38F,__OSLockSram,dolphin/OSRtc.c
8000C390,8000C3B3,__OSLockSramEx,dolphin/OSRtc.c
8000C3B4,8000C4BF,UnlockSram,dolphin/OSRtc.c
8000C4C0,8000C4EB,__OSUnlockSram,dolphin/OSRtc.c
8000C4EC,8000C517,__OSUnlockSramEx,dolphin/OSRtc.c
8000C518,8000C537,SIBusy,dolphin/OSSerial.c
8000C538,8000C61B,CompleteTransfer,dolphin/OSSerial.c
8000C61C,8000C6F7,SITransferNext,dolphin/OSSerial.c
8000C6F8,8000C787,SIIntrruptHandler,dolphin/OSSerial.c
8000C788,8000C807,SIInit,dolphin/OSSerial.c
8000C808,8000CA0F,__SITransfer,dolphin/OSSerial.c
8000CA10,8000CA1F,SIGetStatus,dolphin/OSSerial.c
8000CA20,8000CA8F,SISetCommand,dolphin/OSSerial.c
8000CA90,8000CA9F,SITransferCommands,dolphin/OSSerial.c
8000CAA0,8000CB63,SISetXY,dolphin/OSSerial.c
8000CB64,8000CC4B,SIEnablePolling,dolphin/OSSerial.c
8000CC4C,8000CCF3,SIDisablePolling,dolphin/OSSerial.c
8000CCF4,8000CD83,SIGetResponse,dolphin/OSSerial.c
8000CD84,8000CE73,AlarmHandler,dolphin/OSSerial.c
8000CE74,8000CFBB,SITransfer,dolphin/OSSerial.c
8000CFBC,8000CFFB,OSInitStopwatch,dolphin/OSStopwatch.c
8000CFFC,8000D037,OSStartStopwatch,dolphin/OSStopwatch.c
8000D038,8000D103,OSStopStopwatch,dolphin/OSStopwatch.c
8000D104,8000D163,OSCheckStopwatch,dolphin/OSStopwatch.c
8000D164,8000D197,OSResetStopwatch,dolphin/OSStopwatch.c
8000D198,8000D1B3,SystemCallVector,dolphin/OSSync.c
8000D1B8,8000D227,__OSInitSystemCall,dolphin/OSSync.c
8000D228,8000D38F,__OSThreadInit,dolphin/OSThread.c
8000D390,8000D39F,OSInitMutexQueue,dolphin/OSThread.c
8000D3A0,8000D3AF,OSInitThreadQueue,dolphin/OSThread.c
8000D3B0,8000D3BB,OSGetCurrentThread,dolphin/OSThread.c
8000D3BC,8000D3FB,__OSSwitchThread,dolphin/OSThread.c
8000D3FC,8000D44F,__OSIsThreadActive,dolphin/OSThread.c
8000D450,8000D493,OSDisableScheduler,dolphin/OSThread.c
8000D494,8000D4D7,OSEnableScheduler,dolphin/OSThread.c
8000D4D8,8000D5E7,SetRun,dolphin/OSThread.c
8000D5E8,8000D703,UnsetRun,dolphin/OSThread.c
8000D704,8000D74F,__OSGetEffectivePriority,dolphin/OSThread.c
8000D750,8000D913,SetEffectivePriority,dolphin/OSThread.c
8000D914,8000D977,UpdatePriority,dolphin/OSThread.c
8000D978,8000DB63,SelectThread,dolphin/OSThread.c
8000DB64,8000DB93,__OSReschedule,dolphin/OSThread.c
8000DB94,8000DD2F,OSCreateThread,dolphin/OSThread.c
8000DD30,8000DE63,OSExitThread,dolphin/OSThread.c
8000DE64,8000E07B,OSResumeThread,dolphin/OSThread.c
8000E07C,8000E22B,OSSuspendThread,dolphin/OSThread.c
8000E22C,8000E39F,OSSleepThread,dolphin/OSThread.c
8000E3A0,8000E49F,OSWakeupThread,dolphin/OSThread.c
8000E4A0,8000E4B7,OSGetTime,dolphin/OSTime.c
8000E4B8,8000E4BF,OSGetTick,dolphin/OSTime.c
8000E4C0,8000E517,__OSGetSystemTime,dolphin/OSTime.c
8000E518,8000E55F,InitializeUART,dolphin/OSUartExi.c
8000E560,8000E567,ReadUARTN,dolphin/OSUartExi.c
8000E568,8000E5FF,QueueLength,dolphin/OSUartExi.c
8000E600,8000E78B,WriteUARTN,dolphin/OSUartExi.c
8000E78C,8000E7AB,__init_user,
8000E7AC,8000E7F7,__init_cpp,
8000E7F8,8000E807,_ExitProcess,
8000E818,8000E85B,DBInit,dolphin/db.c
8000E85C,8000E897,__DBExceptionDestinationAux,dolphin/db.c
8000E8AC,8000E8BB,__DBExceptionDestination,dolphin/db.c
8000E8BC,8000E8E7,FUN_8000e8bc,dolphin/db.c
8000E8E8,8000E937,DBPrintf,dolphin/db.c
8000E938,8000E9DF,MtxIdentity,dolphin/mtx.c
8000E9E0,8000EAB3,MTXCopy,dolphin/mtx.c
8000EAB4,8000EE07,MTXConcat,dolphin/mtx.c
8000EE08,8000F16B,MTXInverse,dolphin/mtx.c
8000F16C,8000F20B,MTXRotRad,dolphin/mtx.c
8000F20C,8000F3FF,MTXRotTrig,dolphin/mtx.c
8000F400,8000F59F,MTXRotAxisRad,dolphin/mtx.c
8000F5A0,8000F667,MTXTrans,dolphin/mtx.c
8000F668,8000F72F,MTXScale,dolphin/mtx.c
8000F730,8000F8BF,MTXLightPerspective,dolphin/mtx.c
8000F8C0,8000FA5F,MTXLightOrtho,dolphin/mtx.c
8000FA60,8000FBCB,MTXPerspective,dolphin/mtx44.c
8000FBCC,8000FD57,C_MTXOrtho,dolphin/mtx44.c
8000FD58,8000FE13,VECAdd,dolphin/vec.c
8000FE14,8000FF0B,VECSubtract,dolphin/vec.c
8000FF0C,8000FFCF,VECScale,dolphin/vec.c
8000FFD0,800100FF,VECNormalize,dolphin/vec.c
80010100,80010193,VECMag,dolphin/vec.c
80010194,800101BF,vecFn_80010194,dolphin/vec.c
800101C0,8001028B,VECDotProduct,dolphin/vec.c
8001028C,800103CB,VECCrossProduct,dolphin/vec.c
800103CC,80010457,sqrtf,
80010458,800105A3,MTXMultVec,dolphin/mtxvec.c
800105A4,8001074F,MTXMultVecArray,dolphin/mtxvec.c
80010750,800108BF,MTXMultVecSR,dolphin/mtxvec.c
800108C0,8001090B,mtxTranspose43,dolphin/mtxvec.c
8001090C,80010AF7,__DVDInterruptHandler,dolphin/dvdlow.c
80010AF8,80010BEB,DVDLowRead,dolphin/dvdlow.c
80010BEC,80010C6B,DVDLowSeek,dolphin/dvdlow.c
80010C6C,80010C8B,FUN_80010c6c,dolphin/dvdlow.c
80010C8C,80010D2F,DVDLowReadID,dolphin/dvdlow.c
80010D30,80010D53,FUN_80010d30,dolphin/dvdlow.c
80010D54,80010D77,FUN_80010d54,dolphin/dvdlow.c
80010D78,80010DBB,FUN_80010d78,dolphin/dvdlow.c
80010DBC,80010DF3,FUN_80010dbc,dolphin/dvdlow.c
80010DF4,80010E17,FUN_80010df4,dolphin/dvdlow.c
80010E18,80010ECF,dvdLowFn_80010e18,dolphin/dvdlow.c
80010ED0,80010F93,DVDLowReset,dolphin/dvdlow.c
80010F94,80010FC7,FUN_80010f94,dolphin/dvdfs.c
80010FC8,80010FF7,FUN_80010fc8,dolphin/dvdfs.c
80010FF8,80011057,__DVDFSInit,dolphin/dvdfs.c
80011058,800110EB,pathCompare,dolphin/dvdfs.c
800110EC,800113CF,DVDConvertPathToEntrynum,dolphin/dvdfs.c
800113D0,80011523,DVDOpen,dolphin/dvdfs.c
80011524,80011577,DVDClose,dolphin/dvdfs.c
80011578,800115BF,strncat,dolphin/dvdfs.c
800115C0,8001166B,FUN_800115c0,dolphin/dvdfs.c
8001166C,800117B7,DVDConvertEntrynumToPath,dolphin/dvdfs.c
800117B8,80011817,DVDGetCurrentDir,dolphin/dvdfs.c
80011818,8001196F,DVDReadAsync,dolphin/dvdfs.c
80011970,800119DF,dvdReadCb,dolphin/dvdfs.c
800119E0,80011B93,DVDRead,dolphin/dvdfs.c
80011B94,80011BB7,fn_80011B94,dolphin/dvdfs.c
80011BB8,80011BBF,DVDGetError,dolphin/dvdfs.c
80011BC0,80011CCF,DVDPrepareStreamAsync,dolphin/dvdfs.c
80011CD0,80011D3F,dvdMaybeStreamCb_80011cd0,dolphin/dvdfs.c
80011D40,80011E3F,dvdInit,dolphin/dvd.c
80011E40,80011EC3,dvdRadFst,dolphin/dvd.c
80011EC4,80011F9B,dvdCb_80011ec4,dolphin/dvd.c
80011F9C,80011FEF,FUN_80011f9c,dolphin/dvd.c
80011FF0,80012017,FUN_80011ff0,dolphin/dvd.c
80012018,800120AB,CategorizeError,dolphin/dvd.c
800120AC,800124C3,dvdCb_800120ac,dolphin/dvd.c
800124C4,800124EB,FUN_800124c4,dolphin/dvd.c
800124EC,8001262B,dvdCb_800124ec,dolphin/dvd.c
8001262C,80012737,dvdFn_8001262c,dolphin/dvd.c
80012738,8001276B,FUN_80012738,dolphin/dvd.c
8001276C,800127A3,FUN_8001276c,dolphin/dvd.c
800127A4,80012847,dvdCb_800127a4,dolphin/dvd.c
80012848,800128E7,dvdCb_80012848,dolphin/dvd.c
800128E8,800129BB,dvdCb_800128e8,dolphin/dvd.c
800129BC,80012A73,stateCoverClosed,dolphin/dvd.c
80012A74,80012AA3,FUN_80012a74,dolphin/dvd.c
80012AA4,80012B7B,dvdCb_80012aa4,dolphin/dvd.c
80012B7C,80012BA3,FUN_80012b7c,dolphin/dvd.c
80012BA4,80012C03,dvdCb_80012ba4,dolphin/dvd.c
80012C04,80012D47,switchD_80012c88_switchD,dolphin/dvd.c
80012D48,8001301F,stateBusy,dolphin/dvd.c
80013020,8001352F,dvdCb_80013020,dolphin/dvd.c
80013530,8001362F,_dvdReadFn_80013530,dolphin/dvd.c
80013630,8001376F,DVDReadAbsAsync,dolphin/dvd.c
80013770,8001388F,DVDReadAbsAsyncForBS,dolphin/dvd.c
80013890,80013977,DVDReadDiskID,dolphin/dvd.c
80013978,800139DF,FUN_80013978,dolphin/dvd.c
800139E0,80013A2F,DVDCancelStreamAsync,dolphin/dvd.c
80013A30,80013A7F,DVDCancelStreamAsync,dolphin/dvd.c
80013A80,80013ACF,DVDCancelStreamAsync,dolphin/dvd.c
80013AD0,80013B1B,FUN_80013ad0,dolphin/dvd.c
80013B1C,80013B77,FUN_80013b1c,dolphin/dvd.c
80013B78,80013B97,FUN_80013b78,dolphin/dvd.c
80013B98,80013E73,dvdFn_80013b98,dolphin/dvd.c
80013E74,80013F27,_DVDClose,dolphin/dvd.c
80013F28,80013F4B,dvdCloseCb,dolphin/dvd.c
80013F4C,80013F8B,__DVDClearWaitingQueue,dolphin/dvdqueue.c
80013F8C,80013FF7,__DVDPushWaitingQueue,dolphin/dvdqueue.c
80013FF8,80014093,PopWaitingQueuePrio,dolphin/dvdqueue.c
80014094,80014107,__DVDPopWaitingQueue,dolphin/dvdqueue.c
80014108,80014177,__DVDCheckWaitingQueue,dolphin/dvdqueue.c
80014178,800141EB,__DVDDequeueWaitingQueue,dolphin/dvdqueue.c
800141EC,80014257,__DVDIsBlockInWaitingQueue,dolphin/dvdqueue.c
80014258,8001433B,fn_80014258,
8001433C,800144C3,__OSLoadFST,
800144C4,800144CB,ret1_800144C4,
800144CC,8001452F,FUN_800144cc,
80014530,80014607,FUN_80014530,dolphin/vi.c
80014608,800147E7,interruptHandler18,dolphin/vi.c
800147E8,8001482F,FUN_800147e8,dolphin/vi.c
80014830,80014877,FUN_80014830,dolphin/vi.c
80014878,800148EF,tvModeFn_80014878,dolphin/vi.c
800148F0,80014B6B,__VIInit,dolphin/vi.c
80014B6C,80014D87,FUN_80014b6c,dolphin/vi.c
80014D88,80014DEF,_osGetDisplayOffsets,dolphin/vi.c
80014DF0,8001512F,viInit,dolphin/vi.c
80015130,8001517B,waitNextFrame,dolphin/vi.c
8001517C,80015233,FUN_8001517c,dolphin/vi.c
80015234,800152E3,FUN_80015234,dolphin/vi.c
800152E4,800153CF,FUN_800152e4,dolphin/vi.c
800153D0,800154A7,FUN_800153d0,dolphin/vi.c
800154A8,8001553B,FUN_800154a8,dolphin/vi.c
8001553C,800157D7,setFbbRegs,dolphin/vi.c
800157D8,800158DB,FUN_800157d8,dolphin/vi.c
800158DC,80015AAB,setVerticalRegs,dolphin/vi.c
80015AAC,80015EA7,VIConfigure,dolphin/vi.c
80015EA8,80015F8F,FUN_80015ea8,dolphin/vi.c
80015F90,80016017,VISetNextFrameBuffer,dolphin/vi.c
80016018,8001608F,FUN_80016018,dolphin/vi.c
80016090,800160F7,VIGetCurrentLine,dolphin/vi.c
800160F8,8001617B,FUN_800160f8,dolphin/vi.c
8001617C,800161CB,FUN_8001617c,dolphin/vi.c
800161CC,8001622F,VIGetTvFormat,dolphin/vi.c
80016230,80016287,FUN_80016230,
80016288,80016373,FUN_80016288,
80016374,800164AB,FUN_80016374,
800164AC,800165DF,FUN_800164ac,
800165E0,8001660F,FUN_800165e0,
80016610,800166A7,FUN_80016610,
800166A8,800166E3,FUN_800166a8,
800166E4,8001672F,FUN_800166e4,
80016730,8001676B,FUN_80016730,
8001676C,800167B7,FUN_8001676c,
800167B8,800167F3,FUN_800167b8,
800167F4,80016857,FUN_800167f4,
80016858,800168BB,FUN_80016858,
800168BC,800168EB,FUN_800168bc,
800168EC,8001691B,FUN_800168ec,
8001691C,800169F7,FUN_8001691c,
800169F8,80016ACF,FUN_800169f8,
80016AD0,80016BF7,padCorrectAnalog,dolphin/Pad.c
80016BF8,80016C3F,padCorrectTrigger,dolphin/Pad.c
80016C40,80016CE3,padUpdateAnalog,dolphin/Pad.c
80016CE4,80016D2F,FUN_80016ce4,dolphin/Pad.c
80016D30,80016D9B,FUN_80016d30,dolphin/Pad.c
80016D9C,80016E8B,FUN_80016d9c,dolphin/Pad.c
80016E8C,80016F23,siFn_80016e8c,dolphin/Pad.c
80016F24,80016FE3,padFn_80016f24,dolphin/Pad.c
80016FE4,800170C3,padResetFn_80016fe4,dolphin/Pad.c
800170C4,80017147,FUN_800170c4,dolphin/Pad.c
80017148,8001729B,UpdateOrigin,dolphin/Pad.c
8001729C,80017337,padResetFn_8001729c,dolphin/Pad.c
80017338,800173B3,padFn_80017338,dolphin/Pad.c
800173B4,8001751B,padResetFn_800173b4,dolphin/Pad.c
8001751C,800178D3,padResetFn_8001751c,dolphin/Pad.c
800178D4,800179A3,PADReset,dolphin/Pad.c
800179A4,80017A5B,PADReset2,dolphin/Pad.c
80017A5C,80017B7B,piInit,dolphin/Pad.c
80017B7C,80017C5B,fn_80017B7C,dolphin/Pad.c
80017C5C,80017EEF,padUpdate,dolphin/Pad.c
80017EF0,80017FB3,PADSetSamplingRate,dolphin/Pad.c
80017FB4,8001807F,PADControlMotor,dolphin/Pad.c
80018080,80018127,PADSetSpec,dolphin/Pad.c
80018128,8001812F,padGetTriggerMode,dolphin/Pad.c
80018130,800182AF,padCb_breadboard,dolphin/Pad.c
800182B0,8001842F,padCb_proto1,dolphin/Pad.c
80018430,8001848B,FUN_80018430,dolphin/Pad.c
8001848C,800184A7,FUN_8001848c,dolphin/Pad.c
800184A8,8001878F,padCb_final,dolphin/Pad.c
80018790,800187E3,FUN_80018790,dolphin/Pad.c
800187E4,8001885B,resetFn_800187e4,dolphin/Pad.c
8001885C,800188A3,FUN_8001885c,dolphin/snd_init.c
800188A4,80018953,AIInitDMA,dolphin/ai.c
80018954,8001896B,AIStartDMA,dolphin/ai.c
8001896C,80018987,set_ai_CR_bit20,dolphin/ai.c
80018988,80018993,set_ai_IT,dolphin/ai.c
80018994,80018A8B,AISetStreamPlayState,dolphin/ai.c
80018A8C,80018A9B,AIGetStreamPlayState,dolphin/ai.c
80018A9C,80018BDF,AISetDSPSampleRate,dolphin/ai.c
80018BE0,80018BF3,FUN_80018be0,dolphin/ai.c
80018BF4,80018C3F,AISetStreamSampleRate,dolphin/ai.c
80018C40,80018D4F,__AI_set_stream_sample_rate,dolphin/ai.c
80018D50,80018D5F,AIGetStreamSamplingRate,dolphin/ai.c
80018D60,80018DC7,AISetStreamVolRight,dolphin/ai.c
80018DC8,80018DD7,AIGetStreamPlayState,dolphin/ai.c
80018DD8,80018E3B,AISetStreamVolLeft,dolphin/ai.c
80018E3C,80018E4F,FUN_80018e3c,dolphin/ai.c
80018E50,8001903B,AIInit,dolphin/ai.c
8001903C,800190B3,__AISHandler,dolphin/ai.c
800190B4,80019147,irq_DSP,dolphin/ai.c
80019148,8001919F,__AICallbackStackSwitch,dolphin/ai.c
800191A0,80019447,__AI_SRC_INIT,dolphin/ai.c
80019448,8001948F,audioSetCbFn_80019448,dolphin/ar.c
80019490,800195FF,ARStartDMA,dolphin/ar.c
80019600,8001976B,ARInit,dolphin/ar.c
8001976C,80019773,ret0x4000_8001976C,dolphin/ar.c
80019774,8001977B,getAramSize,dolphin/ar.c
8001977C,800197F7,FUN_8001977c,dolphin/ar.c
800197F8,8001980B,FUN_800197f8,dolphin/ar.c
8001980C,800198FB,ARStartDMA,dolphin/ar.c
800198FC,800199EB,ARStartDMA,dolphin/ar.c
800199EC,80019F1F,__ARChecksize,dolphin/ar.c
80019F20,80019FC3,FUN_80019f20,
80019FC4,8001A127,__ARQServiceQueueLo,dolphin/arq.c
8001A128,8001A12B,fn_8001A128,dolphin/arq.c
8001A12C,8001A1B7,audioCb_8001a12c,dolphin/arq.c
8001A1B8,8001A227,audioInitFn_8001a1b8,dolphin/arq.c
8001A228,8001A3CF,arqFn_8001a228,dolphin/arq.c
8001A3D0,8001A3DF,DSPCheckMailToDSP,dolphin/dsp.c
8001A3E0,8001A3F3,dspGetCpuMailHi,dolphin/dsp.c
8001A3F4,8001A40F,FUN_8001a3f4,dolphin/dsp.c
8001A410,8001A427,DSPSendMailToDSP,dolphin/dsp.c
8001A428,8001A4EB,DSPInit,dolphin/dsp.c
8001A4EC,8001A577,DSPAddTask,dolphin/dsp.c
8001A578,8001A5C7,dspDebugPrint,dolphin/dsp.c
8001A5C8,8001AAD3,__DSPHandler,dolphin/dsp_task.c
8001AAD4,8001AC93,__DSP_exec_task,dolphin/dsp_task.c
8001AC94,8001AE5B,__DSP_boot_task,dolphin/dsp_task.c
8001AE5C,8001AF0F,__DSP_insert_task,dolphin/dsp_task.c
8001AF10,8001AFFB,__DSP_remove_task,dolphin/dsp_task.c
8001AFFC,8001B043,EnableWriteGatherPipe,dolphin/GXInit.c
8001B044,8001B0DB,__GXDefaultTexRegionCallback,dolphin/GXInit.c
8001B0DC,8001B0FF,__GXDefaultTlutRegionCallback,dolphin/GXInit.c
8001B100,8001B143,__GXDefaultVerifyCallback,dolphin/GXInit.c
8001B144,8001C2EB,GXInit,dolphin/GXInit.c
8001C2EC,8001C333,FUN_8001c2ec,dolphin/GXInit.c
8001C334,8001C3EB,GXOverflowHandler,dolphin/GXFifo.c
8001C3EC,8001C47B,GXUnderflowHandler,dolphin/GXFifo.c
8001C47C,8001C4F7,FUN_8001c47c,dolphin/GXFifo.c
8001C4F8,8001C5B7,FUN_8001c4f8,dolphin/GXFifo.c
8001C5B8,8001C6E3,GXInitFifoBase,dolphin/GXFifo.c
8001C6E4,8001C82B,GXInitFifoPtrs,dolphin/GXFifo.c
8001C82C,8001C90B,GXInitFifoLimits,dolphin/GXFifo.c
8001C90C,8001CA8B,_gxFifoSubmitDlist,dolphin/GXFifo.c
8001CA8C,8001CBFF,GXSetGPFifo,dolphin/GXFifo.c
8001CC00,8001CC5B,GXSaveCPUFifo,dolphin/GXFifo.c
8001CC5C,8001CD47,_GXSaveCPUFifo,dolphin/GXFifo.c
8001CD48,8001CE63,GXGetFifoPtrs,dolphin/GXFifo.c
8001CE64,8001CEAB,FUN_8001ce64,dolphin/GXFifo.c
8001CEAC,8001CF7F,GXEnableBreakPt,dolphin/GXFifo.c
8001CF80,8001CFF3,FUN_8001cf80,dolphin/GXFifo.c
8001CFF4,8001D037,FUN_8001cff4,dolphin/GXFifo.c
8001D038,8001D063,FUN_8001d038,dolphin/GXFifo.c
8001D064,8001D08B,FUN_8001d064,dolphin/GXFifo.c
8001D08C,8001D12B,gxFifoFn_8001d08c,dolphin/GXFifo.c
8001D12C,8001D1DF,gxFifoFn_8001d12c,dolphin/GXFifo.c
8001D1E0,8001D293,gxFifoFn_8001d1e0,dolphin/GXFifo.c
8001D294,8001D29B,FUN_8001d294,dolphin/GXFifo.c
8001D29C,8001D493,_gxWriteVtxSpecs,dolphin/GXAttr.c
8001D494,8001D5CB,GXSetVtxDesc,dolphin/GXAttr.c
8001D5CC,8001DB1F,_GXSetVtxDesc,dolphin/GXAttr.c
8001DB20,8001DC97,GXSetVtxDescv,dolphin/GXAttr.c
8001DC98,8001DE5F,FUN_8001dc98,dolphin/GXAttr.c
8001DE60,8001E093,GXGetVtxDesc,dolphin/GXAttr.c
8001E094,8001E13F,GXGetVtxDescv,dolphin/GXAttr.c
8001E140,8001E1DB,GXClearVtxDesc,dolphin/GXAttr.c
8001E1DC,8001E31B,GXSetVtxAttrFmt,dolphin/GXAttr.c
8001E31C,8001EA13,_GXSetVtxAttrFmt,dolphin/GXAttr.c
8001EA14,8001EB83,GXSetVtxAttrFmtv,dolphin/GXAttr.c
8001EB84,8001EC8B,__GXSetVAT,dolphin/GXAttr.c
8001EC8C,8001EF6B,GXGetVtxAttrFmt,dolphin/GXAttr.c
8001EF6C,8001F037,GXGetVtxAttrFmtv,dolphin/GXAttr.c
8001F038,8001F15B,GXSetArray,dolphin/GXAttr.c
8001F15C,8001F1AB,GXInvalidateVtxCache,dolphin/GXAttr.c
8001F1AC,8001F83B,GXSetTexCoordGen,dolphin/GXAttr.c
8001F83C,8001F92F,GXSetNumTexGens,dolphin/GXAttr.c
8001F930,8001F9B3,GXFlush,dolphin/GXMisc.c
8001F9B4,8001FAA3,GXSetDrawSync,dolphin/GXMisc.c
8001FAA4,8001FAC3,FUN_8001faa4,dolphin/GXMisc.c
8001FAC4,8001FB4F,GXPixModeSync,dolphin/GXMisc.c
8001FB50,8001FBCF,GXTexModeSync,dolphin/GXMisc.c
8001FBD0,8001FC37,GXPokeAlphaMode,dolphin/GXMisc.c
8001FC38,8001FCBF,GXPokeAlphaRead,dolphin/GXMisc.c
8001FCC0,8001FD47,GXPokeAlphaUpdate,dolphin/GXMisc.c
8001FD48,8001FF07,GXPokeBlendUpdate,dolphin/GXMisc.c
8001FF08,8001FF8F,GXPokeColorUpdate,dolphin/GXMisc.c
8001FF90,8002003F,GXPokeDstAlpha,dolphin/GXMisc.c
80020040,800200C7,GXPokeDither,dolphin/GXMisc.c
800200C8,800201A3,GXPokeZMode,dolphin/GXMisc.c
800201A4,80020243,gxSetPixel,dolphin/GXMisc.c
80020244,800202EB,gxGetPixel,dolphin/GXMisc.c
800202EC,80020333,setPerfFn_800202ec,
80020334,800203B7,irqPeToken,
800203B8,8002043F,irqPeFinish,
80020440,800204CB,FUN_80020440,
800204CC,80020557,__GXSetDirtyState,
80020558,8002062F,GXBegin,dolphin/GXGeometry.c
80020630,8002069F,_gxBegin,dolphin/GXGeometry.c
800206A0,800207AB,GXSetLineWidth,dolphin/GXGeometry.c
800207AC,800208B7,GXSetPointSize,dolphin/GXGeometry.c
800208B8,80020A1B,GXEnableTexOffsets,dolphin/GXGeometry.c
80020A1C,80020ADF,GXSetCullMode,dolphin/GXGeometry.c
80020AE0,80020BCB,GXSetCoPlanar,dolphin/GXGeometry.c
80020BCC,80020C17,gxFn_80028f60,
80020C18,80020DB7,GXSetDispCopySrc,dolphin/GXFrameBuf.c
80020DB8,80020F57,GXSetTexCopySrc,dolphin/GXFrameBuf.c
80020F58,80021023,GXSetDispCopyDst,dolphin/GXFrameBuf.c
80021024,8002126B,GXSetTexCopyDst,dolphin/GXFrameBuf.c
8002126C,80021307,GXSetDispCopyFrame2Field,dolphin/GXFrameBuf.c
80021308,8002145F,GXSetCopyClamp,dolphin/GXFrameBuf.c
80021460,800215EF,GXSetDispCopyYScale,dolphin/GXFrameBuf.c
800215F0,800217D7,GXSetCopyClear,dolphin/GXFrameBuf.c
800217D8,800220B3,GXSetCopyFilter,dolphin/GXFrameBuf.c
800220B4,8002213B,GXSetDispCopyGamma,dolphin/GXFrameBuf.c
8002213C,8002238F,GXCopyDisp,dolphin/GXFrameBuf.c
80022390,80022753,GXCopyDisp2,dolphin/GXFrameBuf.c
80022754,80022B33,GXCopyTex,dolphin/GXFrameBuf.c
80022B34,80022BE3,GXClearBoundingBox,dolphin/GXFrameBuf.c
80022BE4,80022C9F,GXInitLightAttn,dolphin/GXLight.c
80022CA0,80022D43,GXGetLightAttnA,dolphin/GXLight.c
80022D44,80022DE7,GXGetLightAttnK,dolphin/GXLight.c
80022DE8,80023007,GXInitLightSpot,dolphin/GXLight.c
80023008,80023183,GXInitLightDistAttn,dolphin/GXLight.c
80023184,8002321B,GXInitLightPos,dolphin/GXLight.c
8002321C,8002329F,gxLightFn_8002321c,dolphin/GXLight.c
800232A0,800233AB,GXInitSpecularDir,dolphin/GXLight.c
800233AC,80023447,GXInitLightColor,dolphin/GXLight.c
80023448,8002490B,GXLoadLightObjImm,dolphin/GXLight.c
8002490C,80024D83,GXSetChanAmbColor,dolphin/GXLight.c
80024D84,800251FB,GXSetChanMatColor,dolphin/GXLight.c
800251FC,8002530F,GXSetNumChans,dolphin/GXLight.c
80025310,800258AB,GXSetChanCtrl,dolphin/GXLight.c
800258AC,80025967,gxTexFmtFn_800258ac,dolphin/GXTexture.c
80025968,80025B9F,GXGetTexBufferSize,dolphin/GXTexture.c
80025BA0,80025C77,FUN_80025ba0,dolphin/GXTexture.c
80025C78,80026157,GXInitTexObj,dolphin/GXTexture.c
80026158,800264B7,GXInitTexObjLOD,dolphin/GXTexture.c
800264B8,80026533,GXInitTexObjUserData,dolphin/GXTexture.c
80026534,8002658F,textureGetWidth,dolphin/GXTexture.c
80026590,800265EB,textureGetHeight,dolphin/GXTexture.c
800265EC,8002663F,GXGetTexObjFmt,dolphin/GXTexture.c
80026640,80026A9B,GXLoadTexObjPreLoaded,dolphin/GXTexture.c
80026A9C,80026B83,GXLoadTexObj,dolphin/GXTexture.c
80026B84,80026E5F,GXInitTexCacheRegion,dolphin/GXTexture.c
80026E60,8002703F,GXInitTexPreLoadRegion,dolphin/GXTexture.c
80027040,800271BF,gxTexRegionFn_80027040,dolphin/GXTexture.c
800271C0,800272F3,GXInitTlutRegion,dolphin/GXTexture.c
800272F4,8002739F,GXInvalidateTexAll,dolphin/GXTexture.c
800273A0,800273C7,FUN_800273a0,dolphin/GXTexture.c
800273C8,800273EF,FUN_800273c8,dolphin/GXTexture.c
800273F0,80027ADF,GXPreLoadEntireTexture,dolphin/GXTexture.c
80027AE0,80027D4F,gxTextureFn_80027ae0,dolphin/GXTexture.c
80027D50,80027EEB,__GXSetSUTexRegs,
80027EEC,80028123,GXInitIndTexture,dolphin/GXBump.c
80028124,80028543,GXSetIndTexMtx,dolphin/GXBump.c
80028544,800288FF,GXSetIndTexScale,dolphin/GXBump.c
80028900,80028BF3,GXSetIndTexOrder,dolphin/GXBump.c
80028BF4,80028CAB,GXSetNumIndStages,dolphin/GXBump.c
80028CAC,80028D27,GXSetTevDirect,dolphin/GXBump.c
80028D28,80028DA3,GXSetTevIndRepeat,dolphin/GXBump.c
80028DA4,80028F5F,GXSetTevOrder,dolphin/GXBump.c
80028F60,80028FAB,gxFn_80028f60,
80028FAC,80029197,GXSetTevOp,dolphin/GXTev.c
80029198,8002938B,GXSetTevColorIn,dolphin/GXTev.c
8002938C,80029583,GXSetTevAlphaIn,dolphin/GXTev.c
80029584,8002978B,GXSetTevColorOp,dolphin/GXTev.c
8002978C,80029993,GXSetTevAlphaOp,dolphin/GXTev.c
80029994,80029BA3,GXSetTevColor,dolphin/GXTev.c
80029BA4,80029D7B,GXSetTevKColor,dolphin/GXTev.c
80029D7C,80029EA7,GXSetTevKColorSel,dolphin/GXTev.c
80029EA8,80029FD3,GXSetTevKAlphaSel,dolphin/GXTev.c
80029FD4,8002A0EF,GXSetTevSwapMode,dolphin/GXTev.c
8002A0F0,8002A2B7,GXSetTevSwapModeTable,dolphin/GXTev.c
8002A2B8,8002A41B,GXSetAlphaCompare,dolphin/GXTev.c
8002A41C,8002A5A7,GXSetZTexture,dolphin/GXTev.c
8002A5A8,8002A90F,GXSetTevOrder,dolphin/GXTev.c
8002A910,8002A9DF,GXSetNumTevStages,dolphin/GXTev.c
8002A9E0,8002AE5B,GXSetFog,dolphin/GXPixel.c
8002AE5C,8002B057,GXSetFogRangeAdj,dolphin/GXPixel.c
8002B058,8002B2BF,GXSetBlendMode,dolphin/GXPixel.c
8002B2C0,8002B38F,GXSetColorUpdate,dolphin/GXPixel.c
8002B390,8002B45F,GXSetAlphaUpdate,dolphin/GXPixel.c
8002B460,8002B5A7,GXSetZMode,dolphin/GXPixel.c
8002B5A8,8002B677,GXSetZCompLoc,dolphin/GXPixel.c
8002B678,8002B8D7,GXSetPixelFmt,dolphin/GXPixel.c
8002B8D8,8002B9A7,GXSetDither,dolphin/GXPixel.c
8002B9A8,8002BAB3,GXSetDstAlpha,dolphin/GXPixel.c
8002BAB4,8002BB93,GXSetFieldMask,dolphin/GXPixel.c
8002BB94,8002BC8F,GXSetFieldMode,dolphin/GXPixel.c
8002BC90,8002BD13,gxFn_8002bc90,
8002BD14,8002BD4B,FUN_8002bd14,
8002BD4C,8002C13B,GXDrawTorus,dolphin/GXDraw.c
8002C13C,8002C443,FUN_8002c13c,
8002C444,8002C48F,GXEnd,dolphin/GXGeometry.802db7bc.h
8002C490,8002C493,nop_8002C490,
8002C494,8002C5CB,GXBeginDisplayList,dolphin/GXDisplayList.c
8002C5CC,8002C6EF,GXEndDisplayList,dolphin/GXDisplayList.c
8002C6F0,8002C7EF,GXCallDisplayList,dolphin/GXDisplayList.c
8002C7F0,8002C80B,GXPosition3f32,dolphin/GXDisplayList.c
8002C80C,8002C827,gxWritePos_s16,dolphin/GXDisplayList.c
8002C828,8002C843,GXNormal3f32,dolphin/GXDisplayList.c
8002C844,8002C85F,gxWriteUnk_s16_3,dolphin/GXDisplayList.c
8002C860,8002C883,gxWrite_byte_4,dolphin/GXDisplayList.c
8002C884,8002C88F,gxWriteUnk_s16_1,dolphin/GXDisplayList.c
8002C890,8002C8A3,GXTexCoord2f32,dolphin/GXDisplayList.c
8002C8A4,8002C8B7,gxWrite_s16_2,dolphin/GXDisplayList.c
8002C8B8,8002C8C3,gxWrite_byte,dolphin/GXDisplayList.c
8002C8C4,8002CBFF,GXSetProjection,dolphin/GXTransform.c
8002CC00,8002CCB7,gxGetFn_8002cc00,dolphin/GXTransform.c
8002CCB8,8002DB3B,GXLoadPosMtxImm,dolphin/GXTransform.c
8002DB3C,8002E63F,GXLoadNrmMtxImm,dolphin/GXTransform.c
8002E640,8002E6F7,GXSetCurrentMtx,dolphin/GXTransform.c
8002E6F8,8002F603,GXLoadTexMtxImm,dolphin/GXTransform.c
8002F604,8002F907,GXSetViewport,dolphin/GXTransform.c
8002F908,8002F95B,GXSetViewport_,dolphin/GXTransform.c
8002F95C,8002FC77,GXSetScissor,dolphin/GXTransform.c
8002FC78,8002FD5B,gxTransformGetFn_8002fc78,dolphin/GXTransform.c
8002FD5C,8002FEFB,GXSetScissorBoxOffset,dolphin/GXTransform.c
8002FEFC,8002FFBF,GXSetClipMode,dolphin/GXTransform.c
8002FFC0,80030113,__GXSetMatrixIndex,
80030114,80030117,nop_80030114,
80030118,800301EB,_gxValidateVtxFmt,
800301EC,8003023F,_gxValidateState,
80030240,8003024B,FUN_80030240,
8003024C,80030273,gxSetDebugPrintFunc,
80030274,800303AF,texgenFn_80030274,
800303B0,800303CF,texgenFn_800303b0,
800303D0,80030463,_gxEnsureRegInit,
80030464,800304F7,_gxEnsureRegNotInit,
800304F8,80030663,_gxValidateNumColors,
80030664,800309D3,gxGetVtxDescr,
800309D4,80030E2B,_gxValidateVtxDesc,
80030E2C,80031153,_gxValidateTexSettings,
80031154,800312EB,_gxValidateTexgen,
800312EC,800313DB,gxAddressFn_800312ec,
800313DC,800316FB,_gxValidateBump,
800316FC,80031947,_gxValidateRegularTexNum,
80031948,80031A2B,_gxValidateTextures,
80031A2C,80031B2B,gxLightRegisterFn_80031a2c,
80031B2C,800320F7,_gxValidateOutputColors,
800320F8,80032707,_gxValidateXfColors,
80032708,8003273B,validateFloat,
8003273C,8003297B,_gxValidateFloat,
8003297C,800329EF,_gxValidateTexMtx,
800329F0,80032A67,_gxValidateNrmMtx,
80032A68,80032ADF,_gxValidateDualTexMtx,
80032AE0,80032B8B,_gxValidateLights,
80032B8C,80032CD7,_gxValidateProjMtx,
80032CD8,80032D07,_gxValidateMtxs,
80032D08,80032E7B,_gxValidateGeomTex,
80032E7C,800332DF,_gxValidateState,
800332E0,8003336F,_gxValidateConfigRegs,
80033370,80033373,nop_80033370,
80033374,800333B7,gxValidateFn_80033374,
800333B8,800337A7,_gxValidateScissor,
800337A8,80033D33,FUN_800337a8,
80033D34,80034F5B,FUN_80033d34,
80034F5C,800369AF,FUN_80034f5c,
800369B0,80036BAF,FUN_800369b0,
80036BB0,80036C27,FUN_80036bb0,
80036C28,80036D53,gxDlistFn_80036c28,
80036D54,80036DA3,gxDebugPrint,
80036DA4,8003749F,switchD_80036dd0_caseD_11,
800374A0,8003752B,FUN_800374a0,
8003752C,80037847,_GXCallDisplayList,
80037848,800379DB,FUN_80037848,
800379DC,80037A37,GXClearGPMetric,dolphin/GXPerf.c
80037A38,80037B17,GXInitXfRasMetric,dolphin/GXPerf.c
80037B18,80037B9B,FUN_80037b18,
80037B9C,80037C8F,FUN_80037b9c,
80037C90,80037E57,FUN_80037c90,
80037E58,80038197,perfFn_80037e58,dolphin/perf.c
80038198,800382CF,perfAllocFn_80038198,dolphin/perf.c
800382D0,80038327,perfInitFn_800382d0,dolphin/perf.c
80038328,800383CF,FUN_80038328,dolphin/perf.c
800383D0,800384C7,FUN_800383d0,dolphin/perf.c
800384C8,8003879B,perfEventFn_800384c8,dolphin/perf.c
8003879C,800387D3,FUN_8003879c,dolphin/perf.c
800387D4,8003891F,perfEndEvent,dolphin/perf.c
80038920,80038A3B,FUN_80038920,dolphin/perf.c
80038A3C,80038AFB,FUN_80038a3c,dolphin/perf.c
80038AFC,80038D33,perfAutoSampleFn_80038afc,dolphin/perf.c
80038D34,80038DC3,FUN_80038d34,
80038DC4,80038E57,FUN_80038dc4,
80038E58,80038F4F,FUN_80038e58,
80038F50,800390AF,FUN_80038f50,
800390B0,80039B23,FUN_800390b0,
80039B24,80039B73,FUN_80039b24,
80039B74,80039BBF,FUN_80039b74,
80039BC0,8003A1E7,FUN_80039bc0,
8003A1E8,8003AF53,FUN_8003a1e8,
8003AF54,8003B00F,FUN_8003af54,
8003B010,8003B017,FUN_8003b010,
8003B018,8003B01F,FUN_8003b018,
8003B020,8003B06B,GXEnd2,dolphin/GXGeometry.h
8003B06C,8003B08B,FUN_8003b06c,
8003B08C,8003B08F,nop_8003B08C,
8003B090,8003B0D3,fn_8003B090,
8003B0D4,8003B1DB,cardBiosCbFn_8003b0d4,dolphin/CARDBios.c
8003B1DC,8003B30F,__CARDExiHandler,dolphin/CARDBios.c
8003B310,8003B3C3,cardBiosFn_8003b310,dolphin/CARDBios.c
8003B3C4,8003B467,cardBiosFn_8003b3c4,dolphin/CARDBios.c
8003B468,8003B5A3,cardBiosFn_8003b468,dolphin/CARDBios.c
8003B5A4,8003B69B,__CARDEnableInterrupt,dolphin/CARDBios.c
8003B69C,8003B7B7,__CARDReadStatus,dolphin/CARDBios.c
8003B7B8,8003B897,__CARDClearStatus,dolphin/CARDBios.c
8003B898,8003B953,cardBiosFn_8003b898,dolphin/CARDBios.c
8003B954,8003BA0F,FUN_8003b954,dolphin/CARDBios.c
8003BA10,8003BB97,cardBiosFn_8003ba10,dolphin/CARDBios.c
8003BB98,8003BCDB,UnlockedCallback,dolphin/CARDBios.c
8003BCDC,8003BDDF,cardBiosFn_8003bcdc,dolphin/CARDBios.c
8003BDE0,8003BF97,__CARDReadSegment,dolphin/CARDBios.c
8003BF98,8003C12F,__CARDWritePage,dolphin/CARDBios.c
8003C130,8003C28B,cardBiosFn_8003c130,dolphin/CARDBios.c
8003C28C,8003C317,FUN_8003c28c,dolphin/CARDBios.c
8003C318,8003C333,FUN_8003c318,dolphin/CARDBios.c
8003C334,8003C3EB,__CARDGetControlBlock,dolphin/CARDBios.c
8003C3EC,8003C483,cardBiosFn_8003c3ec,dolphin/CARDBios.c
8003C484,8003C503,cardBiosFn_8003c484,dolphin/CARDBios.c
8003C504,8003C5EF,FUN_8003c504,
8003C5F0,8003C65B,FUN_8003c5f0,
8003C65C,8003C6B3,cardCb_8003c65c,
8003C6B4,8003C707,FUN_8003c6b4,
8003C708,8003C75B,FUN_8003c708,
8003C75C,8003C7EB,FUN_8003c75c,
8003C7EC,8003C96B,ReadArrayUnlock,dolphin/CARDUnlock.c
8003C96C,8003C9B7,FUN_8003c96c,dolphin/CARDUnlock.c
8003C9B8,8003CA5F,FUN_8003c9b8,dolphin/CARDUnlock.c
8003CA60,8003CDEF,FUN_8003ca60,dolphin/CARDUnlock.c
8003CDF0,8003CEA3,cardUnlockFn_8003cdf0,dolphin/CARDUnlock.c
8003CEA4,8003D087,cardUnlockFn_8003cea4,dolphin/CARDUnlock.c
8003D088,8003D15B,fn_8003D088,
8003D15C,8003D237,cardRdWrFn_8003d15c,dolphin/CARDRdwr.c
8003D238,8003D30B,fn_8003D238,dolphin/CARDRdwr.c
8003D30C,8003D3E7,cardRdWrFn_8003d30c,dolphin/CARDRdwr.c
8003D3E8,8003D43B,cardBlockFn_8003d3e8,dolphin/CARDBlock.c
8003D43C,8003D553,cardBlockFn_8003d43c,dolphin/CARDBlock.c
8003D554,8003D61F,fn_8003D554,dolphin/CARDBlock.c
8003D620,8003D7A3,cardBlockFn_8003d620,dolphin/CARDBlock.c
8003D7A4,8003D897,cardBlockFn_8003d7a4,dolphin/CARDBlock.c
8003D898,8003D95F,cardBlockFn_8003d898,dolphin/CARDBlock.c
8003D960,8003D9B3,cardDirFn_8003d960,dolphin/CARDDir.c
8003D9B4,8003DAC7,WriteCallback,dolphin/CARDDir.c
8003DAC8,8003DB93,fn_8003DAC8,dolphin/CARDDir.c
8003DB94,8003DC7B,cardDirFn_8003db94,dolphin/CARDDir.c
8003DC7C,8003DD4F,cardCheckFn_8003dc7c,dolphin/CARDCheck.c
8003DD50,8003DEFB,cardCheckFn_8003dd50,dolphin/CARDCheck.c
8003DEFC,8003E07B,cardCheckFn_8003defc,dolphin/CARDCheck.c
8003E07C,8003E217,cardCheckFn_8003e07c,dolphin/CARDCheck.c
8003E218,8003E2EF,__CARDVerify,dolphin/CARDCheck.c
8003E2F0,8003E7FF,cardCheckFn_8003e2f0,dolphin/CARDCheck.c
8003E800,8003E853,FUN_8003e800,
8003E854,8003E87B,FUN_8003e854,
8003E87C,8003EB4B,cardMountFn_8003e87c,dolphin/CARDMount.c
8003EB4C,8003EC87,__CARDMountCallback,dolphin/CARDMount.c
8003EC88,8003EE67,CARDMountAsync,dolphin/CARDMount.c
8003EE68,8003EECB,FUN_8003ee68,dolphin/CARDMount.c
8003EECC,8003EF77,cardMountFn_8003eecc,dolphin/CARDMount.c
8003EF78,8003EFF7,cardMountFn_8003ef78,dolphin/CARDMount.c
8003EFF8,8003F15F,FormatCallback,dolphin/CARDFormat.c
8003F160,8003F487,cardFormatFn_8003f160,dolphin/CARDFormat.c
8003F488,8003F4DB,FUN_8003f488,
8003F4DC,8003F557,__CARDCompareFileName,
8003F558,8003F5E7,FUN_8003f558,
8003F5E8,8003F617,FUN_8003f5e8,
8003F618,8003F6BF,FUN_8003f618,
8003F6C0,8003F807,cardOpenFn_8003f6c0,dolphin/CARDOpen.c
8003F808,8003F90F,cardOpenFn_8003f808,dolphin/CARDOpen.c
8003F910,8003F9CB,cardOpenFn_8003f910,dolphin/CARDOpen.c
8003F9CC,8003F9D3,ret0_8003F9CC,
8003F9D4,8003FB53,CreateCallbackFat,dolphin/CARDCreate.c
8003FB54,8003FE07,CARDCreateAsync,dolphin/CARDCreate.c
8003FE08,8003FE73,FUN_8003fe08,
8003FE74,80040147,__CARDSeek,dolphin/CARDRead.c
80040148,80040317,cardReadCb_80040148,dolphin/CARDRead.c
80040318,800404F3,cardReadFn_80040318,dolphin/CARDRead.c
800404F4,8004055F,FUN_800404f4,
80040560,800406FB,WriteCallback,dolphin/CARDWrite.c
800406FC,800407EB,cardWriteCb_800406fc,dolphin/CARDWrite.c
800407EC,800409C3,cardWriteFn_800407ec,dolphin/CARDWrite.c
800409C4,80040A2F,FUN_800409c4,
80040A30,80040AC3,cardDeleteCb_80040a30,
80040AC4,80040C3B,cardDeleteFn_80040ac4,dolphin/CARDDelete.c
80040C3C,80040C97,FUN_80040c3c,
80040C98,80040DC7,FUN_80040c98,
80040DC8,80040F47,cardStatFn_80040dc8,dolphin/CARDStat.c
80040F48,800411E7,cardRenameFn_80040f48,dolphin/CARDRename.c
800411E8,8004124B,FUN_800411e8,
8004124C,80041253,ret0_8004124C,
80041254,8004125B,ret1_80041254,
8004125C,8004125F,nop_8004125C,
80041260,80041263,nop_80041260,
80041264,8004126B,ret0_80041264,
8004126C,80041273,ret0_8004126C,
80041274,8004127B,ret0_80041274,
8004127C,8004127F,nop_8004127C,
80041280,80041283,nop_80041280,
80041284,800412EB,ClearNotes,musyx/seq.c
800412EC,80041397,ResetNotes,musyx/seq.c
80041398,800413F7,KillNotes,musyx/seq.c
800413F8,800414BF,AllocateNote,musyx/seq.c
800414C0,80041527,FreeNote,musyx/seq.c
80041528,800415FF,HandleNotes,musyx/seq.c
80041600,80041693,KeyOffNotes,musyx/seq.c
80041694,800416FB,seqFreeKeyOffNote,musyx/seq.c
800416FC,8004179B,HandleKeyOffNotes,musyx/seq.c
8004179C,800417A7,InitPublicIds,musyx/seq.c
800417A8,80041847,GetPublicId,musyx/seq.c
80041848,800418C7,seqGetPrivateId,musyx/seq.c
800418C8,800419EB,DoPrgChange,musyx/seq.c
800419EC,80041A47,BuildTransTab,musyx/seq.c
80041A48,8004203F,seqStartPlay,musyx/seq.c
80042040,80042097,SetTickDelta,musyx/seq.c
80042098,80042133,HandleMasterTrack,musyx/seq.c
80042134,800421C7,RewindMTrack,musyx/seq.c
800421C8,80042233,StartPause,musyx/seq.c
80042234,800422DF,seqPause,musyx/seq.c
800422E0,80042433,seqStop,musyx/seq.c
80042434,800424EF,seqSpeed,musyx/seq.c
800424F0,800425F7,seqContinue,musyx/seq.c
800425F8,8004269B,seqMute,musyx/seq.c
8004269C,8004282F,seqVolume,musyx/seq.c
80042830,80042BF3,seqCrossFade,musyx/seq.c
80042BF4,80042CD3,GetStreamValue,musyx/seq.c
80042CD4,80042D3B,InitStream,musyx/seq.c
80042D3C,80042DB7,HandleStream,musyx/seq.c
80042DB8,8004302B,GenerateNextTrackEvent,musyx/seq.c
8004302C,800430AF,InsertGlobalEvent,musyx/seq.c
800430B0,800430CF,GetNextEventTime,musyx/seq.c
800430D0,8004310F,GetGlobalEvent,musyx/seq.c
80043110,800435C3,HandleEvent,musyx/seq.c
800435C4,80043677,InitTrackEvents,musyx/seq.c
80043678,8004373F,InitTrackEventsSection,musyx/seq.c
80043740,8004382F,HandleTrackEvents,musyx/seq.c
80043830,8004385B,FUN_80043830,musyx/seq.c
8004385C,80043A93,seqHandle,musyx/seq.c
80043A94,80043BB3,seqInit,musyx/seq.c
80043BB4,80043BF3,synthSetBpm,musyx/synth.c
80043BF4,80043C2F,synthGetTicksPerSecond,musyx/synth.c
80043C30,80043D03,apply_portamento,musyx/synth.c
80043D04,80043DDF,synthInitPortamento,musyx/synth.c
80043DE0,80044007,do_voice_portamento,musyx/synth.c
80044008,8004407B,check_portamento,musyx/synth.c
8004407C,80044487,StartLayer,musyx/synth.c
80044488,800446DB,StartKeymap,musyx/synth.c
800446DC,80044893,synthStartSound,musyx/synth.c
80044894,800448FB,convert_cents,musyx/synth.c
800448FC,8004491B,UpdateTimeMIDICtrl,musyx/synth.c
8004491C,80045093,LowPrecisionHandler,musyx/synth.c
80045094,8004576B,ZeroOffsetHandler,musyx/synth.c
8004576C,8004591B,EventHandler,musyx/synth.c
8004591C,80045993,synthInitJobQueue,musyx/synth.c
80045994,80045B0F,synthAddJob,musyx/synth.c
80045B10,80045B77,synthStartSynthJobHandling,musyx/synth.c
80045B78,80045BBF,synthForceLowPrecisionUpdate,musyx/synth.c
80045BC0,80045BEF,synthKeyStateUpdate,musyx/synth.c
80045BF0,80045C53,HandleJobQueue,musyx/synth.c
80045C54,80045CCB,HandleVoices,musyx/synth.c
80045CCC,80045D43,HandleFaderTermination,musyx/synth.c
80045D44,80045FCF,synthHandle,musyx/synth.c
80045FD0,800460A3,synthFXStart,musyx/synth.c
800460A4,800461B7,synthFXSetCtrl,musyx/synth.c
800461B8,800462CB,synthFXSetCtrl14,musyx/synth.c
800462CC,80046347,synthFXCloneMidiSetup,musyx/synth.c
80046348,800463DF,synthSendKeyOff,musyx/synth.c
800463E0,800464D3,SetupFader,musyx/synth.c
800464D4,800466DF,synthVolume,musyx/synth.c
800466E0,8004675F,synthIsFadeOutActive,musyx/synth.c
80046760,80046787,synthSetMusicVolumeType,musyx/synth.c
80046788,8004680B,synthHWMessageHandler,musyx/synth.c
8004680C,80046CE3,synthInit,musyx/synth.c
80046CE4,80046D3B,sndSeqStop,musyx/seq_api.c
80046D3C,80046D9B,sndSeqSpeed,musyx/seq_api.c
80046D9C,80046DF3,sndSeqContinue,musyx/seq_api.c
80046DF4,80046E5B,sndSeqMute,musyx/seq_api.c
80046E5C,80046ECB,sndSeqVolume,musyx/seq_api.c
80046ECC,80046F5B,sndSeqGetVolGroup,musyx/seq_api.c
80046F5C,80046F7B,seqGetMIDIPriority,musyx/seq_api.c
80046F7C,80046FF3,sndSynthApiFn_80046f7c,musyx/snd_synthapi.c
80046FF4,8004706B,sndSynthApiFn_80046ff4,musyx/snd_synthapi.c
8004706C,800470D3,sndSynthApiFn_8004706c,musyx/snd_synthapi.c
800470D4,80047163,sndFXStart,musyx/snd_synthapi.c
80047164,800471D3,sndFXCheck,musyx/snd_synthapi.c
800471D4,80047243,sndSynthApiFn_800471d4,musyx/snd_synthapi.c
80047244,800472EF,audioSetMusicSfxVolume,musyx/snd_synthapi.c
800472F0,8004736B,sndSynthApiFn_800472f0,musyx/snd_synthapi.c
8004736C,8004750F,sndSynthApiFn_8004736c,musyx/snd_synthapi.c
80047510,800475F3,sndSynthApiFn_80047510,musyx/snd_synthapi.c
800475F4,8004772F,sndSynthApiFn_800475f4,musyx/snd_synthapi.c
80047730,80047787,sndSynthApiFn_80047788,musyx/snd_synthapi.c
80047788,800477DF,sndSynthApiFn_80047788,musyx/snd_synthapi.c
800477E0,8004783B,streamInit,musyx/
8004783C,80047FE3,FUN_8004783c,musyx/
80047FE4,80047FE7,streamCorrectLoops,musyx/
80047FE8,80048153,dataInsertKeymap,musyx/synthdata.c
80048154,8004823B,dataRemoveKeymap,musyx/synthdata.c
8004823C,800483C3,dataInsertLayer,musyx/synthdata.c
800483C4,800484B3,dataRemoveLayer,musyx/synthdata.c
800484B4,8004861F,dataInsertCurve,musyx/synthdata.c
80048620,80048707,dataRemoveCurve,musyx/synthdata.c
80048708,8004889F,dataInsertSDir,musyx/synthdata.c
800488A0,80048A5B,dataRemoveSDir,musyx/synthdata.c
80048A5C,80048B5F,dataAddSampleReference,musyx/synthdata.c
80048B60,80048C57,dataRemoveSampleReference,musyx/synthdata.c
80048C58,80048D5B,dataInsertFX,musyx/synthdata.c
80048D5C,80048F47,dataInsertMacro,musyx/synthdata.c
80048F48,800490B3,dataRemoveMacro,musyx/synthdata.c
800490B4,800490C3,maccmp,musyx/synthdata.c
800490C4,8004917F,dataGetMacro,musyx/synthdata.c
80049180,8004918F,smpcmp,musyx/synthdata.c
80049190,800492C7,dataGetSample,musyx/synthdata.c
800492C8,800492D7,curvecmp,musyx/synthdata.c
800492D8,8004933F,dataGetCurve,musyx/synthdata.c
80049340,800493A7,dataGetKeymap,musyx/synthdata.c
800493A8,800493B7,layercmp,musyx/synthdata.c
800493B8,80049443,dataGetLayer,musyx/synthdata.c
80049444,80049453,fxcmp,musyx/synthdata.c
80049454,800494F3,dataGetFX,musyx/synthdata.c
800494F4,8004959F,dataInit,musyx/synthdata.c
800495A0,8004960B,SendSingleKeyOff,musyx/synthmacros.c
8004960C,8004969B,ExecuteTrap,musyx/synthmacros.c
8004969C,800496C7,HasHWEventTrap,musyx/synthmacros.c
800496C8,8004973F,CheckHWEventTrap,musyx/synthmacros.c
80049740,80049AB3,mcmdWait,musyx/synthmacros.c
80049AB4,80049AF3,mcmdWaitMs,musyx/synthmacros.c
80049AF4,80049B2F,mcmdEndOfMacro,musyx/synthmacros.c
80049B30,80049B57,mcmdStop,musyx/synthmacros.c
80049B58,80049BAF,mcmdReturn,musyx/synthmacros.c
80049BB0,80049C17,mcmdIfKey,musyx/synthmacros.c
80049C18,80049C83,mcmdIfVelocity,musyx/synthmacros.c
80049C84,80049D03,mcmdIfModulation,musyx/synthmacros.c
80049D04,80049D6F,mcmdIfRandom,musyx/synthmacros.c
80049D70,80049DD3,mcmdGoto,musyx/synthmacros.c
80049DD4,80049E8F,mcmdGosub,musyx/synthmacros.c
80049E90,80049F5B,mcmdTrapEvent,musyx/synthmacros.c
80049F5C,80049FB7,mcmdUntrapEvent,musyx/synthmacros.c
80049FB8,8004A123,mcmdLoop,musyx/synthmacros.c
8004A124,8004A2E7,mcmdPlayMacro,musyx/synthmacros.c
8004A2E8,8004A37F,mcmdSendKeyOff,musyx/synthmacros.c
8004A380,8004A41F,mcmdAddAgeCounter,musyx/synthmacros.c
8004A420,8004A47B,mcmdSetAgeCounter,musyx/synthmacros.c
8004A47C,8004A4B7,mcmdSetAgeCounterSpeed,musyx/synthmacros.c
8004A4B8,8004A53B,mcmdSetAgeCounterByVolume,musyx/synthmacros.c
8004A53C,8004A5B3,mcmdAddPriority,musyx/synthmacros.c
8004A5B4,8004A5EB,mcmdSetPriority,musyx/synthmacros.c
8004A5EC,8004A60F,mcmdSendFlag,musyx/synthmacros.c
8004A610,8004A62B,mcmdSetPitchWheelRange,musyx/synthmacros.c
8004A62C,8004A6AB,mcmdSetKey,musyx/synthmacros.c
8004A6AC,8004A78F,mcmdAddKey,musyx/synthmacros.c
8004A790,8004A847,mcmdLastKey,musyx/synthmacros.c
8004A848,8004AA1B,mcmdStartSample,musyx/synthmacros.c
8004AA1C,8004AA4B,mcmdStopSample,musyx/synthmacros.c
8004AA4C,8004AA9B,mcmdKeyOff,musyx/synthmacros.c
8004AA9C,8004AB23,mcmdSetMod2Vibrato,musyx/synthmacros.c
8004AB24,8004ACCB,mcmdVibrato,musyx/synthmacros.c
8004ACCC,8004AD67,mcmdSetupLFO,musyx/synthmacros.c
8004AD68,8004AF2F,DoSetPitch,musyx/synthmacros.c
8004AF30,8004AF93,mcmdSetPitch,musyx/synthmacros.c
8004AF94,8004B21B,mcmdSetADSR,musyx/synthmacros.c
8004B21C,8004B353,mcmdSetADSRFromCtrl,musyx/synthmacros.c
8004B354,8004B607,mcmdSetPitchADSR,musyx/synthmacros.c
8004B608,8004B6C7,mcmdPitchSweep,musyx/synthmacros.c
8004B6C8,8004B7B7,DoPanningSetup,musyx/synthmacros.c
8004B7B8,8004B7EB,mcmdSetPanning,musyx/synthmacros.c
8004B7EC,8004B81F,mcmdSetSurroundPanning,musyx/synthmacros.c
8004B820,8004B893,mcmdSetPianoPanning,musyx/synthmacros.c
8004B894,8004B91B,TranslateVolume,musyx/synthmacros.c
8004B91C,8004B9FB,mcmdScaleVolume,musyx/synthmacros.c
8004B9FC,8004BA8F,mcmdScaleVolumeDLS,musyx/synthmacros.c
8004BA90,8004BB9B,DoEnvelopeCalculation,musyx/synthmacros.c
8004BB9C,8004BBD7,mcmdEnvelope,musyx/synthmacros.c
8004BBD8,8004BC0B,mcmdFadeIn,musyx/synthmacros.c
8004BC0C,8004BD5B,mcmdRandomKey,musyx/synthmacros.c
8004BD5C,8004BD7F,mcmdSetPitchbendAfterKeyOff,musyx/synthmacros.c
8004BD80,8004BD9B,mcmdScaleReverb,musyx/synthmacros.c
8004BD9C,8004BEDF,SelectSource,musyx/synthmacros.c
8004BEE0,8004BF27,mcmdVolumeSelect,musyx/synthmacros.c
8004BF28,8004BF6F,mcmdPanningSelect,musyx/synthmacros.c
8004BF70,8004BFB7,mcmdPitchWheelSelect,musyx/synthmacros.c
8004BFB8,8004BFFF,mcmdModWheelSelect,musyx/synthmacros.c
8004C000,8004C047,mcmdPedalSelect,musyx/synthmacros.c
8004C048,8004C08F,mcmdPortamentoSelect,musyx/synthmacros.c
8004C090,8004C0D7,mcmdReverbSelect,musyx/synthmacros.c
8004C0D8,8004C11F,mcmdPreAuxASelect,musyx/synthmacros.c
8004C120,8004C167,mcmdPreAuxBSelect,musyx/synthmacros.c
8004C168,8004C1AF,mcmdPostAuxBSelect,musyx/synthmacros.c
8004C1B0,8004C1F7,mcmdSurroundPanningSelect,musyx/synthmacros.c
8004C1F8,8004C23F,mcmdDopplerSelect,musyx/synthmacros.c
8004C240,8004C287,mcmdTremoloSelect,musyx/synthmacros.c
8004C288,8004C30F,mcmdAuxAFXSelect,musyx/synthmacros.c
8004C310,8004C397,mcmdAuxBFXSelect,musyx/synthmacros.c
8004C398,8004C4DF,mcmdPortamento,musyx/synthmacros.c
8004C4E0,8004C56B,varGet32,musyx/synthmacros.c
8004C56C,8004C5A7,varGet,musyx/synthmacros.c
8004C5A8,8004C637,varSet32,musyx/synthmacros.c
8004C638,8004C677,varSet,musyx/synthmacros.c
8004C678,8004C7AF,mcmdVarCalculation,musyx/synthmacros.c
8004C7B0,8004C7FB,mcmdSetVarImmediate,musyx/synthmacros.c
8004C7FC,8004C8DB,mcmdIfVarCompare,musyx/synthmacros.c
8004C8DC,8004C983,macPostMessage,musyx/synthmacros.c
8004C984,8004CAAF,mcmdSendMessage,musyx/synthmacros.c
8004CAB0,8004CB33,mcmdGetMessage,musyx/synthmacros.c
8004CB34,8004CBA3,mcmdGetVID,musyx/synthmacros.c
8004CBA4,8004CBDF,mcmdModeSelect,musyx/synthmacros.c
8004CBE0,8004CC53,mcmdSRCModeSelect,musyx/synthmacros.c
8004CC54,8004CD6F,mcmdSetKeyGroup,musyx/synthmacros.c
8004CD70,8004CD8F,mcmdSetupTremolo,musyx/synthmacros.c
8004CD90,8004D62B,macHandleActive,musyx/synthmacros.c
8004D62C,8004D6FB,macHandle,musyx/synthmacros.c
8004D6FC,8004D7A3,macSampleEndNotify,musyx/synthmacros.c
8004D7A4,8004D897,macSetExternalKeyoff,musyx/synthmacros.c
8004D898,8004D99B,macSetPedalState,musyx/synthmacros.c
8004D99C,8004DA53,TimeQueueAdd,musyx/synthmacros.c
8004DA54,8004DB53,UnYieldMacro,musyx/synthmacros.c
8004DB54,8004DBE7,macMakeActive,musyx/synthmacros.c
8004DBE8,8004DCA7,macMakeInactive,musyx/synthmacros.c
8004DCA8,8004DF77,macStart,musyx/synthmacros.c
8004DF78,8004E007,macInit,musyx/synthmacros.c
8004E008,8004E07F,vidInit,musyx/synthvoice.c
8004E080,8004E0CB,get_vidlist,musyx/synthvoice.c
8004E0CC,8004E0FB,get_newvid,musyx/synthvoice.c
8004E0FC,8004E197,vidRemove,musyx/synthvoice.c
8004E198,8004E2EB,vidRemoveVoiceReferences,musyx/synthvoice.c
8004E2EC,8004E2FF,vidMakeRoot,musyx/synthvoice.c
8004E300,8004E407,vidMakeNew,musyx/synthvoice.c
8004E408,8004E457,vidGetInternalId,musyx/synthvoice.c
8004E458,8004E4D7,voiceInitPrioSort,musyx/synthvoice.c
8004E4D8,8004E5D7,voiceRemovePriority,musyx/synthvoice.c
8004E5D8,8004E7BF,voiceSetPriority,musyx/synthvoice.c
8004E7C0,8004ECE3,voiceAllocate,musyx/synthvoice.c
8004ECE4,8004EE07,voiceFree,musyx/synthvoice.c
8004EE08,8004EEB7,voiceInitFreeList,musyx/synthvoice.c
8004EEB8,8004EEEB,synthInitAllocationAids,musyx/synthvoice.c
8004EEEC,8004EF6B,voiceKill,musyx/synthvoice.c
8004EF6C,8004EFFF,voiceKillSound,musyx/synthvoice.c
8004F000,8004F097,voiceIsLastStarted,musyx/synthvoice.c
8004F098,8004F10F,voiceSetLastStarted,musyx/synthvoice.c
8004F110,8004F1B7,voiceResetLastStarted,musyx/synthvoice.c
8004F1B8,8004F237,voiceInitLastStarted,musyx/synthvoice.c
8004F238,8004F273,sndPitchUpOne,
8004F274,8004F393,sndGetPitch,
8004F394,8004F3CF,adsrGetIndex,musyx/synth_adsr.c
8004F3D0,8004F42B,adsrConvertTimeCents,musyx/synth_adsr.c
8004F42C,8004F69F,salChangeADSRState,musyx/synth_adsr.c
8004F6A0,8004F6D7,adsrSetup,musyx/synth_adsr.c
8004F6D8,8004F837,adsrStartRelease,musyx/synth_adsr.c
8004F838,8004F88B,adsrRelease,musyx/synth_adsr.c
8004F88C,8004FA47,adsrHandle,musyx/synth_adsr.c
8004FA48,8004FAB3,adsrHandleLowPrecision,musyx/synth_adsr.c
8004FAB4,8004FABF,dataInitStack,musyx/s_data.c
8004FAC0,8004FAC3,GetPoolAddr,musyx/s_data.c
8004FAC4,8004FAFB,GetPoolAddr,musyx/s_data.c
8004FAFC,8004FB37,GetMacroAddr,musyx/s_data.c
8004FB38,8004FB73,GetCurveAddr,musyx/s_data.c
8004FB74,8004FBAF,GetKeymapAddr,musyx/s_data.c
8004FBB0,8004FBEB,GetLayerAddr,musyx/s_data.c
8004FBEC,8004FD5B,InsertData,musyx/s_data.c
8004FD5C,8004FDFF,ScanIDList,musyx/s_data.c
8004FE00,8004FE37,InsertMacros,musyx/s_data.c
8004FE38,8004FE6F,InsertCurves,musyx/s_data.c
8004FE70,8004FEA7,InsertKeymaps,musyx/s_data.c
8004FEA8,8004FEDF,InsertLayers,musyx/s_data.c
8004FEE0,8004FF43,InsertSamples,musyx/s_data.c
8004FF44,8004FF7F,InsertFXTab,musyx/s_data.c
8004FF80,80050143,sndPushGroup,musyx/s_data.c
80050144,800502F3,seqPlaySong,musyx/s_data.c
800502F4,8005033F,sndSeqPlayEx,musyx/s_data.c
80050340,800508A7,salInitDspCtrl,musyx/hw_dspctrl.c
800508A8,800508DF,salInitHRTFBuffer,musyx/hw_dspctrl.c
800508E0,80050B17,salActivateStudio,musyx/hw_dspctrl.c
80050B18,80050B37,salDeactivateStudio,musyx/hw_dspctrl.c
80050B38,80050B67,sal_setup_dspvol,musyx/hw_dspctrl.c
80050B68,80050BEF,sal_update_hostplayinfo,musyx/hw_dspctrl.c
80050BF0,80050C4B,AddDpop,musyx/hw_dspctrl.c
80050C4C,80050CFB,DoDepopFade,musyx/hw_dspctrl.c
80050CFC,80050E1B,HandleDepopVoice,musyx/hw_dspctrl.c
80050E1C,80050F27,SortVoices,musyx/hw_dspctrl.c
80050F28,80053107,salBuildCommandList,musyx/hw_dspctrl.c
80053108,8005314F,salSynthSendMessage,musyx/hw_dspctrl.c
80053150,800531FB,salActivateVoice,musyx/hw_dspctrl.c
800531FC,80053263,salDeactivateVoice,musyx/hw_dspctrl.c
80053264,8005331B,salAddStudioInput,musyx/hw_dspctrl.c
8005331C,800533BF,salRemoveStudioInput,musyx/hw_dspctrl.c
800533C0,800534EF,salHandleAuxProcessing,musyx/hw_dspctrl.c
800534F0,800536CF,CalcBus,musyx/hw_volconv.c
800536D0,8005393B,CalcBusDPL2,musyx/hw_volconv.c
8005393C,80053BCF,salCalcVolume,musyx/hw_volconv.c
80053BD0,80053C53,FUN_80053bd0,musyx/hw_volconv.c
80053C54,80053C5B,fabs,
80053C5C,80053D53,UpdateRoomDistances,musyx/snd3d.c
80053D54,8005417B,CheckRoomStatus,musyx/snd3d.c
8005417C,800541FB,CalcDoorParameters,musyx/snd3d.c
800541FC,8005434B,CheckDoorStatus,musyx/snd3d.c
8005434C,80054817,CalcEmitter,musyx/snd3d.c
80054818,8005482B,clip127,musyx/snd3d.c
8005482C,80054843,clip3FFF,musyx/snd3d.c
80054844,800549FB,SetFXParameters,musyx/snd3d.c
800549FC,80054A83,EmitterShutdown,musyx/snd3d.c
80054A84,80054ADF,sndCheckEmitter,musyx/snd3d.c
80054AE0,80054B33,sndRemoveEmitter,musyx/snd3d.c
80054B34,80054B4F,ClearStartList,musyx/snd3d.c
80054B50,80054C8B,AddRunningEmitter,musyx/snd3d.c
80054C8C,80054E4F,AddStartingEmitter,musyx/snd3d.c
80054E50,8005504F,StartContinousEmitters,musyx/snd3d.c
80055050,8005538F,s3dHandle,musyx/snd3d.c
80055390,800553D3,s3dInit,musyx/snd3d.c
800553D4,8005546B,DoInit,musyx/snd_init.c
8005546C,8005555F,sndInit,musyx/snd_init.c
80055560,80055603,sndSetMaxVoices,musyx/snd_init.c
80055604,8005560B,sndIsInstalled,musyx/snd_init.c
8005560C,800556B7,salApplyMatrix,musyx/snd_math.c
800556B8,80055743,salNormalizeVector,musyx/snd_math.c
80055744,8005579F,inpResetGlobalMIDIDirtyFlags,musyx/snd_midictrl.c
800557A0,80055853,inpResetGlobalMIDIDirtyFlag,musyx/snd_midictrl.c
80055854,800558D7,inpSetGlobalMIDIDirtyFlag,musyx/snd_midictrl.c
800558D8,800559E3,inpSetRPNHi,musyx/snd_midictrl.c
800559E4,800559E7,inpSetRPNLo,musyx/snd_midictrl.c
800559E8,80055AF7,inpSetRPNDec,musyx/snd_midictrl.c
80055AF8,80055C0B,inpSetRPNInc,musyx/snd_midictrl.c
80055C0C,80055EA7,inpSetMidiCtrl,musyx/snd_midictrl.c
80055EA8,80055FC7,inpSetMidiCtrl14,musyx/snd_midictrl.c
80055FC8,800560BB,inpResetMidiCtrl,musyx/snd_midictrl.c
800560BC,80056433,inpGetMidiCtrl,musyx/snd_midictrl.c
80056434,8005646F,inpGetChannelDefaults,musyx/snd_midictrl.c
80056470,800564C3,inpResetChannelDefaults,musyx/snd_midictrl.c
800564C4,80056567,inpAddCtrl,musyx/snd_midictrl.c
80056568,8005672B,inpFXCopyCtrl,musyx/snd_midictrl.c
8005672C,8005676F,inpSetMidiLastNote,musyx/snd_midictrl.c
80056770,800567B3,inpGetMidiLastNote,musyx/snd_midictrl.c
800567B4,800567F7,FUN_800567b4,musyx/snd_midictrl.c
800567F8,8005683B,FUN_800567f8,musyx/snd_midictrl.c
8005683C,80056D2B,_GetInputValue,musyx/snd_midictrl.c
80056D2C,80056D8F,GetInputValue,musyx/snd_midictrl.c
80056D90,80056DF7,GetGlobalInputValue,musyx/snd_midictrl.c
80056DF8,80056E2F,inpGetVolume,musyx/snd_midictrl.c
80056E30,80056E67,inpGetPanning,musyx/snd_midictrl.c
80056E68,80056E9F,inpGetSurPanning,musyx/snd_midictrl.c
80056EA0,80056ED7,inpGetPitchBend,musyx/snd_midictrl.c
80056ED8,80056F0F,inpGetDoppler,musyx/snd_midictrl.c
80056F10,80056F47,inpGetModulation,musyx/snd_midictrl.c
80056F48,80056F7F,inpGetPedal,musyx/snd_midictrl.c
80056F80,80056FB7,inpGetPortamento,musyx/snd_midictrl.c
80056FB8,80056FEF,inpGetPreAuxA,musyx/snd_midictrl.c
80056FF0,80057027,inpGetReverb,musyx/snd_midictrl.c
80057028,8005705F,inpGetPreAuxB,musyx/snd_midictrl.c
80057060,80057097,inpGetPostAuxB,musyx/snd_midictrl.c
80057098,800570CF,inpGetTremolo,musyx/snd_midictrl.c
800570D0,80057143,inpGetAuxA,musyx/snd_midictrl.c
80057144,800571B7,inpGetAuxB,musyx/snd_midictrl.c
800571B8,800573E7,inpInit,musyx/snd_midictrl.c
800573E8,80057457,inpTranslateExCtrl,musyx/snd_midictrl.c
80057458,800574F7,inpGetExCtrl,musyx/snd_midictrl.c
800574F8,8005758F,inpSetExCtrl,musyx/snd_midictrl.c
80057590,800575AF,sndRand,musyx/snd_service.c
800575B0,80057637,sndSin,musyx/snd_service.c
80057638,800576DF,sndBSearch,musyx/snd_service.c
800576E0,800576EF,sndConvertMs,musyx/snd_service.c
800576F0,8005773B,sndConvertTicks,musyx/snd_service.c
8005773C,80057743,sndConvert2Ms,musyx/snd_service.c
80057744,80057867,snd_handle_irq,musyx/hardware.c
80057868,80057997,hwInit,musyx/hardware.c
80057998,8005799F,hwSetTimeOffset,musyx/hardware.c
800579A0,800579A7,hwGetTimeOffset,musyx/hardware.c
800579A8,800579CF,hwIsActive,musyx/hardware.c
800579D0,800579D7,hwSetMesgCallback,musyx/hardware.c
800579D8,800579EB,hwSetPriority,musyx/hardware.c
800579EC,80057BFB,hwInitSamplePlayback,musyx/hardware.c
80057BFC,80057C97,hwBreak,musyx/hardware.c
80057C98,80057CBF,hwBreak,musyx/hardware.c
80057CC0,80057E9B,hwSetADSR,musyx/hardware.c
80057E9C,80057EEF,hwStart,musyx/hardware.c
80057EF0,80057F17,hwKeyOff,musyx/hardware.c
80057F18,80057FA3,hwSetPitch,musyx/hardware.c
80057FA4,80057FDF,hwSetSRCType,musyx/hardware.c
80057FE0,8005801B,hwSetPolyPhaseFilter,musyx/hardware.c
8005801C,8005805F,SetupITD,musyx/hardware.c
80058060,800580C7,hwSetITDMode,musyx/hardware.c
800580C8,800583C7,hwSetVolume,musyx/hardware.c
800583C8,800583FB,hwOff,musyx/hardware.c
800583FC,8005845F,hwSetAUXProcessingCallbacks,musyx/hardware.c
80058460,80058497,hwActivateStudio,musyx/hardware.c
80058498,800584BF,hwDeactivateStudio,musyx/hardware.c
800584C0,800584FF,hwAddInput,musyx/hardware.c
80058500,8005853F,hwChangeStudio,musyx/hardware.c
80058540,80058657,hwGetPos,musyx/hardware.c
80058658,800586D7,hwFlushStream,musyx/hardware.c
800586D8,80058703,hwGetStreamPlayBuffer,musyx/hardware.c
80058704,80058707,hwTransAddr,musyx/hardware.c
80058708,80058773,hwFrq2Pitch,musyx/hardware.c
80058774,800587C7,hwInitSampleMem,musyx/hardware.c
800587C8,8005880F,convert_length,musyx/hardware.c
80058810,80058873,hwSaveSample,musyx/hardware.c
80058874,800588CB,hwRemoveSample,musyx/hardware.c
800588CC,800588EB,hwSyncSampleMem,musyx/hardware.c
800588EC,800588EF,hwFrameDone,musyx/hardware.c
800588F0,80058903,sndSetHooks,musyx/hardware.c
80058904,80058937,hwEnableHRTF,musyx/hardware.c
80058938,80058943,hwDisableHRTF,musyx/hardware.c
80058944,80058953,aramQueueInit,musyx/hw_aramdma.c
80058954,80058963,aramQueueCallback,musyx/hw_aramdma.c
80058964,80058B07,aramUploadData,musyx/hw_aramdma.c
80058B08,80058B17,aramSyncTransferQueue,musyx/hw_aramdma.c
80058B18,80058C1B,aramInit,musyx/hw_aramdma.c
80058C1C,80058C23,aramGetZeroBuffer,musyx/hw_aramdma.c
80058C24,80058CEF,aramStoreData,musyx/hw_aramdma.c
80058CF0,80058D5B,aramRemoveData,musyx/hw_aramdma.c
80058D5C,80058DDB,InitStreamBuffers,musyx/hw_aramdma.c
80058DDC,80058E63,aramGetStreamBufferAddress,musyx/hw_aramdma.c
80058E64,80058EDB,salCallback,musyx/hw_dolphin.c
80058EDC,80058F27,callUserCallback,musyx/hw_dolphin.c
80058F28,80058F3B,dspInitCallback,musyx/hw_dolphin.c
80058F3C,80058F77,dspResumeCallback,musyx/hw_dolphin.c
80058F78,80059053,salInitAi,musyx/hw_dolphin.c
80059054,80059073,salStartAi,musyx/hw_dolphin.c
80059074,800590B3,salAiGetDest,musyx/hw_dolphin.c
800590B4,8005917F,salInitDsp,musyx/hw_dolphin.c
80059180,80059203,salStartDsp,musyx/hw_dolphin.c
80059204,8005923B,salCtrlDsp,musyx/hw_dolphin.c
8005923C,80059283,salGetStartDelay,musyx/hw_dolphin.c
80059284,800592AF,hwInitIrq,musyx/hw_dolphin.c
800592B0,800592E7,hwEnableIrq,musyx/hw_dolphin.c
800592E8,8005931F,hwDisableIrq,musyx/hw_dolphin.c
80059320,8005933F,hwIRQEnterCritical,musyx/hw_dolphin.c
80059340,8005935F,hwIRQLeaveCritical,musyx/hw_dolphin.c
80059360,8005938F,salMalloc,musyx/hw_memory.c
80059390,800593C3,salFree,musyx/hw_memory.c
800593C4,8005944F,sndAuxCallbackReverbHI,musyx/reverb_fx.c
80059450,8005949F,sndAuxCallbackUpdateSettingsReverbHI,musyx/reverb_fx.c
800594A0,800594D3,DLsetdelay,musyx/reverb.c
800594D4,80059547,DLcreate,musyx/reverb.c
80059548,80059913,ReverbHICreate,musyx/reverb.c
80059914,80059AA3,DoCrossTalk,musyx/reverb.c
80059AA4,80059FAF,HandleReverb,musyx/reverb.c
80059FB0,8005A097,ReverbHICallback,musyx/reverb.c
8005A098,8005A22F,do_src1,musyx/chorus_fx.c
8005A230,8005A41B,do_src2,musyx/chorus_fx.c
8005A41C,8005A66B,sndAuxCallbackChorus,musyx/chorus_fx.c
8005A66C,8005A6F3,sndAuxCallbackUpdateSettingsChorus,musyx/chorus_fx.c
8005A6F4,8005A857,sndAuxCallbackPrepareChorus,musyx/chorus_fx.c
8005A858,8005A8E3,FUN_8005a858,amc/AmcExi.c
8005A8E4,8005AA8F,AmcExiFn_8005a8e4,amc/AmcExi.c
8005AA90,8005AB1B,AmcExiFn_8005aa90,amc/AmcExi.c
8005AB1C,8005AB6F,FUN_8005ab1c,amc/AmcExi.c
8005AB70,8005ABD7,FUN_8005ab70,amc/AmcExi.c
8005ABD8,8005ABE7,FUN_8005abd8,amc/AmcExi.c
8005ABE8,8005ACBB,amcExiFreqFn_8005abe8,amc/AmcExi.c
8005ACBC,8005AD37,FUN_8005acbc,
8005AD38,8005AD8F,debugIrqHandler,
8005AD90,8005ADCF,FUN_8005ad90,
8005ADD0,8005AE0F,FUN_8005add0,
8005AE10,8005AE47,FUN_8005ae10,
8005AE48,8005AE93,debugCb_8005ae48,
8005AE94,8005AEDB,selectExi2port,
8005AEDC,8005AF17,FUN_8005aedc,
8005AF18,8005AF5B,FUN_8005af18,
8005AF5C,8005AFEB,exiFn_8005af5c,
8005AFEC,8005B01F,FUN_8005afec,
8005B020,8005B0C7,FUN_8005b020,
8005B0C8,8005B117,EXI2_Init,
8005B118,8005B143,debugInitFn_8005b118,
8005B144,8005B1DB,EXI2_Poll,
8005B1DC,8005B2FB,EXI2_ReadN,
8005B2FC,8005B463,EXI2_WriteN,
8005B464,8005B467,nop_8005B464,
8005B468,8005B46B,nop_8005B468,
8005B46C,8005B55F,__va_arg,
8005B560,8005B5A7,callShutdownFuncs,
8005B5A8,8005B5DB,__unregister_fragment,
8005B5DC,8005B617,__register_fragment,
8005B618,8005B673,__cvt_fp2unsigned,
8005B674,8005B677,_savefpr_14,
8005B678,8005B67B,_savefpr_15,
8005B67C,8005B67F,_savefpr_16,
8005B680,8005B683,_savefpr_17,
8005B684,8005B687,_savefpr_18,
8005B688,8005B68B,_savefpr_19,
8005B68C,8005B68F,_savefpr_20,
8005B690,8005B693,_savefpr_21,
8005B694,8005B697,_savefpr_22,
8005B698,8005B69B,_savefpr_23,
8005B69C,8005B69F,_savefpr_24,
8005B6A0,8005B6A3,_savefpr_25,
8005B6A4,8005B6A7,_savefpr_26,
8005B6A8,8005B6AB,_savefpr_27,
8005B6AC,8005B6AF,_savefpr_28,
8005B6B0,8005B6B3,_savefpr_29,
8005B6B4,8005B6B7,_savefpr_30,
8005B6B8,8005B6BF,_savefpr_31,
8005B6C0,8005B6C3,_restfpr_14,
8005B6C4,8005B6C7,_restfpr_15,
8005B6C8,8005B6CB,_restfpr_16,
8005B6CC,8005B6CF,_restfpr_17,
8005B6D0,8005B6D3,_restfpr_18,
8005B6D4,8005B6D7,_restfpr_19,
8005B6D8,8005B6DB,_restfpr_20,
8005B6DC,8005B6DF,_restfpr_21,
8005B6E0,8005B6E3,_restfpr_22,
8005B6E4,8005B6E7,_restfpr_23,
8005B6E8,8005B6EB,_restfpr_24,
8005B6EC,8005B6EF,_restfpr_25,
8005B6F0,8005B6F3,_restfpr_26,
8005B6F4,8005B6F7,_restfpr_27,
8005B6F8,8005B6FB,_restfpr_28,
8005B6FC,8005B6FF,_restfpr_29,
8005B700,8005B703,_restfpr_30,
8005B704,8005B70B,_restfpr_31,
8005B70C,8005B7F7,__div2u,
8005B7F8,8005B92F,__div2i,
8005B930,8005BA13,__mod2u,
8005BA14,8005BA37,FUN_8005ba14,
8005BA38,8005BA5B,FUN_8005ba38,
8005BA5C,8005BA83,__shr2i,
8005BA84,8005BB37,__cvt_sll_flt,
8005BB38,8005BBD7,u64ToDouble,
8005BBD8,8005BCA3,__cvt_dbl_usll,
8005BCA4,8005BCAB,getR2,
8005BCAC,8005BCDF,__fini_cpp_exceptions,
8005BCE0,8005BD1F,__init_cpp_exceptions,
8005BD20,8005BD47,TRKHandleRequestEvent,
8005BD48,8005BD67,TRKHandleSupportEvent,
8005BD68,8005BD93,TRKIdle,
8005BD94,8005BE87,trkMainLoop,
8005BE88,8005BEE3,TRKInitializeEventQueue,
8005BEE4,8005BF07,copy_12_bytes,
8005BF08,8005BFC7,TRKGetNextEvent,
8005BFC8,8005C0A7,FUN_8005bfc8,
8005C0A8,8005C0BF,FUN_8005c0a8,
8005C0C0,8005C0E3,TRKDestructEvent,
8005C0E4,8005C1B7,TRKInitializeNub,
8005C1B8,8005C1DB,checkDebugFn_8005c1b8,
8005C1DC,8005C203,TRKNubWelcome,
8005C204,8005C277,TRKInitializeEndian,
8005C278,8005C29F,FUN_8005c278,
8005C2A0,8005C2A7,FUN_8005c2a0,
8005C2A8,8005C31F,TRKInitializeMessageBuffers,
8005C320,8005C3BB,FUN_8005c320,
8005C3BC,8005C3E7,TRKGetBuffer,
8005C3E8,8005C44F,FUN_8005c3e8,
8005C450,8005C48F,FUN_8005c450,
8005C490,8005C4BF,TRKSetBufferPosition,
8005C4C0,8005C563,TRKAppendBuffer,
8005C564,8005C5EF,TRKReadBuffer,
8005C5F0,8005C643,FUN_8005c5f0,
8005C644,8005C6A7,FUN_8005c644,
8005C6A8,8005C72F,FUN_8005c6a8,
8005C730,8005C797,TRKAppendBuffer_ui8,
8005C798,8005C813,FUN_8005c798,
8005C814,8005C837,FUN_8005c814,
8005C838,8005C8B7,FUN_8005c838,
8005C8B8,8005C947,FUN_8005c8b8,
8005C948,8005C9F7,FUN_8005c948,
8005C9F8,8005CA6B,FUN_8005c9f8,
8005CA6C,8005CAE7,FUN_8005ca6c,
8005CAE8,8005CBB7,FUN_8005cae8,
8005CBB8,8005CC33,TRKGetInput,
8005CC34,8005CC83,FUN_8005cc34,
8005CC84,8005CCA7,TRKInitializeSerialHandler,
8005CCA8,8005CCAF,ret0_8005CCA8,
8005CCB0,8005CCB3,nop_8005CCB0,
8005CCB4,8005CCC7,TRKInitializeDispatcher,
8005CCC8,8005CD4B,FUN_8005ccc8,
8005CD4C,8005CDE3,trkSend2chars,
8005CDE4,8005CE33,FUN_8005cde4,
8005CE34,8005CE67,FUN_8005ce34,
8005CE68,8005CE8F,FUN_8005ce68,
8005CE90,8005CEB7,FUN_8005ce90,
8005CEB8,8005CF07,FUN_8005ceb8,
8005CF08,8005CF37,FUN_8005cf08,
8005CF38,8005D0BB,FUN_8005cf38,
8005D0BC,8005D197,FUN_8005d0bc,
8005D198,8005D3DB,FUN_8005d198,
8005D3DC,8005D5A7,FUN_8005d3dc,
8005D5A8,8005D787,FUN_8005d5a8,
8005D788,8005D993,FUN_8005d788,
8005D994,8005DB8F,FUN_8005d994,
8005DB90,8005DCE7,FUN_8005db90,
8005DCE8,8005DD4B,FUN_8005dce8,
8005DD4C,8005DF5F,FUN_8005dd4c,
8005DF60,8005DFB7,FUN_8005df60,
8005DFB8,8005E28F,trkFn_8028ac30,
8005E290,8005E433,trkFn_8028aa8c,
8005E434,8005E43B,ret0_8005E434,
8005E43C,8005E443,ret0_8005E43C,
8005E444,8005E44B,ret0_8005E444,
8005E44C,8005E523,FUN_8005e44c,
8005E524,8005E55B,TRK_flush_cache,
8005E55C,8005E563,FUN_8005e55c,
8005E564,8005E56B,FUN_8005e564,
8005E56C,8005E6A3,trkMemCheck,
8005E6A4,8005E6DF,TRK_ppc_memcpy,
8005E6E0,8005E843,TRKTargetAccessMemory,
8005E844,8005E88F,FUN_8005e844,
8005E890,8005E98B,TRKTargetAccessDefault,
8005E98C,8005EAD3,trkTargetAccess64,
8005EAD4,8005EC4B,TRKTargetAccessExtended1,
8005EC4C,8005EDC7,trkTargetAccess64,
8005EDC8,8005EDEF,FUN_8005edc8,
8005EDF0,8005EE93,FUN_8005edf0,
8005EE94,8005EEFB,FUN_8005ee94,
8005EEFC,8005F1DB,TRKLoadContext,
8005F1DC,8005F2F3,threadFn_8028b354,
8005F2F4,8005F357,TRKTargetInterrupt,
8005F358,8005F3E7,FUN_8005f358,
8005F3E8,8005F46F,FUN_8005f3e8,
8005F470,8005F4AB,FUN_8005f470,
8005F4AC,8005F52F,FUN_8005f4ac,
8005F530,8005F59F,FUN_8005f530,
8005F5A0,8005F607,FUN_8005f5a0,
8005F608,8005F64B,FUN_8005f608,
8005F64C,8005F693,FUN_8005f64c,
8005F694,8005F6A3,FUN_8005f694,
8005F6A4,8005F793,FUN_8005f6a4,
8005F794,8005F7CF,FUN_8005f794,
8005F7D0,8005F7DF,FUN_8005f7d0,
8005F7E0,8005F7EF,FUN_8005f7e0,
8005F7F0,8005F817,FUN_8005f7f0,
8005F818,8005F8C7,FUN_8005f818,
8005F8C8,8005F93F,FUN_8005f8c8,
8005F940,8005FABF,FUN_8005f940,
8005FAC0,8005FB27,FUN_8005fac0,
8005FB28,8005FB37,TRKTargetSetInputPendingPtr,
8005FB38,8005FBCB,InitMetroTRK_BBA,
8005FBCC,8005FBEB,debugInitFn_8005fbcc,
8005FBEC,8005FBF7,FUN_8005fbec,
8005FBF8,8005FC57,FUN_8005fbf8,
8005FC58,8005FCEB,FUN_8005fc58,
8005FCEC,8005FD2B,TRKInitializeTarget,
8005FD2C,8005FEE3,trkSaveCurContext,
8005FEE4,8006009B,TRKRestoreExtended1Block,
8006009C,800600A3,ret0x54_8006009C,
800600A4,800600EB,TRK_main,
800600EC,80060173,TRKLoadContext,
80060174,800601AB,TRKEXICallBack,
800601AC,80060293,setDebugFuncPtrs,
80060294,80060297,nop_80060294,
80060298,800602D7,TRKInitializeIntDrivenUART,
800602D8,80060307,debugInitFn_800602d8,
80060308,80060337,FUN_80060308,
80060338,8006037B,FUN_80060338,
8006037C,800603BF,FUN_8006037c,
800603C0,800603EF,FUN_800603c0,
800603F0,8006041F,FUN_800603f0,
80060420,80060443,TRK_board_display,
80060444,80060477,FUN_80060444,
80060478,8006056F,exit,
80060584,80060937,FUN_80060584,
80060938,80060A03,__flush_buffer,
80060A04,80060A37,__prep_buffer,
80060A38,80060A3B,nop_80060A38,
80060A3C,80060A63,chrToLower,
80060A64,80060D3F,osReportFn_80060a64,
80060D40,80060D7B,wcstombs,
80060D7C,80060DBF,memcmp,
80060DC0,80060DEB,memchr,
80060DEC,80060EC7,memmove,
80060EC8,80060F77,FUN_80060ec8,
80060F78,8006103B,FUN_80060f78,
8006103C,800610E7,FUN_8006103c,
800610E8,800611A3,FUN_800610e8,
800611A4,800611A7,nop_800611A4,
800611A8,8006127B,sprintf,
8006127C,800612F3,snprintf,
800612F4,8006136F,vprintf,
80061370,8006143B,trkPrintf,
8006143C,800614A7,strFmtFn_8006143c,
800614A8,800614FF,osReportFn_800614a8,
80061500,80061B2F,strFmtFn_80061500,
80061B30,80062167,float2str,
80062168,8006229B,round_decimal,
8006229C,8006257B,trkStrFmtFn_8006229c,
8006257C,8006279F,trkStrFmtFn_8006257c,
800627A0,80062C77,_printf_interpretFmt,
80062C78,80062C7F,FUN_80062c78,
80062C80,80062CA3,FUN_80062c80,
80062CA4,80062D0F,strcmp,
80062D10,80062D3F,strchr,
80062D40,80062D7F,strncmp,
80062D80,80062EA3,strcmp,
80062EA4,80062ECF,strcat,
80062ED0,80062F13,strncpy,
80062F14,80062FC7,strcpy,
80062FC8,80062FE7,strlen,
80062FE8,80062FEF,fn_80062FE8,
80062FF0,80063087,FUN_80062ff0,
80063088,80063167,fn_80063088,
80063168,800631E7,fwide,
800631E8,80063283,frexp,
80063284,8006332B,FUN_80063284,
8006332C,8006336F,mathFn_802947cc,
80063370,8006338F,IFFifoAlloc,
80063390,800633AF,mathFn_80063390,
800633B0,80063543,cosf,
80063544,800636E7,sinf,
800636E8,80063717,preInit_800636e8,
80063718,80063E93,powf,
80063E94,80063EAF,s16toDouble,
80063EB0,80063ECB,doubleToS16,
80063ECC,80063EE7,mathFn_80291e08,
80063EE8,80063FEB,maybeDoubleToFloat,
80063FEC,800640FB,angleFn_802924b4,
800640FC,800641F7,FUN_800640fc,
800641F8,8006423B,vec3f_normalize,
8006423C,80064263,vec3f_scale,
80064264,8006428B,vec3f_getSumOfSquares,
8006428C,80064303,mathFn_80292cc4,
80064304,80064387,trigFn_80292d3c,
80064388,800643AB,rand,
800643AC,800643B3,srand,
800643B4,800644C7,angleToVec2,
800644C8,8006451B,sqrt,
8006451C,8006455B,distanceFn_802931f4,
8006455C,80064663,angleFn_80293234,
80064664,8006478B,fcos16,
8006478C,800648D3,mathFn_80293464,
800648D4,800649DB,angleFn_8029374c,
800649DC,80064B03,fsin16,
80064B04,80064C4B,FUN_80064b04,
80064C4C,80064D7B,FUN_80064c4c,
80064D7C,80064E77,distanceFn_80293e80,
80064E78,80064FE3,trigFn_80294098,
80064FE4,800650CB,mathFn_80294204,
800650CC,80065223,mathFn_802943f4,
80065224,800652B7,loadLfxAction,
800652B8,80065353,loadLfxAction1,
80065354,800653AF,FUN_80065354,
800653B0,800655CB,switchD_800653f8_caseD_8,
800655CC,800657D7,switchD_80065614_switchD,
800657D8,80065FF7,FUN_800657d8,
80065FF8,800661BB,FUN_80065ff8,
800661BC,8006719B,modelAnimFn_80006e34,
8006664C,8006673B,FUN_8006664c,
8006673C,8006698B,animDecompress,
8006698C,80066BD7,FUN_8006698c,
8006719C,800671A3,ret0xFFFF_8006719C,
800671A4,800671C7,FUN_800671a4,
800671C8,800671CB,nop_800671C8,
800671CC,80067323,loadEnvfxAction,
80067324,80067483,loadEnvfxAction1,
80067484,8006752F,concatThreeStrings,
80067530,8006759F,GetFreeActiveSound,
800675A0,8006761F,GetActiveFromVoiceID,
80067620,8006768B,FUN_80067620,
8006768C,80067717,_audioStopSfx,
80067718,80067747,musyxAlloc,
80067748,8006776F,musyxFree,
80067770,80067A2F,audioStreamMathFn_80067770,
80067A30,80067D3B,audioInit,
80067D3C,80067D8B,streamCancelCb_80067d3c,
80067D8C,80067F03,getTable,
80067F04,80067F8B,debugAudioNextStream,
80067F8C,800680B3,amAudioTick,
800680B4,800680BF,audioDisable,
800680C0,800680CB,audioEnable,
800680CC,800680D3,set_audioFlag_80398751,
800680D4,80068123,audioIsStreamBlocked,
80068124,800684B7,audioPlaySong,
800684B8,80068577,audioStopSong,
80068578,800685E7,audioStopAllSongs,
800685E8,8006873F,audioStartSfx,
80068740,8006880F,FUN_80068740,
80068810,8006887B,audioStopSfx,
8006887C,800688BB,FUN_8006887c,
800688BC,80068947,audioSfxFn_800688bc,
80068948,800689DB,audioTryStartSfx,
800689DC,80068A9B,FUN_800689dc,
80068A9C,80068B1F,FUN_80068a9c,
80068B20,80068B63,FUN_80068b20,
80068B64,80068BC7,_audioCancelStream,
80068BC8,80068C1F,audioStreamCb_80068bc8,
80068C20,80068D3B,audioPlayStream,
80068D3C,80068D93,audioStreamCb_80068d3c,
80068D94,80068DFB,stopStream_80068d94,
80068DFC,80068DFF,bootCheckStack,
80068E00,80068ED3,FUN_80068e00,
80068ED4,80068EDB,setFovY,
80068EDC,80068EE3,getFovY,
80068EE4,80068EEB,setViewportAspect,
80068EEC,80068EF3,FUN_80068eec,
80068EF4,80068F17,FUN_80068ef4,
80068F18,80068F1F,getViewportNear,
80068F20,80068F4B,setViewportFar,
80068F4C,80068F53,getViewportFar,
80068F54,8006901B,resetPerspectiveMtxs,
8006901C,80069023,FUN_8006901c,
80069024,8006902B,FUN_80069024,
8006902C,80069037,enableCameraYOffset,
80069038,80069043,disableCameraYOffset,
80069044,8006905B,getCurCamera,
8006905C,8006925F,updateViewMatrix,
80069260,8006926B,FUN_80069260,
8006926C,80069277,getCameraMtxs,
80069278,80069283,FUN_80069278,
80069284,800692B7,FUN_80069284,
800692B8,800692F7,setCurCameraRot,
800692F8,8006934B,FUN_800692f8,
8006934C,80069407,FUN_8006934c,
80069408,8006956F,FUN_80069408,
80069570,800695C7,setPlayerNo,
800695C8,8006962B,camEnableUserView,
8006962C,8006968F,camDisableUserView,
80069690,80069837,screenRectFn_80069690,
80069838,800698B3,FUN_80069838,
800698B4,80069AF7,cameraFn_800698b4,
80069AF8,80069CA3,gxResetScissor,
80069CA4,80069F9F,updateViewMtx,
80069FA0,8006A2D7,viewportFn_80069fa0,
8006A2D8,8006A43F,vecMultByPerspectiveMtx,
8006A440,8006A55F,viewportCoordsToPixel,
8006A560,8006A627,resetViewports,
8006A628,8006A753,FUN_8006a628,
8006A754,8006A90B,FUN_8006a754,
8006A90C,8006A9DF,debugMoveCamera,
8006A9E0,8006ABCB,FUN_8006a9e0,
8006ABCC,8006ACB7,FUN_8006abcc,
8006ACB8,8006AD97,debugRotateCamera,
8006AD98,8006ADA3,FUN_8006ad98,
8006ADA4,8006ADAF,FUN_8006ada4,
8006ADB0,8006ADBB,FUN_8006adb0,
8006ADBC,8006AE4F,getCameraDepth,
8006AE50,8006AE93,FUN_8006ae50,
8006AE94,8006AEEB,FUN_8006ae94,
8006AEEC,8006AF33,FUN_8006aeec,
8006AF34,8006B11B,updateViewport,
8006B11C,8006B183,FUN_8006b11c,
8006B184,8006B317,FUN_8006b184,
8006B318,8006B34B,FUN_8006b318,
8006B34C,8006B3D3,addWorldMtx,
8006B3D4,8006B40B,FUN_8006b3d4,
8006B40C,8006B57B,FUN_8006b40c,
8006B57C,8006B60F,objMultPosByMtx,
8006B610,8006B6AB,multVectorByObjMtx,
8006B6AC,8006B747,multVectorByObjMtx2,
8006B748,8006B7E3,objMtxFn_8006b748,
8006B7E4,8006B87F,FUN_8006b7e4,
8006B880,8006B957,cameraUpdateRot,
8006B958,8006B9DB,vecMtxMultFn_8000dd74,
8006B9DC,8006BACF,FUN_8006b9dc,
8006BAD0,8006BB9F,fn_8006BAD0,
8006BBA0,8006BC2F,FUN_8006bba0,
8006BC30,8006BC9F,curveFn_80010d54,
8006BCA0,8006BD2F,fn_8006BCA0,
8006BD30,8006BDAB,FUN_8006bd30,
8006BDAC,8006BE8B,FUN_8006bdac,
8006BE8C,8006BF4F,fn_8006BE8C,
8006BF50,8006BF67,FUN_8006bf50,
8006BF68,8006C15F,curvesMove,
8006C160,8006C2C7,curvesMoveSetupNetworkCurve,
8006C2C8,8006C90B,FUN_8006c2c8,
8006C90C,8006CB8B,FUN_8006c90c,
8006CB8C,8006CF3B,FUN_8006cb8c,
8006CF3C,8006D0E7,FUN_8006cf3c,
8006D0E8,8006D1E7,initVoxMaps,
8006D1E8,8006D29B,FUN_8006d1e8,
8006D29C,8006D303,voxDataFn_8006d29c,
8006D304,8006D3A7,FUN_8006d304,
8006D3A8,8006D54B,load,
8006D54C,8006D5DF,loadForObject,
8006D5E0,8006D85B,FUN_8006d5e0,
8006D85C,8006DA37,FUN_8006d85c,
8006DA38,8006DB27,FUN_8006da38,
8006DB28,8006DC03,FUN_8006db28,
8006DC04,8006DD0F,vec3f_toNearest10,
8006DD10,8006E19F,FUN_8006dd10,
8006E1A0,8006E6BB,genVoxelCircle,
8006E6BC,8006E923,FUN_8006e6bc,
8006E924,8006E94F,FUN_8006e924,
8006E950,8006E9AF,allocVoxRoute,
8006E9B0,8006E9F3,FUN_8006e9b0,
8006E9F4,8006EADF,voxMapFn_8006e9f4,
8006EAE0,8006EBAF,FUN_8006eae0,
8006EBB0,8006ED6F,FUN_8006ebb0,
8006ED70,8006F077,routePoints,
8006F078,8006F663,FUN_8006f078,
8006F664,8006F767,FUN_8006f664,
8006F768,8006FDE7,FUN_8006f768,
8006FDE8,8006FDEF,ret1_8006FDE8,
8006FDF0,8006FE4B,FUN_8006fdf0,
8006FE4C,8006FEDB,FUN_8006fe4c,
8006FEDC,8006FF93,FUN_8006fedc,
8006FF94,8007000F,FUN_8006ff94,
80070010,800700BF,FUN_80070010,
800700C0,80070147,FUN_800700c0,
80070148,80070243,voxMapAddChildNode,
80070244,800702A7,FUN_80070244,
800702A8,800702AB,nop_800702A8,
800702AC,8007031F,stackCreate,
80070320,80070393,diStackCreate,
80070394,800703C3,FUN_80070394,
800703C4,8007043F,diFn_800703c4,
80070440,800704B7,diStackPop,
800704B8,800704D3,diStackGetFree,
800704D4,800704EF,diStackGetNumItems,
800704F0,80070523,bitStreamInit,
80070524,800705D7,bitStream_read,
800705D8,800705E7,objListInit,
800705E8,80070647,objListAdd,
80070648,800706E7,objRemoveFromList,
800706E8,800707AB,create,main/sparsearray.c
800707AC,8007089F,set,main/sparsearray.c
800708A0,80070983,sparseArrayRemove,main/sparsearray.c
80070984,80070A3F,get,main/sparsearray.c
80070A40,80070B17,sparseArrayFindElem,main/sparsearray.c
80070B18,80070BC3,initDllsTab,
80070BC4,80070C57,runlinkDownloadCode,
80070C58,80070E8F,setup,
80070E90,80070FD7,free,
80070FD8,800713C7,init,
800713C8,8007147F,fontLoad,
80071480,8007158F,fontFree,
80071590,80071637,textPrintToWindow,
80071638,800716B3,gameTextPrintFn_80071638,
800716B4,8007175F,textFindJisChr,
80071760,800723B3,gameTextPrint,
800723B4,80072417,FUN_800723b4,
80072418,80072617,FUN_80072418,
80072618,8007271B,textWindowSetBounds,
8007271C,800727CF,textWindowSetFontNo,
800727D0,80072837,textWindowFn_800727d0,
80072838,800728C3,textWindowSetColor10,
800728C4,8007295B,textWindowSetColor14,
8007295C,80072FAF,switchD_80072b24_switchD,
80072FB0,8007321F,fontAddString_80072fb0,
80073220,800732AB,textWindowAddString,
800732AC,800732BF,FUN_800732ac,
800732C0,800732D3,FUN_800732c0,
800732D4,80073337,textWindowWordWrap,
80073338,800733D7,debugModelViewRenderWindow,
800733D8,8007346F,printNum,
80073470,80073503,textFill2DRect,
80073504,800738A3,textRenderWindow,
800738A4,80073927,gameTextFormatNum,
80073928,8007399B,gfxDebugInit,
8007399C,800739E7,gfxDllFn_8007399c,
800739E8,800739EF,FUN_800739e8,
800739F0,800739F7,FUN_800739f0,
800739F8,800739FF,getPrevGfxDll,
80073A00,80073AEB,goPrevGfxDll,
80073AEC,80073B43,videoBackendRun,
80073B44,80073B83,gfxDllFn_80073b44,
80073B84,80073BD7,callGfxFuncPtr3,
80073BD8,80073C57,FUN_80073bd8,
80073C58,80073DCB,frontFn_80073c58,
80073DCC,80073E33,FUN_80073dcc,
80073E34,80073E6F,FUN_80073e34,
80073E70,80073E7B,FUN_80073e70,
80073E7C,8007410B,debugShowFrameTime,
8007410C,80074113,FUN_8007410c,
80074114,8007411F,FUN_80074114,
80074120,8007412B,FUN_80074120,
8007412C,80074133,FUN_8007412c,
80074134,8007413B,FUN_80074134,
8007413C,8007418F,videoBackendResetResolution,
80074190,800741EB,videoBackendSetResolution,
800741EC,80074277,videoBackendGetResolution,
80074278,80074393,padSetup,
80074394,80074A0B,joyRead,
80074A0C,80074A3B,initPadMap,
80074A3C,80074A77,n64GetEnabledButtonsHeld,
80074A78,80074AB3,getEnabledButtonsHeld,
80074AB4,80074AEF,getLockFlags,
80074AF0,80074B17,n64GetEnabledButtonsPressed,
80074B18,80074B3F,getEnabledButtonsPressed,
80074B40,80074B57,n64GetButtonsPressed,
80074B58,80074B67,getButtons_80074b58,
80074B68,80074B8F,n64GetEnabledButtonsPressed2,
80074B90,80074BB7,n64GetEnabledButtonsReleased,
80074BB8,80074BDF,getEnabledButtonsReleased,
80074BE0,80074C07,n64GetEnabledButtonsReleased2,
80074C08,80074C33,getStickX2,
80074C34,80074C5F,getStickX,
80074C60,80074C8B,getCstickX,
80074C8C,80074CB7,getRtrig,
80074CB8,80074CE3,getLtrig,
80074CE4,80074D0F,getStickY2,
80074D10,80074D3B,getStickY,
80074D3C,80074D67,getCstickY,
80074D68,80074D93,getStickXY,
80074D94,80074DAB,n64DisableButtons,
80074DAC,80074DC3,disableButtons,
80074DC4,80074DCB,setStickDeadZone,
80074DCC,80074DD7,resetStickDeadZone,
80074DD8,80074E1F,doRumble,
80074E20,80074E4F,stopRumble,
80074E50,80074E7F,stopRumble2,
80074E80,80074ED7,updateRumble,
80074ED8,800750AB,dvdLoadFile,
800750AC,80075137,lightCreateAndAdd,main/light.c
80075138,800751F7,lightFreeAndRemove,main/light.c
800751F8,80075333,lightMtxFn_800751f8,main/light.c
80075334,8007534B,FUN_80075334,main/light.c
8007534C,8007536F,FUN_8007534c,main/light.c
80075370,80075653,lightControlGetLightsNearObject,main/light.c
80075654,8007569F,FUN_80075654,main/light.c
800756A0,800757EB,lightFn_800756a0,main/light.c
800757EC,800759B7,lightFn_800757ec,main/light.c
800759B8,80075ABF,lightFn_800759b8,main/light.c
80075AC0,80075C53,lightFn_80075ac0,main/light.c
80075C54,80075D67,lightFn_80075c54,main/light.c
80075D68,80075EFB,lightCreateForObject,main/light.c
80075EFC,80075F4B,lightFree,main/light.c
80075F4C,80075FFB,lightFn_80075f4c,main/light.c
80075FFC,80076073,lightFn_80075ffc,main/light.c
80076074,8007613B,lightFn_80076074,main/light.c
8007613C,800761B3,lightFn_8007613c,main/light.c
800761B4,800762AB,lightFn_800761b4,main/light.c
800762AC,80076323,lightFn_800762ac,main/light.c
80076324,80076377,lightFn_80076324,main/light.c
80076378,800763CB,lightSetType,main/light.c
800763CC,800763D3,FUN_800763cc,main/light.c
800763D4,800763DB,FUN_800763d4,main/light.c
800763DC,800763E3,FUN_800763dc,main/light.c
800763E4,80076437,lightFn_800763e4,main/light.c
80076438,800764BF,lightFn_80076438,main/light.c
800764C0,80076547,lightFn_800764c0,main/light.c
80076548,800765BF,lightFn_80076548,main/light.c
800765C0,8007667F,lightFn_800765c0,main/light.c
80076680,800766E7,lightFn_80076680,main/light.c
800766E8,8007673B,lightFn_800766e8,main/light.c
8007673C,800767C3,lightFn_8007673c,main/light.c
800767C4,8007683B,lightFn_800767c4,main/light.c
8007683C,80076943,lightSetEccentricityAndRollOff,main/light.c
80076944,8007694B,FUN_80076944,main/light.c
8007694C,800769BF,lightSetTexture,main/light.c
800769C0,800769C7,FUN_800769c0,main/light.c
800769C8,80076A73,lightFn_800769c8,main/light.c
80076A74,80076AFB,lightFn_80076a74,main/light.c
80076AFC,80076BEF,lightSetAspect,main/light.c
80076BF0,80076C03,FUN_80076bf0,main/light.c
80076C04,80076C2F,FUN_80076c04,main/light.c
80076C30,80076C37,FUN_80076c30,main/light.c
80076C38,80076C63,FUN_80076c38,main/light.c
80076C64,80076C6B,FUN_80076c64,main/light.c
80076C6C,80076CBB,lightFn_80076c6c,main/light.c
80076CBC,80076CC7,FUN_80076cbc,main/light.c
80076CC8,80076CDB,FUN_80076cc8,main/light.c
80076CDC,80076DBB,lightAnimFn_80076cdc,main/light.c
80076DBC,800771BB,lightRandFn_8001d168,main/light.c
800771BC,80077223,MTXMultVecMapCoord,main/light.c
80077224,8007725B,FUN_80077224,main/light.c
8007725C,8007739F,FUN_8007725c,
800773A0,800774F7,FUN_800773a0,
800774F8,800777D7,FUN_800774f8,
800777D8,800777E3,FUN_800777d8,
800777E4,800777EF,crash,
800777F0,8007784B,loadAsset_file,
8007784C,800778A7,loadAsset_fileWithOffset,
800778A8,8007791B,loadAsset_fileWithOffsetLength,
8007791C,800779B3,loadAsset_Character,
800779B4,80077A0F,loadAsset_Texture,
80077A10,80077A77,loadAsset_DLL,
80077A78,80077ADF,loadAsset_modelInstance,
80077AE0,80077B5F,loadAsset_Animation,
80077B60,80077B63,nop_80077B60,
80077B64,80077B67,nop_onUnloadMap,
80077B68,80077CA7,loadAsset,
80077CA8,80077D13,main,main/main.c
80077D14,8007819F,init,main/main.c
800781A0,800781D3,init_GQR,main/main.c
800781D4,8007899F,gameLoop,main/main.c
800789A0,80078BBB,showExpansionPakNeededScreen,
80078BBC,80078E97,gameUpdate,
80078E98,80078F47,mapChangeFn_80078e98,
80078F48,80079067,doQueuedLoads,
80079068,800791AB,mainChangeMap,
800791AC,800791F7,mapLoadByCoords,
800791F8,800792AF,newGameAtPos,
800792B0,800792D7,mapReload,
800792D8,80079313,debugMenuReset,
80079314,8007931F,getDebugMenuState,
80079320,8007932B,setDebugMenuState,
8007932C,8007939B,diMenu_main,
8007939C,800793A7,getScreenBlankFrameCount,
800793A8,800793B3,cutsceneExit,
800793B4,800794D3,allocFrameBuffers,
800794D4,800794DB,setE3MenuFrameCount,
800794DC,800794E3,ret0_800794DC,
800794E4,800794EF,FUN_800794e4,
800794F0,80079543,initBitTable,
80079544,800796D7,mainSetBits,
800796D8,8007980B,mainGetBit,
8007980C,8007987F,mainIncBit,
80079880,800798D7,mainDecBit,
800798D8,80079ACF,mapDoDebugSetupPoint,
80079AD0,80079AD7,getCurDiVtx,
80079AD8,80079B7F,createTempDll,
80079B80,80079C3F,removeTempDll,
80079C40,80079C87,loadDlls47_48,
80079C88,80079CCF,freeDlls47_48,
80079CD0,80079CE3,FUN_80079cd0,
80079CE4,80079D4B,FUN_80079ce4,
80079D4C,80079D77,FUN_80079d4c,
80079D78,80079D7F,FUN_80079d78,
80079D80,80079D87,FUN_80079d80,
80079D88,80079D8F,getPiLockedFlags,
80079D90,80079DC3,clearPlayerPosLog,
80079DC4,80079E57,updatePlayerPosLog,
80079E58,80079EC7,multVectorByMatrix,
80079EC8,80079F6B,mathMtxFastXFMF,
80079F6C,8007A05B,Mtx44Mult,
8007A05C,8007A1B7,Mtx44VecMult,
8007A1B8,8007A1EF,MTXCopy,
8007A1F0,8007A227,MTX44_Copy2,
8007A228,8007A283,randInt,
8007A284,8007A4B7,mtxSetFromObjPos,
8007A4B8,8007A4FB,FUN_8007a4b8,
8007A4FC,8007A75B,mtxRotateByVec3s,
8007A75C,8007A877,FUN_8007a75c,
8007A878,8007AA6F,FUN_8007a878,
8007AA70,8007AC67,FUN_8007aa70,
8007AC68,8007ACC7,FUN_8007ac68,
8007ACC8,8007ACD3,Mtx44_getIdentity,
8007ACD4,8007AD13,FUN_8007acd4,
8007AD14,8007AD8F,FUN_8007ad14,
8007AD90,8007ADD3,getAngle,
8007ADD4,8007AE17,angleFn_8007ad90,
8007AE18,8007AE53,ssin16,
8007AE54,8007AE8F,scos16,
8007AE90,8007AECB,FUN_8007ae90,
8007AECC,8007AF3B,FUN_8007aecc,
8007AF3C,8007AF8F,FUN_8007af3c,
8007AF90,8007AFCB,FUN_8007af90,
8007AFCC,8007AFD3,n64DisableInterrupts,
8007AFD4,8007AFD7,n64EnableInterrupts,
8007AFD8,8007B04B,mtx44Transpose,
8007B04C,8007B0BF,FUN_8007b04c,
8007B0C0,8007B0FB,objModelMtxFn_8007b0c0,
8007B0FC,8007B14B,FUN_8007b0fc,
8007B14C,8007B1A3,vec3f_crossProduct,
8007B1A4,8007B1FB,vec3f_crossProduct,
8007B1FC,8007B29B,vec3f_normalize_8002282c,
8007B29C,8007B2CF,FUN_8007b29c,
8007B2D0,8007B3A3,FUN_8007b2d0,
8007B3A4,8007B57F,initHeaps,main/mm_dolphin.c
8007B580,8007B68F,heapInit,main/mm_dolphin.c
8007B690,8007B7F3,mmAlloc,
8007B7F4,8007BADB,realloc,
8007BADC,8007BB73,mmAlloc2,
8007BB74,8007BD27,heapAlloc,
8007BD28,8007BDA3,mmSetDelay,
8007BDA4,8007BDFB,mm_free,
8007BDFC,8007BFD7,checkHeaps,
8007BFD8,8007C08F,free_8007bfd8,
8007C090,8007C0DB,free_8007c090,
8007C0DC,8007C153,getHeapIdx,
8007C154,8007C30F,FUN_8007c154,
8007C310,8007C327,getHeapData,
8007C328,8007C4AB,heapSetEntry,
8007C4AC,8007C4D3,alignTo16,
8007C4D4,8007C4FB,alignTo64,
8007C4FC,8007C523,alignTo4,
8007C524,8007C54B,aignTo2,main/models_dolphin.c
8007C54C,8007C57B,FUN_8007c54c,main/models_dolphin.c
8007C57C,8007C5B3,loadModelInstance,main/models_dolphin.c
8007C5B4,8007C9BF,createModelInstance,main/models_dolphin.c
8007C9C0,8007CBCF,setupAnimInstance,main/models_dolphin.c
8007CBD0,8007CC93,modelGetAmapSize,main/models_dolphin.c
8007CC94,8007CFA3,makeModelAnimation,main/models_dolphin.c
8007CFA4,8007D173,modelSetupAnims,main/models_dolphin.c
8007D174,8007D1C3,FUN_8007d174,main/models_dolphin.c
8007D1C4,8007D677,FUN_8007d1c4,main/models_dolphin.c
8007D678,8007D8E3,FUN_8007d678,main/models_dolphin.c
8007D8E4,8007DAAF,FUN_8007d8e4,main/models_dolphin.c
8007DAB0,8007DB83,initModels,main/models_dolphin.c
8007DB84,8007DD67,loadModelInstance,main/models_dolphin.c
8007DD68,8007DE2F,modelInstanceFree,main/models_dolphin.c
8007DE30,8007DE6F,checksumHeader,main/models_dolphin.c
8007DE70,8007DFF3,load,main/models_dolphin.c
8007DFF4,8007E0A7,loadTextures,main/models_dolphin.c
8007E0A8,8007E0F7,texFreeFn_8007e0a8,main/models_dolphin.c
8007E0F8,8007E15F,animUnloadFn_8007e0f8,main/models_dolphin.c
8007E160,8007E1B7,lookupModelInd,main/models_dolphin.c
8007E1B8,8007E76B,initPtrs,main/models_dolphin.c
8007E76C,8007E813,FUN_8007e76c,main/models_dolphin.c
8007E814,8007E973,loadShaderTextures,main/models_dolphin.c
8007E974,8007EBE7,modelAnimFn_8007e974,main/models_dolphin.c
8007EBE8,8007EE8F,tiltListFn_8007ebe8,main/models_dolphin.c
8007EE90,8007EF17,loadShaders,main/models_dolphin.c
8007EF18,8007EF83,unloadShaders,main/models_dolphin.c
8007EF84,8007EFEF,getShaderTexture,main/models_dolphin.c
8007EFF0,8007F083,modelInstGetjMtx,main/models_dolphin.c
8007F084,8007F0DB,modelInstance_toggleFlag18_1,main/models_dolphin.c
8007F0DC,8007F133,setField30,main/models_dolphin.c
8007F134,8007F183,modelInstanceGetCallback30,main/models_dolphin.c
8007F184,8007FCF7,freezeModelFn_8007f184,main/models_dolphin.c
8007FCF8,8007FD3B,FUN_8007fcf8,main/models_dolphin.c
8007FD3C,8007FD8B,modelGetFieldA4,main/models_dolphin.c
8007FD8C,8007FE0F,modelGetShader,main/models_dolphin.c
8007FE10,8007FE93,modelGetVtxPos,main/models_dolphin.c
8007FE94,8007FF17,modelGetGCTexture,main/models_dolphin.c
8007FF18,8007FF9B,modelGetJoint,main/models_dolphin.c
8007FF9C,8008001F,modelGetDisplayList,main/models_dolphin.c
80080020,800800A3,modelGetPolyGroup,main/models_dolphin.c
800800A4,8008010B,modelGetGCPoly,main/models_dolphin.c
8008010C,80080167,loadAnimation,main/models_dolphin.c
80080168,8008026F,modelLoadAnimation,main/models_dolphin.c
80080270,8008039B,getAnimation,main/models_dolphin.c
8008039C,8008045B,unloadAnimation,main/models_dolphin.c
8008045C,80080733,objAnimFn_8008045c,main/models_dolphin.c
80080734,80080A4F,FUN_80080734,main/models_dolphin.c
80080A50,80080ADB,FUN_80080a50,main/models_dolphin.c
80080ADC,80080BDB,vtxAnimFn_800279cc,main/models_dolphin.c
80080BDC,80080C27,FUN_80080bdc,main/models_dolphin.c
80080C28,80080D03,modelFn_80080c28,main/models_dolphin.c
80080D04,8008102B,FUN_80080d04,main/models_dolphin.c
8008102C,80081133,FUN_8008102c,main/models_dolphin.c
80081134,8008129F,modelApplyBoneTransforms,main/models_dolphin.c
800812A0,8008136B,countModels,main/models_dolphin.c
8008136C,80081533,modelApplyBoneTransform,main/models_dolphin.c
80081534,8008157B,FUN_80081534,main/models_dolphin.c
8008157C,800816B3,modelGetVtxPosFloat,main/models_dolphin.c
800816B4,80081993,skinFn_800816b4,main/SKNControl.c
80081994,80081A5B,FUN_80081994,main/SKNControl.c
80081A5C,80081AF7,FUN_80081a5c,main/SKNControl.c
80081AF8,80081B57,FUN_80081af8,main/SKNControl.c
80081B58,80081CDB,mtxFn_80029e18,main/SKNControl.c
80081CDC,80081CE3,PPCMtgqr6,main/SKNControl.c
80081CE4,80081CEB,PPCMtgqr7,main/SKNControl.c
80081CEC,80081D4F,FUN_80081cec,main/SKNControl.c
80081D50,80081DB3,FUN_80081d50,main/SKNControl.c
80081DB4,80081F93,initObjects,
80081F94,80082237,objUpdateFn_80081f94,
80082238,800823DB,objUpdateFn_80082238,
800823DC,8008258F,objUpdateFn_800823dc,
80082590,800825F7,processObjDeleteList,
800825F8,8008269F,objFreeAll,
800826A0,800826F7,initLists,
800826F8,80082703,clearNVisibleObjs,main/objects.c
80082704,80082853,getNumVisibleObjects,main/objects.c
80082854,8008298F,depthSortObjects_doSort,main/objects.c
80082990,800829FF,updateObjMtxs,main/objects.c
80082A00,80082A27,getObjects,main/objects.c
80082A28,80082A53,FUN_80082a28,main/objects.c
80082A54,80082AB3,findByUniqueId,main/objects.c
80082AB4,80082ABB,FUN_80082ab4,main/objects.c
80082ABC,80082AC3,ret0_80082ABC,main/objects.c
80082AC4,80082AFB,getTablesBinEntry,main/objects.c
80082AFC,80082B87,objInstantiateCharacter,main/objects.c
80082B88,800832C7,objSetupObjectActual,main/objects.c
800832C8,800834EB,objSetup,main/objects.c
800834EC,8008357F,objGetExtraSize,main/objects.c
80083580,8008372F,objGetTotalDataSize,main/objects.c
80083730,800839D3,modelInitSkeleton,main/objects.c
800839D4,80083AEB,objModelFn_800839d4,main/objects.c
80083AEC,80083B53,freeModels,main/objects.c
80083B54,80083B93,objFreeFn_80083b54,main/objects.c
80083B94,80083C33,FUN_80083b94,main/objects.c
80083C34,80083E77,objFreeObject,main/objects.c
80083E78,80083F4F,setup,main/objects.c
80083F50,800841FB,FUN_80083f50,main/objects.c
800841FC,8008428F,FUN_800841fc,main/objects.c
80084290,800842F7,objInitState,main/objects.c
800842F8,80084383,getModelFlags,main/objects.c
80084384,800843FB,objSetupEvents,main/objects.c
800843FC,800844F7,objLoadEventData,main/objects.c
800844F8,8008456B,objSetupModels,main/objects.c
8008456C,80084667,objLoadWeaponData,main/objects.c
80084668,8008486B,objLoadData,main/objects.c
8008486C,80084917,objFreeObjdef,main/objects.c
80084918,800849FB,loadModLine,main/objects.c
800849FC,800849FF,nop_800849FC,main/objects.c
80084A00,80084A07,getMaxObjType,main/objects.c
80084A08,80084A43,isObjIndexNotEmpty,main/objects.c
80084A44,80084B0B,objGetControlNo,main/objects.c
80084B0C,80084B97,objTypeGetFlags,main/objects.c
80084B98,80084C23,objTypeGetClass,main/objects.c
80084C24,80085063,worldProcessObjFreeList,main/objects.c
80085064,800850E7,objAlloc,main/objects.c
800850E8,80085447,mapSetupPlayer,main/objects.c
80085448,800854CB,FUN_80085448,main/objects.c
800854CC,80085533,objGetMain,main/objects.c
80085534,8008559B,getSidekicksLoaded,main/objects.c
8008559C,800855A7,FUN_8008559c,main/objects.c
800855A8,800855E3,FUN_800855a8,main/objects.c
800855E4,8008560F,objMove,main/objects.c
80085610,8008566F,setPriority,main/objects.c
80085670,80085713,objSetModelNo,main/objects.c
80085714,80085777,objAddEffectBox,main/objects.c
80085778,80085833,objFreeEffectBox,main/objects.c
80085834,800858AF,objTargetFn_8002b6d8,main/objects.c
800858B0,8008591F,objFn_8002b67c,main/objects.c
80085920,80085967,objInstantiateCharacterAtObj,main/objects.c
80085968,800859E7,objGetModelInstance,main/objects.c
800859E8,80085AB7,objModelMtxFn_800859e8,main/objects.c
80085AB8,80085BE3,objModelMtxFn_80085ab8,main/objects.c
80085BE4,80085C4F,FUN_80085be4,main/objects.c
80085C50,80085C93,lightVecFn_80085c50,main/objects.c
80085C94,80085D5B,FUN_80085c94,main/objects.c
80085D5C,80085D67,FUN_80085d5c,main/objects.c
80085D68,80085DDB,FUN_80085d68,main/objects.c
80085DDC,80085E2B,FUN_80085ddc,main/objects.c
80085E2C,80085F13,objFreezeFn_80085e2c,main/objects.c
80085F14,8008607B,objFn_8002aac8,
8008607C,800860DF,FUN_8008607c,
800860E0,80086487,ObjAnimSetMove,main/objanim.c
80086488,800864B7,FUN_80086488,
800864B8,80086DDF,objRunAnimation,
80086DE0,80087317,objGetAnimChange,
80087318,8008737F,objFn_8002f574,
80087380,800873D3,FUN_80087380,
800873D4,80087403,FUN_800873d4,
80087404,800876B7,objSetBlendMove,
800876B8,80087AFB,FUN_800876b8,
80087AFC,80087B6B,FUN_80087afc,
80087B6C,80087BDB,FUN_80087b6c,
80087BDC,80087D87,setBlendMove,
80087D88,8008820B,objAnimFn_80087d88,
8008820C,8008822F,FUN_8008820c,
80088230,800882FB,allocHitLists,
800882FC,8008830B,FUN_800882fc,
8008830C,8008834B,initHitLists,
8008834C,800883E3,FUN_8008834c,
800883E4,800884C7,FUN_800883e4,
800884C8,800885EF,FUN_800884c8,
800885F0,8008867F,FUN_800885f0,
80088680,80088817,FUN_80088680,
80088818,800889C7,FUN_80088818,
800889C8,80088C2B,objUpdateHitState,
80088C2C,80088CDF,objSetupHitState,
80088CE0,80088D3B,objHitGetFlag1,main/objhits.c
80088D3C,80088DA3,FUN_80088d3c,main/objhits.c
80088DA4,80088DCF,FUN_80088da4,main/objhits.c
80088DD0,80088E73,objHitUpdatePos,main/objhits.c
80088E74,80088ED3,objSetHitNeedsPosUpdate,main/objhits.c
80088ED4,80088F3B,objHitSetFlags,main/objhits.c
80088F3C,80088FA3,objHitClearFlags,main/objhits.c
80088FA4,8008900B,objHitSetFlagsA2,main/objhits.c
8008900C,80089073,objHitClearFlagsA2,main/objhits.c
80089074,80089113,objHitFn_80089074,main/objhits.c
80089114,80089187,objHitFn_80089114,main/objhits.c
80089188,80089353,objHitFn_80089188,main/objhits.c
80089354,800894BB,objHitFn_80089354,main/objhits.c
800894BC,80089533,FUN_800894bc,main/objhits.c
80089534,800895D7,objSetupHits,main/objhits.c
800895D8,800896D7,objLoadHits,main/objhits.c
800896D8,80089747,FUN_800896d8,main/objhits.c
80089748,80089793,objSetupField58,main/objhits.c
80089794,8008988F,getHitModels,main/objhits.c
80089890,80089C2B,objHitReactFn_80089890,main/objhits.c
80089C2C,8008A28F,buildHitList,main/objhits.c
8008A290,8008A7DB,polyHitFn_8008a290,main/objhits.c
8008A7DC,8008AC0F,FUN_8008a7dc,main/objhits.c
8008AC10,8008B0F7,objHitDetectFn_80033f84,main/objhits.c
8008B0F8,8008B5F7,playerGuardFn_8008b0f8,main/objhits.c
8008B5F8,8008B64F,FUN_8008b5f8,main/objhits.c
8008B650,8008B68F,FUN_8008b650,main/objhits.c
8008B690,8008BBC7,FUN_8008b690,main/objhits.c
8008BBC8,8008BBCB,nop_8008BBC8,main/objhits.c
8008BBCC,8008CB37,objHitStoreFn_8008bbcc,main/objhits.c
8008CB38,8008CEFF,FUN_8008cb38,main/objhits.c
8008CF00,8008D09B,objHitboxRotateFn_80032410,main/objhits.c
8008D09C,8008D0A3,ret0_8008D09C,main/objhits.c
8008D0A4,8008D0FF,FUN_8008d0a4,main/objhits.c
8008D100,8008D157,FUN_8008d100,main/objhits.c
8008D158,8008D20B,FUN_8008d158,main/objhits.c
8008D20C,8008D553,FUN_8008d20c,main/objhits.c
8008D554,8008D743,FUN_8008d554,main/objhits.c
8008D744,8008D8EB,FUN_8008d744,main/objhits.c
8008D8EC,8008DA7F,FUN_8008d8ec,main/objhits.c
8008DA80,8008DCD7,FUN_8008da80,main/objhits.c
8008DCD8,8008DF97,FUN_8008dcd8,main/objhits.c
8008DF98,8008E23F,FUN_8008df98,main/objhits.c
8008E240,8008E793,FUN_8008e240,main/objhits.c
8008E794,8008ECE3,FUN_8008e794,main/objhits.c
8008ECE4,8008F0E7,objHitsModRadiFn_8008ece4,main/objhits.c
8008F0E8,8008F573,objHitsModRadiFn_8008f0e8,main/objhits.c
8008F574,8008F5B3,FUN_8008f574,main/objhits.c
8008F5B4,8008F613,FUN_8008f5b4,main/objhits.c
8008F614,8008F65F,FUN_8008f614,main/objhits.c
8008F660,8008F837,FUN_8008f660,main/objhits.c
8008F838,8008F8CB,FUN_8008f838,main/objhits.c
8008F8CC,8008F8FB,FUN_8008f8cc,main/objhits.c
8008F8FC,8008F967,FUN_8008f8fc,main/objhits.c
8008F968,8008FE63,FUN_8008f968,main/objhits.c
8008FE64,80090503,objHitSkeletonFn_8008fe64,main/objhits.c
80090504,800905BF,FUN_80090504,main/objhits.c
800905C0,8009063B,modelInstanceGetJMtxTranslation,main/objhits.c
8009063C,8009066F,clearPlayerObjIdxs,
80090670,800907DF,objAddObjectType,
800907E0,800908FB,removePlayerObj,
800908FC,80090967,playerGetObject,
80090968,80090A9F,getSeqObj,
80090AA0,80090BD7,FUN_80090aa0,
80090BD8,80090D27,FUN_80090bd8,
80090D28,80090DA7,FUN_80090d28,
80090DA8,80090E1F,objAllocMsgQueue,
80090E20,80090EF3,objSendMsg,
80090EF4,80091033,FUN_80090ef4,
80091034,800910FF,FUN_80091034,
80091100,800911EB,FUN_80091100,
800911EC,80091263,objPeekNextMsg,
80091264,80091313,objDistObj2Obj,main/objlib.c
80091314,800913BF,objDistSqObj2Obj,main/objlib.c
800913C0,8009145F,objDistObj2ObjXZ,main/objlib.c
80091460,800914FB,objDistSqObj2ObjXZ,main/objlib.c
800914FC,800915EF,objDistObj2Def,main/objlib.c
800915F0,8009169B,objDistSqObj2DefXZ,main/objlib.c
8009169C,8009173B,objDistSqObj2Def,main/objlib.c
8009173C,800918CF,FUN_8009173c,main/objlib.c
800918D0,80091A83,FUN_800918d0,main/objlib.c
80091A84,80091B6B,objDistFn_80091a84,main/objlib.c
80091B6C,80091DB3,objGetAttachPointWorldPos,main/objlib.c
80091DB4,80091E7B,objJointFn_80091db4,main/objlib.c
80091E7C,80091EC3,FUN_80091e7c,main/objlib.c
80091EC4,8009200F,objFootFn_80091ec4,main/objlib.c
80092010,800920B3,objFn_80092010,main/objlib.c
800920B4,80092257,objDistFn_800920b4,main/objlib.c
80092258,8009233F,objLockFn_80092258,main/objlib.c
80092340,8009245F,touchCallbackRegister,main/objlib.c
80092460,8009251F,freeFn_80092460,main/objlib.c
80092520,800925E3,objSeqFn_80037d74,main/objlib.c
800925E4,800926D7,objAddChild,main/objlib.c
800926D8,800927D3,objRemoveChild,main/objlib.c
800927D4,800928AB,FUN_800927d4,
800928AC,80092A13,FUN_800928ac,
80092A14,80092A17,nop_80092A14,
80092A18,80092B0F,FUN_80092a18,
80092B10,80092D1F,objHeadRotFn_80092b10,
80092D20,80092D9F,FUN_80092d20,
80092DA0,80092E57,objJointFn_80092da0,
80092E58,80092E8B,FUN_80092e58,
80092E8C,80092F2B,FUN_80092e8c,
80092F2C,800935CB,FUN_80092f2c,
800935CC,800936B3,FUN_800935cc,
800936B4,80093A3B,FUN_800936b4,
80093A3C,80093CC7,switchD_80093acc_switchD,
80093CC8,80093E87,FUN_80093cc8,
80093E88,80094043,FUN_80093e88,
80094044,800941FF,FUN_80094044,
80094200,8009436F,FUN_80094200,
80094370,800943FF,objGetJoint,
80094400,8009445F,FUN_80094400,
80094460,8009446B,FUN_80094460,
8009446C,8009452B,exprFn_8009446c,
8009452C,8009457B,FUN_8009452c,
8009457C,800945BF,FUN_8009457c,
800945C0,800946C3,exprFn_800945c0,
800946C4,8009471B,exprControlFlagFn_800946c4,
8009471C,80094B07,objRender,main/objprint.c
80094B08,80094B0F,FUN_80094b08,main/objprint.c
80094B10,80094C5B,objRenderCurrentModel,main/objprint.c
80094C5C,80094CBB,objRenderCurrentModel,main/objprint.c
80094CBC,80095043,objPrintModelFn_80094cbc,main/objprint.c
80095044,800953E7,objPrintModelFn_80095044,main/objprint.c
800953E8,80095843,FUN_800953e8,main/objprint.c
80095844,80095AEB,FUN_80095844,main/objprint.c
80095AEC,80095C13,FUN_80095aec,main/objprint.c
80095C14,80095CD3,FUN_80095c14,main/objprint.c
80095CD4,8009619F,objPrintFn_80095cd4,main/objprint.c
800961A0,80096373,initCirclePols,
80096374,800964D3,FUN_80096374,
800964D4,800966B3,FUN_800964d4,
800966B4,800968B7,FUN_800966b4,
800968B8,80096AFB,FUN_800968b8,
80096AFC,80096B13,FUN_80096afc,
80096B14,80096B2F,FUN_80096b14,
80096B30,80096C73,objprintDrawGCModel,main/objprint_dolphin.c
80096C74,80096E53,objprintDrawGCChildModel,main/objprint_dolphin.c
80096E54,80096E8B,modelExecRenderStream_,main/objprint_dolphin.c
80096E8C,80096E93,FUN_80096e8c,main/objprint_dolphin.c
80096E94,800971C3,lockPositionFn_80096e94,main/objprint_dolphin.c
800971C4,800972D7,renderGCModel,main/objprint_dolphin.c
800972D8,800978C3,modelExecRenderStream,main/objprint_dolphin.c
800978C4,80097CD3,renderOpTexture,main/objprint_dolphin.c
80097CD4,80098023,shaderTevColorFn_80097cd4,main/objprint_dolphin.c
80098024,80098123,renderOpCallDlist,main/objprint_dolphin.c
80098124,8009837F,FUN_80098124,main/objprint_dolphin.c
80098380,8009846B,renderOpMatrix,main/objprint_dolphin.c
8009846C,80098747,objPrintLightFn_8009846c,main/objprint_dolphin.c
80098748,80098813,FUN_80098748,main/objprint_dolphin.c
80098814,800988CB,shaderTexFrameFn_80098814,main/objprint_dolphin.c
800988CC,800989FF,FUN_800988cc,main/objprint_dolphin.c
80098A00,80098D33,FUN_80098a00,main/objprint_dolphin.c
80098D34,800993DF,objModelRenderFn_80098d34,main/objprint_dolphin.c
800993E0,8009942B,GXEnd3,main/objprint_dolphin.c
8009942C,80099547,initDataFiles,
80099548,80099663,loadDataFile,
80099664,80099747,loadDataFileToBuf,
80099748,800998AB,loadDataFileWithLength,
800998AC,800998EF,getLoadedDataFileSize,
800998F0,80099973,mapsBinGetRomlist,
80099974,80099A27,loadModelsBin,
80099A28,80099B77,tex0GetMipmap,
80099B78,80099CEB,tex1GetMipmap,
80099CEC,80099EC7,piRomLoadSection,main/pi_dolphin.c
80099EC8,80099EE7,loadTableFiles_,main/pi_dolphin.c
80099EE8,80099F0F,mapGetDirIdx,main/pi_dolphin.c
80099F10,8009AE0B,loadAndDecompressDataFile,main/pi_dolphin.c
8009AE0C,8009CC27,mapLoadDataFile,main/pi_dolphin.c
8009CC28,8009CC6F,mapCheckCurBlocks,main/pi_dolphin.c
8009CC70,8009D13F,mergeTableFiles,main/pi_dolphin.c
8009D140,8009D36B,piRomFreeLevel,main/pi_dolphin.c
8009D36C,8009D3DF,getTable,
8009D3E0,8009D5E3,loadTableFiles,
8009D5E4,8009D61F,getLoadingFileFlags,
8009D620,8009D6C3,fn_8009D620,
8009D6C4,8009D757,fn_8009D6C4,
8009D758,8009D7EB,fn_8009D758,
8009D7EC,8009D87F,fn_8009D7EC,
8009D880,8009D913,fn_8009D880,
8009D914,8009DAC3,piDvdCallbacktex2tab36,
8009DAC4,8009DC73,fn_8009DAC4,
8009DC74,8009DD27,fn_8009DC74,
8009DD28,8009DED7,fn_8009DD28,
8009DED8,8009E087,fn_8009DED8,
8009E088,8009E13B,fn_8009E088,
8009E13C,8009E1EF,fn_8009E13C,
8009E1F0,8009E287,fn_8009E1F0,
8009E288,8009E31F,fn_8009E288,
8009E320,8009E44B,mainLoopGxSetupFn_8009e320,
8009E44C,8009E4AF,mainRender,
8009E4B0,8009E5CF,gxMaybeFlush,
8009E5D0,8009E5E7,setColor_8009e5d0,
8009E5E8,8009E5EB,nop_8009E5E8,
8009E5EC,8009E5EF,nop_8009E5EC,
8009E5F0,8009ED77,videoInitFn_8009e5f0,
8009ED78,8009F0FB,FUN_8009ed78,
8009F0FC,8009F16B,FUN_8009f0fc,
8009F16C,8009F213,FUN_8009f16c,
8009F214,8009F9FF,rcpScreenWrite,
8009FA00,8009FA03,nop_8009FA00,
8009FA04,8009FA93,FUN_8009fa04,
8009FA94,8009FB1B,FUN_8009fa94,
8009FB1C,8009FBC7,videoThread_8009fb1c,
8009FBC8,8009FC0F,FUN_8009fbc8,
8009FC10,8009FC37,rcpThreadMain,main/rcp_dolphin.c
8009FC38,8009FC43,FUN_8009fc38,main/rcp_dolphin.c
8009FC44,8009FCFB,rcpQueueAddFn_8009fc44,main/rcp_dolphin.c
8009FCFC,8009FDB3,rcpQueueRemoveFn_8009fcfc,main/rcp_dolphin.c
8009FDB4,8009FE2F,rcpQueueFn_8009fdb4,main/rcp_dolphin.c
8009FE30,8009FE4B,FUN_8009fe30,
8009FE4C,8009FE9B,FUN_8009fe4c,
8009FE9C,8009FEFB,allocVoxRoute,
8009FEFC,8009FF3F,FUN_8009fefc,
8009FF40,8009FFE3,FUN_8009ff40,
8009FFE4,800A00AF,FUN_8009ffe4,
800A00B0,800A01BB,voxMapRouteFn_800a00b0,
800A01BC,800A0207,FUN_800a01bc,
800A0208,800A033B,kyteAiNodeFn_800a0208,
800A033C,800A054B,netRouteNodeFn_800a033c,
800A054C,800A06BF,FUN_800a054c,
800A06C0,800A071B,FUN_800a06c0,
800A071C,800A07A3,FUN_800a071c,
800A07A4,800A0857,FUN_800a07a4,
800A0858,800A08CB,FUN_800a0858,
800A08CC,800A0973,FUN_800a08cc,
800A0974,800A09FB,FUN_800a0974,
800A09FC,800A0AA3,voxMapAddNode,
800A0AA4,800A0AFB,FUN_800a0aa4,
800A0AFC,800A0C5B,isEndNode,
800A0C5C,800A0C8F,allocRzipHeaderBuf,
800A0C90,800A0CE3,read_intbe,
800A0CE4,800A0D53,fileGetWord,
800A0D54,800A0DD7,FUN_800a0d54,
800A0DD8,800A11D3,lzoDecompress,
800A11D4,800A126F,FUN_800a11d4,
800A1270,800A12A3,_gxSetupTexGens,
800A12A4,800A1317,FUN_800a12a4,
800A1318,800A138B,FUN_800a1318,
800A138C,800A1503,gxAddTevStage_800a138c,main/shader.c
800A1504,800A164F,shaderTevStageColorFn_800a1504,main/shader.c
800A1650,800A17C3,gxAddTevStageWithColor,main/shader.c
800A17C4,800A190B,gxAddTevStage,main/shader.c
800A190C,800A1B8B,gxAddTevStageTexGen_800a190c,main/shader.c
800A1B8C,800A1E27,gxAddTevStageTexGenColor,main/shader.c
800A1E28,800A2167,shaderFn_800a1e28,main/shader.c
800A2168,800A2343,shaderFn_800a2168,main/shader.c
800A2344,800A2553,shaderFn_800a2344,main/shader.c
800A2554,800A2633,shaderFn_800a2554,main/shader.c
800A2634,800A28C7,shaderFn_800a2634,main/shader.c
800A28C8,800A2BEF,shaderFn_800a28c8,main/shader.c
800A2BF0,800A2EA3,shaderFn_800a2bf0,main/shader.c
800A2EA4,800A309F,FUN_800a2ea4,main/shader.c
800A30A0,800A3193,shaderFn_800a30a0,main/shader.c
800A3194,800A31EF,FUN_800a3194,main/shader.c
800A31F0,800A326F,shaderGetLayer,main/shader.c
800A3270,800A327B,FUN_800a3270,
800A327C,800A3287,FUN_800a327c,
800A3288,800A3293,FUN_800a3288,
800A3294,800A32DB,FUN_800a3294,
800A32DC,800A339B,lightMapFn_800a32dc,main/lightmap.c
800A339C,800A3543,shaderInit,main/lightmap.c
800A3544,800A36CB,shaderFree,main/lightmap.c
800A36CC,800A3B6B,FUN_800a36cc,main/lightmap.c
800A3B6C,800A3C7F,FUN_800a3b6c,main/lightmap.c
800A3C80,800A3D53,FUN_800a3c80,main/lightmap.c
800A3D54,800A3E1B,lightMapFn_800a3d54,main/lightmap.c
800A3E1C,800A3FF3,lightMapFn_800a3e1c,main/lightmap.c
800A3FF4,800A427B,FUN_800a3ff4,main/lightmap.c
800A427C,800A42E3,FUN_800a427c,main/lightmap.c
800A42E4,800A434B,FUN_800a42e4,main/lightmap.c
800A434C,800A4467,FUN_800a434c,main/lightmap.c
800A4468,800A4647,FUN_800a4468,main/lightmap.c
800A4648,800A46AB,FUN_800a4648,main/lightmap.c
800A46AC,800A46F7,GXEnd4,main/lightmap.c
800A46F8,800A47C3,texInitTextures,
800A47C4,800A47FB,textureLoadAsset,
800A47FC,800A48EB,gxTextureFn_800a47fc,main/tex_dolphin.c
800A48EC,800A492F,FUN_800a48ec,
800A4930,800A4DD3,textureLoad,
800A4DD4,800A4F37,texFreeTexture,
800A4F38,800A4F53,rcpInitDp,
800A4F54,800A4F87,FUN_800a4f54,
800A4F88,800A4FA3,FUN_800a4f88,
800A4FA4,800A52E7,FUN_800a4fa4,
800A52E8,800A52EF,FUN_800a52e8,
800A52F0,800A5567,textureAnimFn_80053f2c,
800A5568,800A55BF,FUN_800a5568,
800A55C0,800A562F,tex0count,
800A5630,800A56AB,tex1count,
800A56AC,800A56BB,FUN_800a56ac,
800A56BC,800A56CB,FUN_800a56bc,
800A56CC,800A5813,gxTextureFn_800a56cc,
800A5814,800A581B,FUN_800a5814,
800A581C,800A5827,FUN_800a581c,
800A5828,800A58BB,FUN_800a5828,
800A58BC,800A58CF,FUN_800a58bc,
800A58D0,800A5997,freakFn_800a58d0,
800A5998,800A5A3F,FUN_800a5998,
800A5A40,800A5A4B,FUN_800a5a40,
800A5A4C,800A5CCB,FUN_800a5a4c,
800A5CCC,800A5D5B,FUN_800a5ccc,
800A5D5C,800A6057,switchD_800a5f24_switchD,
800A6058,800A60C7,sizeFn_800a6058,
800A60C8,800A617F,FUN_800a60c8,
800A6180,800A62CF,FUN_800a6180,
800A62D0,800A6343,FUN_800a62d0,
800A6344,800A63AB,FUN_800a6344,
800A63AC,800A6433,FUN_800a63ac,
800A6434,800A645B,FUN_800a6434,
800A645C,800A64D3,FUN_800a645c,
800A64D4,800A6523,FUN_800a64d4,
800A6524,800A6723,FUN_800a6524,
800A6724,800A676F,FUN_800a6724,
800A6770,800A67BB,GXEnd5,main/GXGeometry.802f2a84.h
800A67BC,800A67D7,rcpInitSp,
800A67D8,800A6803,FUN_800a67d8,
800A6804,800A6813,FUN_800a6804,
800A6814,800A68FF,pipeSync,
800A6900,800A6A0B,FUN_800a6900,
800A6A0C,800A6A83,FUN_800a6a0c,
800A6A84,800A6AD3,FUN_800a6a84,
800A6AD4,800A6B23,FUN_800a6ad4,
800A6B24,800A6BC3,setTevColor2,
800A6BC4,800A6C97,setTevColor1,
800A6C98,800A6D87,FUN_800a6c98,
800A6D88,800A6E4F,FUN_800a6d88,
800A6E50,800A6F83,FUN_800a6e50,
800A6F84,800A6FAB,setDrawTrackSky,
800A6FAC,800A6FD3,setTrackAntiAlias,
800A6FD4,800A6FFB,FUN_800a6fd4,
800A6FFC,800A7023,FUN_800a6ffc,
800A7024,800A7037,getRenderFlags,
800A7038,800A7043,isCloudy,
800A7044,800A704F,FUN_800a7044,
800A7050,800A705B,isWidescreen,
800A705C,800A706B,FUN_800a705c,
800A706C,800A7077,FUN_800a706c,
800A7078,800A709F,trackSetSunGlareOn,
800A70A0,800A72EB,trkBlocksInit,
800A72EC,800A73B3,updateEnvironment,
800A73B4,800A76E3,Trackdraw,
800A76E4,800A7B43,sceneDraw,
800A7B44,800A7EC3,trackDraw,
800A7EC4,800A800F,FUN_800a7ec4,
800A8010,800A81CB,FUN_800a8010,
800A81CC,800A842F,depthSortObjects,
800A8430,800A84EB,execDrawGroups,
800A84EC,800A8637,FUN_800a84ec,
800A8638,800A875B,mapEditMtxFn_800a8638,
800A875C,800A8CB3,FUN_800a875c,
800A8CB4,800A8DB7,mapObjFindFn_800a8cb4,
800A8DB8,800A8F5B,getBlockIdxAtCoords,
800A8F5C,800A901F,FUN_800a8f5c,
800A9020,800A9113,mapCoordsToId,
800A9114,800A92C7,mapFindFn_800a9114,
800A92C8,800A932B,FUN_800a92c8,
800A932C,800A9337,FUN_800a932c,
800A9338,800A93BF,getMapBlock,
800A93C0,800A93D7,FUN_800a93c0,
800A93D8,800A9403,mapGetBlockByIdx,
800A9404,800A9A5B,switchD_800a9960_caseD_15,
800A9A5C,800A9C13,mapBlockShouldRender,
800A9C14,800A9C2F,mapDebugReset,
800A9C30,800A9EB3,mapDebugRender,
800A9EB4,800AA0F7,objUpdateOpacity,
800AA0F8,800AA1B3,FUN_800aa0f8,
800AA1B4,800AA467,mapGetRomListAndOffsets,
800AA468,800AA5DB,mapLoadFn_800aa468,
800AA5DC,800AA5E3,getMapId_800aa5dc,
800AA5E4,800AA657,mapIdFn_800aa5e4,
800AA658,800AA757,mapCoordsToId,
800AA758,800AA7F3,trackFreeMap,
800AA7F4,800AA9C7,checkMap,
800AA9C8,800AABF7,FUN_800aa9c8,
800AABF8,800AABFB,trackMapSave,
800AABFC,800AAC5F,mapUpdateObjDefPositions,
800AAC60,800AAD6B,worldMapListFn_800aac60,
800AAD6C,800AB01F,mapBlockLoadFn_800aad6c,
800AB020,800AB207,mapLoadFn_800ab020,
800AB208,800ABB07,FUN_800ab208,
800ABB08,800ABB33,FUN_800abb08,
800ABB34,800ABBA7,FUN_800abb34,
800ABBA8,800ABBAF,FUN_800abba8,
800ABBB0,800ABBEF,FUN_800abbb0,
800ABBF0,800ABE7F,globalMapInit,
800ABE80,800AC01B,track_getdim,
800AC01C,800AC08F,loadMapForCameraPos,
800AC090,800AC9CB,doPendingMapLoads,
800AC9CC,800AC9FF,trackIncMapLayer,
800ACA00,800ACA33,trackDecMapLayer,
800ACA34,800ACE17,FUN_800aca34,
800ACE18,800AD673,beginLoadingMap,
800AD674,800AD67F,getCurMapType,
800AD680,800AD69B,mapReloadWithFadeout,
800AD69C,800ADABB,mapLoadFn_800ad69c,
800ADABC,800ADB63,mapSetup,
800ADB64,800ADBD3,FUN_800adb64,
800ADBD4,800ADBEB,mapGetPlayerObjType,
800ADBEC,800ADBF7,getCurMapLayer,
800ADBF8,800ADD4F,unloadMap,
800ADD50,800ADEA3,mapLoadBlocks,
800ADEA4,800ADF8F,trackLoadBlockEnd,main/track_dolphin.c
800ADF90,800ADF93,lineHitSave,main/track_dolphin.c
800ADF94,800AE00F,texScrollUpdate,main/track_dolphin.c
800AE010,800AE143,texScrollAdd,main/track_dolphin.c
800AE144,800AE18B,texScrollSet,main/track_dolphin.c
800AE18C,800AE1F7,texScrollGlobalFree,main/track_dolphin.c
800AE1F8,800AE267,texScrollGetPos,main/track_dolphin.c
800AE268,800AE30B,trkTexAnimFn_800ae268,main/track_dolphin.c
800AE30C,800AE39B,trkTexanimFn_800ae30c,main/track_dolphin.c
800AE39C,800AE3F3,FUN_800ae39c,main/track_dolphin.c
800AE3F4,800AE403,trkTexanimGet,main/track_dolphin.c
800AE404,800AE55F,playerUpdateFn_800ae404,main/track_dolphin.c
800AE560,800AECBF,trackObjectControl,main/track_dolphin.c
800AECC0,800AED0F,FUN_800aecc0,main/track_dolphin.c
800AED10,800AF08B,FUN_800aed10,main/track_dolphin.c
800AF08C,800AF48F,objFn_800af08c,main/track_dolphin.c
800AF490,800AF57B,trackCheckObjectLoad,main/track_dolphin.c
800AF57C,800AF6F7,romListFn_800af57c,main/track_dolphin.c
800AF6F8,800AF79B,trackSetLoaded,main/track_dolphin.c
800AF79C,800AF83F,trackGetLoaded,main/track_dolphin.c
800AF840,800AF8DB,FUN_800af840,main/track_dolphin.c
800AF8DC,800AF98B,FUN_800af8dc,main/track_dolphin.c
800AF98C,800AF9D7,mapSetBlockPtrIsInit,main/track_dolphin.c
800AF9D8,800AFBEB,objRomDefMove_800af9d8,main/track_dolphin.c
800AFBEC,800AFD83,romdefMove_Set,main/track_dolphin.c
800AFD84,800AFEDB,addRomDef,main/track_dolphin.c
800AFEDC,800B00D3,objFindFn_800afedc,main/track_dolphin.c
800B00D4,800B00D7,nop_800B00D4,main/track_dolphin.c
800B00D8,800B016F,adjustRomListEntry,main/track_dolphin.c
800B0170,800B0293,warpToMap,main/track_dolphin.c
800B0294,800B03B3,loadNextMap,main/track_dolphin.c
800B03B4,800B041B,gxSetScissorRect,main/track_dolphin.c
800B041C,800B0437,FUN_800b041c,main/track_dolphin.c
800B0438,800B0443,FUN_800b0438,main/track_dolphin.c
800B0444,800B04C3,FUN_800b0444,main/track_dolphin.c
800B04C4,800B04DB,trackGetBlocks,main/track_dolphin.c
800B04DC,800B057F,trackBlockLoad,main/track_dolphin.c
800B0580,800B061B,FUN_800b0580,main/track_dolphin.c
800B061C,800B0767,trackBlockLoadFromFile,main/track_dolphin.c
800B0768,800B081B,trackBlockLoadTextures,main/track_dolphin.c
800B081C,800B086B,FUN_800b081c,main/track_dolphin.c
800B086C,800B0A0B,trackBlockGetLineHits,main/track_dolphin.c
800B0A0C,800B0A5F,FUN_800b0a0c,main/track_dolphin.c
800B0A60,800B0AEB,FUN_800b0a60,main/track_dolphin.c
800B0AEC,800B0E97,trackBlockSetPointers,main/track_dolphin.c
800B0E98,800B0F6F,trackBlockInitShaders,main/track_dolphin.c
800B0F70,800B0FF3,getShader,main/track_dolphin.c
800B0FF4,800B1077,mapBlockGetDisplayList,main/track_dolphin.c
800B1078,800B10FB,mapBlockGetVtxPos,main/track_dolphin.c
800B10FC,800B117F,mapBlockGetGroup,main/track_dolphin.c
800B1180,800B11E7,mapBlockGetPolygon,main/track_dolphin.c
800B11E8,800B1237,mapBlockGetNumPositions,main/track_dolphin.c
800B1238,800B12B7,mapBlockFindPolyGroupFn_800b1238,main/track_dolphin.c
800B12B8,800B12C3,FUN_800b12b8,main/track_dolphin.c
800B12C4,800B12CF,FUN_800b12c4,main/track_dolphin.c
800B12D0,800B1347,vec3s_to_vec3f,main/track_dolphin.c
800B1348,800B142F,vec3f_to_vec3s,main/track_dolphin.c
800B1430,800B143B,removeAllLightGlows,main/track_dolphin.c
800B143C,800B14D7,lightGlowAdd,main/track_dolphin.c
800B14D8,800B1753,lightGlowFn_800b14d8,main/track_dolphin.c
800B1754,800B1823,doDrawGroups,main/track_dolphin.c
800B1824,800B1A7B,doRenderStream,main/track_dolphin.c
800B1A7C,800B1B6F,renderOpFmt,main/track_dolphin.c
800B1B70,800B1D97,renderOpShader,main/track_dolphin.c
800B1D98,800B1F67,shaderLayerFn_800b1d98,main/track_dolphin.c
800B1F68,800B20DB,renderOpCallList,main/track_dolphin.c
800B20DC,800B2137,bitStream_skipLen,
800B2138,800B2393,dlistBboxFn_800b2138,
800B2394,800B254B,initEnv,
800B254C,800B26DB,FUN_800b254c,
800B26DC,800B2713,FUN_800b26dc,
800B2714,800B2733,FUN_800b2714,
800B2734,800B284B,objLoadShadow,
800B284C,800B2857,setShadowFlag_803db658,
800B2858,800B2863,FUN_800b2858,
800B2864,800B28DF,FUN_800b2864,
800B28E0,800B2973,FUN_800b28e0,
800B2974,800B2AF3,objShadowFn_800626c8,
800B2AF4,800B2F6B,modelAnimFn_800b2af4,
800B2F6C,800B3093,FUN_800b2f6c,
800B3094,800B342F,maybeShaderFn_800b3094,
800B3430,800B347B,GXEnd6,main/GXGeometry.802f34ec.h
800B347C,800B3483,ret0_800B347C,
800B3484,800B370B,FUN_800b3484,
800B370C,800B3B37,FUN_800b370c,
800B3B38,800B3D67,FUN_800b3b38,
800B3D68,800B3DAF,FUN_800b3d68,
800B3DB0,800B4103,FUN_800b3db0,
800B4104,800B432B,vecGetRanges,
800B432C,800B44AB,FUN_800b432c,
800B44AC,800B456B,FUN_800b44ac,
800B456C,800B45D7,FUN_800b456c,
800B45D8,800B46BF,FUN_800b45d8,
800B46C0,800B4ADF,shadowLiftPlaneFn_800b46c0,
800B4AE0,800B4BEB,FUN_800b4ae0,
800B4BEC,800B4BEF,nop_800B4BEC,
800B4BF0,800B4CC7,initModLines,
800B4CC8,800B4CEF,FUN_800b4cc8,
800B4CF0,800B4CFF,FUN_800b4cf0,
800B4D00,800B4D13,FUN_800b4d00,
800B4D14,800B50CB,mathFn_8006961c,
800B50CC,800B5537,pListFn_800b50cc,
800B5538,800B63FB,bgBlockMaskFn_800b5538,
800B63FC,800B6F6B,FUN_800b63fc,
800B6F6C,800B72BB,FUN_800b6f6c,
800B72BC,800B865F,trackGetIntersect2,
800B8660,800B8947,FUN_800b8660,
800B8948,800B8CC7,FUN_800b8948,
800B8CC8,800B8EF7,FUN_800b8cc8,
800B8EF8,800B93E7,trackIntersectFn_800b8ef8,
800B93E8,800B997B,trackIntersectFn_800b93e8,
800B997C,800B9DCB,trackIntersectFn_800b997c,
800B9DCC,800B9F9B,FUN_800b9dcc,
800B9F9C,800BA477,TrackGetHeight,
800BA478,800BA5DB,FUN_800ba478,
800BA5DC,800BA77F,FUN_800ba5dc,
800BA780,800BA88B,FUN_800ba780,
800BA88C,800BA98B,FUN_800ba88c,
800BA98C,800BAB77,FUN_800ba98c,
800BAB78,800BAB83,setModLinesNeedUpdate,
800BAB84,800BABA7,FUN_800bab84,
800BABA8,800BABE3,FUN_800baba8,
800BABE4,800BAC33,FUN_800babe4,
800BAC34,800BACD7,FUN_800bac34,
800BACD8,800BB287,trackIntersect,main/intersect.c
800BB288,800BB7DF,intersectModLineBuild,main/intersect.c
800BB7E0,800BBD9F,FUN_800bb7e0,main/intersect.c
800BBDA0,800BBF1B,intersectFn_800bbda0,main/intersect.c
800BBF1C,800BCCCF,FUN_800bbf1c,main/intersect.c
800BCCD0,800BCD4F,FUN_800bccd0,main/intersect.c
800BCD50,800BCE03,intersectFn_800bcd50,main/intersect.c
800BCE04,800BD06B,FUN_800bce04,
800BD06C,800BD2C3,objBecomeHeldBy,
800BD2C4,800BDE63,initEnvTextures,
800BDE64,800BE14B,makeTexFn_800bde64,main/maketex.c
800BE14C,800BE1B7,FUN_800be14c,main/maketex.c
800BE1B8,800BE28F,FUN_800be1b8,main/maketex.c
800BE290,800BE337,FUN_800be290,main/maketex.c
800BE338,800BE39B,FUN_800be338,main/maketex.c
800BE39C,800BE3FF,FUN_800be39c,main/maketex.c
800BE400,800BE42F,FUN_800be400,main/maketex.c
800BE430,800BE443,FUN_800be430,main/maketex.c
800BE444,800BE44F,FUN_800be444,main/maketex.c
800BE450,800BE45B,FUN_800be450,main/maketex.c
800BE45C,800BE467,FUN_800be45c,main/maketex.c
800BE468,800BE473,getShadowTexture,main/maketex.c
800BE474,800BE47F,FUN_800be474,main/maketex.c
800BE480,800BE58F,shadowCreate,main/maketex.c
800BE590,800BEF63,shadowFn_800be590,main/maketex.c
800BEF64,800BF073,FUN_800bef64,
800BF074,800BF0E3,FUN_800bf074,
800BF0E4,800BF33B,initFootVol,
800BF33C,800BF40B,FUN_800bf33c,
800BF40C,800BF443,footstepsTurnOn,
800BF444,800BF4AB,FUN_800bf444,
800BF4AC,800BF4AF,nop_800BF4AC,
800BF4B0,800BF4B7,ret0_800BF4B0,
800BF4B8,800BF4C3,FUN_800bf4b8,
800BF4C4,800BF4CB,FUN_800bf4c4,
800BF4CC,800BF4F7,getScreenResolution,
800BF4F8,800BF4FB,nop_800BF4F8,
800BF4FC,800BF4FF,nop_800BF4FC,
800BF500,800BF51B,viFrameSync,
800BF51C,800BF51F,nop_800BF51C,
800BF520,800BF57B,gxGetPixel_,
800BF57C,800BF5AB,isPixelOnScreen,
800BF5AC,800BF5AF,nop_800BF5AC,
800BF5B0,800BF5B3,nop_800BF5B0,
800BF5B4,800BF7B7,perspectiveFn_800bf5b4,
800BF7B8,800BF91F,FUN_800bf7b8,
800BF920,800BF9AB,normalize,
800BF9AC,800BFA5F,FUN_800bf9ac,
800BFA60,800BFB4B,FUN_800bfa60,
800BFB4C,800BFBBB,FUN_800bfb4c,
800BFBBC,800BFBEF,FUN_800bfbbc,
800BFBF0,800BFBF3,nop_800BFBF0,
800BFBF4,800BFBFB,retM1_afterLoadAsset_ret0xFFFF,
800BFBFC,800BFC03,retM1_800BFBFC_ret0xFFFF,
800BFC04,800BFC07,nop_800BFC04,
800BFC08,800BFC0B,nop_800BFC08,
800BFC0C,800BFC0F,nop_800BFC0C,
800BFC10,800BFC1B,getFrameTime,
800BFC1C,800BFC1F,setFrameTime,
800BFC20,800BFC57,memcpy_src_dst_len,
800BFC58,800BFC8B,memclr,
800BFC8C,800BFC93,ret0_800BFC8C,
800BFC94,800BFC97,nop_800BFC94,
800BFC98,800BFD77,modelGxSetupFn_800bfc98,
800BFD78,800BFDDF,sync,
800BFDE0,800BFE57,cmd_G_SETSCISSOR,
800BFE58,800C0043,doCmdDA_loadMtx,
800C0044,800C012B,doCmd1_storeVtxs,
800C012C,800C064B,interpret,
800C064C,800C069B,doCmdDB06_setSegBase,
800C069C,800C075B,doCmd06_draw2tri,
800C075C,800C07DF,doCmd05_drawTri,
800C07E0,800C085F,doCmdD7_setFloats,
800C0860,800C0987,doCmdDB08,
800C0988,800C0A4F,doCmdD9_setZmode,
800C0A50,800C0B2F,cmd_G_RDPSetOtherMode,
800C0B30,800C0D9B,cmd_G_FILLRECT,
800C0D9C,800C105F,cmd_G_SETCOMBINE,
800C1060,800C13EB,doCmdE4_drawScreenImg,
800C13EC,800C147B,cmd_G_SETENVCOLOR,
800C147C,800C150B,FUN_800c147c,
800C150C,800C15AB,FUN_800c150c,
800C15AC,800C1603,FUN_800c15ac,
800C1604,800C161F,cmd_G_SETTIMG,
800C1620,800C176F,cmd_F3_or_F4,
800C1770,800C17EF,cmd_G_SETTILESIZE,
800C17F0,800C18BB,doCmd0C_setMtx,
800C18BC,800C196B,n64DrawVtx,
800C196C,800C1E4F,FUN_800c196c,
800C1E50,800C1E93,segmentedToVirtual,
800C1E94,800C1ED7,loadTexMtx,
800C1ED8,800C1F43,FUN_800c1ed8,
800C1F44,800C259B,FUN_800c1f44,
800C259C,800C2993,initTEV,
800C2994,800C2CD3,FUN_800c2994,
800C2CD4,800C2EFB,FUN_800c2cd4,
800C2EFC,800C3653,FUN_800c2efc,
800C3654,800C38FF,FUN_800c3654,
800C3900,800C395F,GXSetTevColor1,
800C3960,800C39BF,GXSetTevColor2,
800C39C0,800C3A57,FUN_800c39c0,
800C3A58,800C3BEB,FUN_800c3a58,
800C3BEC,800C3C43,FUN_800c3bec,
800C3C44,800C3F8B,FUN_800c3c44,
800C3F8C,800C41CF,gxFill2DRect,
800C41D0,800C420B,FUN_800c41d0,
800C420C,800C428B,gxSetTevFn_800c420c,
800C428C,800C4387,FUN_800c428c,
800C4388,800C4477,FUN_800c4388,
800C4478,800C460F,FUN_800c4478,
800C4610,800C46C7,FUN_800c4610,
800C46C8,800C478B,gxSetTevFn_800c478c,
800C478C,800C484F,gxSetTevFn_800c478c,
800C4850,800C4913,gxSetTevFn_800c478c,
800C4914,800C4A0F,FUN_800c4914,
800C4A10,800C4AFF,FUN_800c4a10,
800C4B00,800C4BC3,gxSetTevFn_800c478c,
800C4BC4,800C4C87,gxSetTevFn_800c478c,
800C4C88,800C4CE7,gxResetBlendFn_800c4ce8,
800C4CE8,800C4D47,gxResetBlendFn_800c4ce8,
800C4D48,800C4DA7,gxResetBlendFn_800c4ce8,
800C4DA8,800C4E07,gxResetBlendFn_800c4ce8,
800C4E08,800C4F9F,FUN_800c4e08,
800C4FA0,800C521F,drawTexture,
800C5220,800C54FB,FUN_800c5220,
800C54FC,800C5857,FUN_800c54fc,
800C5858,800C5993,FUN_800c5858,
800C5994,800C5B7F,FUN_800c5994,
800C5B80,800C613F,modelLoadCb_800c5b80,
800C6140,800C64D7,FUN_800c6140,
800C64D8,800C685B,FUN_800c64d8,
800C685C,800C6873,FUN_800c685c,
800C6874,800C6A1B,FUN_800c6874,
800C6A1C,800C6A5B,fogFn_800c6a1c,
800C6A5C,800C6AA7,GXEnd7,main/GXGeometry.802f3c6c.h
800C6AA8,800C6AEF,FUN_800c6aa8,
800C6AF0,800C6B6B,FUN_800c6af0,
800C6B6C,800C6B77,fn_800C6B6C,
800C6B78,800C6C27,FUN_800c6b78,
800C6C28,800C6CCB,FUN_800c6c28,
800C6CCC,800C6D5F,FUN_800c6ccc,
800C6D60,800C6DCB,FUN_800c6d60,
800C6DCC,800C6E73,FUN_800c6dcc,
800C6E74,800C6F6B,FUN_800c6e74,
800C6F6C,800C6FEB,FUN_800c6f6c,
800C6FEC,800C704B,FUN_800c6fec,
800C704C,800C70AB,FUN_800c704c,
800C70AC,800C7163,FUN_800c70ac,
800C7164,800C7243,FUN_800c7164,
800C7244,800C733B,FUN_800c7244,
800C733C,800C74CB,FUN_800c733c,
800C74CC,800C75FF,FUN_800c74cc,
800C7600,800C7783,FUN_800c7600,
800C7784,800C77F3,FUN_800c7784,
800C77F4,800C789B,FUN_800c77f4,
800C789C,800C7947,initCard,
800C7948,800C7973,FUN_800c7948,
800C7974,800C7A07,FUN_800c7974,
800C7A08,800C7A67,FUN_800c7a08,
800C7A68,800C7B0F,FUN_800c7a68,
800C7B10,800C7CE3,cardFn_800c7b10,
800C7CE4,800C7DF7,FUN_800c7ce4,
800C7DF8,800C7EEB,cardFn_800c7df8,
800C7EEC,800C806F,cardFn_800c7eec,
800C8070,800C8143,cardFn_800c8070,
800C8144,800C81E7,cardFn_800c8144,
800C81E8,800C82D3,cardFn_800c81e8,
800C82D4,800C837B,FUN_800c82d4,
800C837C,800C84FB,cardSADPfn_800c837c,
800C84FC,800C8503,FUN_800c84fc,
800C8504,800C8507,nop_800C8504,
800C8508,800C850B,segSetBase,
800C850C,800C850F,nop_800C850C,
800C8510,800C85B7,timerTickDown,timer.c
800C85B8,800C865B,timerSet,timer.c
800C865C,800C86AB,timerReset,timer.c
800C86AC,800C86FB,timerGetTime,timer.c
800C86FC,800C875F,timerRand,timer.c
800C8760,800C8797,initialise,anim.c
800C8798,800C87BB,release,anim.c
800C87BC,800C88BB,func03,anim.c
800C88BC,800C8983,activate,anim.c
800C8984,800C89AF,setFlag,anim.c
800C89B0,800C89DF,func06,anim.c
800C89E0,800C8A0F,func1F,anim.c
800C8A10,800C8B13,FUN_800c8a10,
800C8B14,800CA27F,camCtrl,anim.c
800CA280,800CA5EB,FUN_800ca280,
800CA5EC,800CA7E3,objAnimFn_8008718c,
800CA7E4,800CB047,FUN_800ca7e4,
800CB048,800CB667,switchD_800cb134_caseD_b,
800CB668,800CB80B,seqPrintCmd,
800CB80C,800CB9D7,seqPrintSubCmd0B,
800CB9D8,800CBB13,findAction,
800CBB14,800CBC3F,FUN_800cbb14,
800CBC40,800CBD1B,FUN_800cbc40,
800CBD1C,800CBD6F,FUN_800cbd1c,
800CBD70,800CBEDF,FUN_800cbd70,
800CBEE0,800CBF7B,FUN_800cbee0,
800CBF7C,800CC69B,seqFn_800cbf7c,
800CC69C,800CCA6F,switchD_800cc770_caseD_c,
800CCA70,800CCD1B,objCallSeqFn,
800CCD1C,800CCD5F,FUN_800ccd1c,
800CCD60,800CCE3F,findLabel,
800CCE40,800CCEDF,findLabel,
800CCEE0,800CCF4B,FUN_800ccee0,
800CCF4C,800CD18B,FUN_800ccf4c,
800CD18C,800CD3EB,objAnimFn_800849e8,
800CD3EC,800CD923,calcPos,
800CD924,800CDA17,curveFindFn_800843c4,
800CDA18,800CDC4F,romCurveFn_80084190,
800CDC50,800CDFB7,FUN_800cdc50,
800CDFB8,800CE067,FUN_800cdfb8,
800CE068,800CE263,evalCondition,
800CE264,800CE727,decisionFn_800ce264,
800CE728,800CE73B,func16,anim.c
800CE73C,800CED4B,animCurveFn_800ce73c,
800CED4C,800CEDEF,FUN_800ced4c,
800CEDF0,800CF11B,FUN_800cedf0,
800CF11C,800CF1E7,FUN_800cf11c,
800CF1E8,800CF1F7,FUN_800cf1e8,
800CF1F8,800CF6CB,func08,anim.c
800CF6CC,800CF873,func09,anim.c
800CF874,800CF97F,func0A,anim.c
800CF980,800CF9FB,func0B,anim.c
800CF9FC,800CFE17,func0C,anim.c
800CFE18,800CFF3B,FUN_800cfe18,
800CFF3C,800D0193,func0D,anim.c
800D0194,800D01C7,ObjSeq_func24,
800D01C8,800D0207,func0F,anim.c
800D0208,800D020F,func10,anim.c
800D0210,800D0217,func11,anim.c
800D0218,800D021F,func0E,anim.c
800D0220,800D0227,func12,anim.c
800D0228,800D022B,func13,anim.c
800D022C,800D0957,startObjSequence,anim.c
800D0958,800D0A6F,endObjSequence,anim.c
800D0A70,800D0B03,preemptSequenceTime,anim.c
800D0B04,800D0BB7,FUN_800d0b04,
800D0BB8,800D0BCB,func18,anim.c
800D0BCC,800D0BD3,func19,anim.c
800D0BD4,800D0BDB,func1A,anim.c
800D0BDC,800D0BE3,func1B,anim.c
800D0BE4,800D0BEB,func1C,anim.c
800D0BEC,800D0BF3,func1D,anim.c
800D0BF4,800D0BFB,func1E,anim.c
800D0BFC,800D138B,func20,anim.c
800D138C,800D13D7,fn_800D138C,
800D13D8,800D141F,FUN_800d13d8,
800D1420,800D148F,FUN_800d1420,
800D1490,800D151F,FUN_800d1490,
800D1520,800D15F3,FUN_800d1520,
800D15F4,800D1667,FUN_800d15f4,
800D1668,800D167B,func21,anim.c
800D167C,800D16AF,func22,anim.c
800D16B0,800D173F,FUN_800d16b0,
800D1740,800D1783,func23,
800D1784,800D17CF,FUN_800d1784,
800D17D0,800D17D3,initialise,newday.c
800D17D4,800D17D7,release,newday.c
800D17D8,800D2013,doDayAction,newday.c
800D2014,800D21DF,func04,newday.c
800D21E0,800D245B,func05,newday.c
800D245C,800D24AF,func06,newday.c
800D24B0,800D24D7,func07,newday.c
800D24D8,800D252F,func08,newday.c
800D2530,800D259F,func09,newday.c
800D25A0,800D2603,func0A,newday.c
800D2604,800D26A7,func0B,newday.c
800D26A8,800D2747,func0C,newday.c
800D2748,800D274F,func0D,newday.c
800D2750,800D27BF,func0E,newday.c
800D27C0,800D27EB,func0F,newday.c
800D27EC,800D34F7,func10,newday.c
800D34F8,800D371B,FUN_800d34f8,
800D371C,800D436F,newDayFn_800d371c,
800D4370,800D4433,FUN_800d4370,
800D4434,800D4BE3,objRenderFn_8008a74c,
800D4BE4,800D54F7,FUN_800d4be4,
800D54F8,800D568B,FUN_800d54f8,
800D568C,800D56CB,FUN_800d568c,
800D56CC,800D5707,FUN_800d56cc,
800D5708,800D570F,FUN_800d5708,
800D5710,800D572F,FUN_800d5710,
800D5730,800D5757,FUN_800d5730,
800D5758,800D57CF,func12,newday.c
800D57D0,800D5817,func11,newday.c
800D5818,800D5857,FUN_800d5818,
800D5858,800D5A07,newDaySfxFn_800d5858,
800D5A08,800D5A4B,func13,newday.c
800D5A4C,800D5A5F,func14,newday.c
800D5A60,800D5A8B,func15,newday.c
800D5A8C,800D5AB7,func16,newday.c
800D5AB8,800D5AE3,func17,newday.c
800D5AE4,800D5B33,func18,newday.c
800D5B34,800D5B43,func19,newday.c
800D5B44,800D5BAF,func1A,
800D5BB0,800D5C23,initialise,newfog.c
800D5C24,800D5C27,release,newfog.c
800D5C28,800D60D3,func03,newfog.c
800D60D4,800D6253,func04,newfog.c
800D6254,800D721B,func05,newfog.c
800D721C,800D72E7,func06,newfog.c
800D72E8,800D72EF,func07,newfog.c
800D72F0,800D740F,func08,newfog.c
800D7410,800D7433,func0D,newfog.c
800D7434,800D7457,func0E,newfog.c
800D7458,800D75F7,func09,newfog.c
800D75F8,800D75FB,func0C,newfog.c
800D75FC,800D76A7,func0F,
800D76A8,800D7C03,FUN_800d76a8,
800D7C04,800D8117,newfogAlloc_800d7c04,
800D8118,800D8157,func0A,newfog.c
800D8158,800D817F,func0B,newfog.c
800D8180,800D8183,initialise,dll_08.c
800D8184,800D822B,dll_newclouds_release,dll_08.c
800D822C,800D829F,func03,dll_08.c
800D82A0,800D82B3,func04,dll_08.c
800D82B4,800D82C7,func05,dll_08.c
800D82C8,800D82F3,getCurCamera,dll_08.c
800D82F4,800D82F7,func07,dll_08.c
800D82F8,800D82FF,func08,dll_08.c
800D8300,800D834B,func09,dll_08.c
800D834C,800D836F,func0A,dll_08.c
800D8370,800D8373,initialise,newstars.c
800D8374,800D8377,release,newstars.c
800D8378,800D8F4B,func03,newstars.c
800D8F4C,800D94D3,func04,newstars.c
800D94D4,800D9533,func05,newstars.c
800D9534,800D9637,FUN_800d9534,newstars.c
800D9638,800D964F,initialise,dll_0A.c
800D9650,800D9653,release,dll_0A.c
800D9654,800D9657,func03,dll_0A.c
800D9658,800D965B,func04,dll_0A.c
800D965C,800D979F,func05,dll_0A.c
800D97A0,800D9943,func06,dll_0A.c
800D9944,800D9993,func07,dll_0A.c
800D9994,800D9997,func09,dll_0A.c
800D9998,800D999B,func08,dll_0A.c
800D999C,800D999F,func0A,dll_0A.c
800D99A0,800D99A3,func0B,dll_0A.c
800D99A4,800D99A7,func0C,
800D99A8,800D9AD3,initialise,waterfx.c
800D9AD4,800D9B73,release,waterfx.c
800D9B74,800D9DEB,func09,waterfx.c
800D9DEC,800D9EF7,func04,waterfx.c
800D9EF8,800DA423,func03,waterfx.c
800DA424,800DA87B,func05,waterfx.c
800DA87C,800DAC03,FUN_800da87c,
800DAC04,800DB0AB,func06,waterfx.c
800DB0AC,800DB213,func08,waterfx.c
800DB214,800DB22F,func0A,
800DB230,800DB40B,func07,waterfx.c
800DB40C,800DB4C7,initialise,expgfx.c
800DB4C8,800DB51B,release,expgfx.c
800DB51C,800DB60B,func03,expgfx.c
800DB60C,800DBF4F,func04,expgfx.c
800DBF50,800DC027,func05,expgfx.c
800DC028,800DC1D3,func06,expgfx.c
800DC1D4,800DC2D7,func07,expgfx.c
800DC2D8,800DC2FF,func08,expgfx.c
800DC300,800DD3A3,func09,expgfx.c
800DD3A4,800DD3EF,GXEnd8,expgfx.c
800DD3F0,800DD3F3,func0A,expgfx.c
800DD3F4,800DD3F7,func0B,expgfx.c
800DD3F8,800DD41F,func0C,expgfx.c
800DD420,800DD52F,func0D,
800DD530,800DD68B,addToTable,
800DD68C,800DD6FF,addremove,
800DD700,800DF8BF,FUN_800dd700,
800DF8C0,800DFB8F,textureFn_8009b6d4,
800DFB90,800DFE1B,expgfxFn_800dfb90,
800DFE1C,800DFF1F,FUN_800dfe1c,
800DFF20,800E0033,FUN_800dff20,
800E0034,800E0283,FUN_800e0034,
800E0284,800E0353,FUN_800e0284,
800E0354,800E0413,FUN_800e0354,
800E0414,800E086F,FUN_800e0414,
800E0870,800E08AF,initialise,modgfx.c
800E08B0,800E08D7,release,modgfx.c
800E08D8,800E0933,func03,modgfx.c
800E0934,800E1763,func04,modgfx.c
800E1764,800E298F,func05,modgfx.c
800E2990,800E29B7,func06,modgfx.c
800E29B8,800E2B87,func07,modgfx.c
800E2B88,800E2D9F,func08,modgfx.c
800E2DA0,800E3B53,func09,modgfx.c
800E3B54,800E3BC3,func0A,modgfx.c
800E3BC4,800E3BD3,func0B,modgfx.c
800E3BD4,800E3C33,func0C,modgfx.c
800E3C34,800E3C97,func0D,modgfx.c
800E3C98,800E3D77,func0E,modgfx.c
800E3D78,800E3DE3,FUN_800e3d78,
800E3DE4,800E3FC3,FUN_800e3de4,
800E3FC4,800E4043,FUN_800e3fc4,
800E4044,800E4143,FUN_800e4044,
800E4144,800E4647,FUN_800e4144,
800E4648,800E48BB,FUN_800e4648,
800E48BC,800E49E3,FUN_800e48bc,
800E49E4,800E4AE7,FUN_800e49e4,
800E4AE8,800E50FB,FUN_800e4ae8,
800E50FC,800E52C7,FUN_800e50fc,
800E52C8,800E5307,FUN_800e52c8,
800E5308,800E537F,FUN_800e5308,
800E5380,800E56F7,FUN_800e5380,
800E56F8,800E57DB,FUN_800e56f8,
800E57DC,800E5987,FUN_800e57dc,
800E5988,800E5C73,modgfxFn_800e5988,
800E5C74,800E5D33,func0F,modgfx.c
800E5D34,800E5D4F,func10,modgfx.c
800E5D50,800E5D9B,func11,modgfx.c
800E5D9C,800E5DAB,func12,modgfx.c
800E5DAC,800E5DB3,func13,modgfx.c
800E5DB4,800E5DCF,func14,modgfx.c
800E5DD0,800E5E07,func15,modgfx.c
800E5E08,800E5F4F,func16,modgfx.c
800E5F50,800E5F67,func17,modgfx.c
800E5F68,800E5F6F,func18,
800E5F70,800E5FAF,initialise,projgfx.c
800E5FB0,800E5FD7,release,projgfx.c
800E5FD8,800E6033,func03,projgfx.c
800E6034,800E77B3,func04,projgfx.c
800E77B4,800E94CB,func05,projgfx.c
800E94CC,800E94CF,func06,projgfx.c
800E94D0,800E9553,func07,projgfx.c
800E9554,800E9BEB,func08,projgfx.c
800E9BEC,800E9D27,FUN_800e9bec,
800E9D28,800E9DA3,func09,projgfx.c
800E9DA4,800E9DC3,func0A,
800E9DC4,800E9E5F,FUN_800e9dc4,
800E9E60,800E9ECB,FUN_800e9e60,
800E9ECC,800E9FB3,FUN_800e9ecc,
800E9FB4,800E9FB7,initialise,dll_0E.c
800E9FB8,800E9FBB,release,dll_0E.c
800E9FBC,800E9FBF,func03,dll_0E.c
800E9FC0,800E9FC3,func04,dll_0E.c
800E9FC4,800E9FCB,func05,
800E9FCC,800EA1DF,initialise,modelfx.c
800EA1E0,800EA26F,release,modelfx.c
800EA270,800EA273,func03,modelfx.c
800EA274,800EA277,func04,modelfx.c
800EA278,800EA3D3,func05,modelfx.c
800EA3D4,800EA3D7,func06,modelfx.c
800EA3D8,800EAD3F,func07,modelfx.c
800EAD40,800EAD43,func08,
800EAD44,800EAD8F,initialise,partfx.c
800EAD90,800EAFFF,release,partfx.c
800EB000,800EB003,func03,partfx.c
800EB004,800ED30B,partDefFn,
800ED30C,800F7ECF,update,partfx.c
800F7ED0,800F7ED3,initialise,partfx1F.c
800F7ED4,800F7ED7,release,partfx1F.c
800F7ED8,800F7EDB,func03,partfx1F.c
800F7EDC,800F801F,func05,
800F8020,800FBB27,func04,partfx1F.c
800FBB28,800FBB2B,initialise,partfx20.c
800FBB2C,800FBB2F,release,partfx20.c
800FBB30,800FBB33,func03,partfx20.c
800FBB34,800FBC77,func05,
800FBC78,800FFECF,func04,partfx20.c
800FFED0,800FFED3,initialise,dim_partfx.c
800FFED4,800FFED7,release,dim_partfx.c
800FFED8,800FFEDB,func03,dim_partfx.c
800FFEDC,800FFEDF,func05,
800FFEE0,8010229F,func04,dim_partfx.c
801022A0,801022A3,initialise,partfx22.c
801022A4,801022A7,release,partfx22.c
801022A8,801022AB,func03,partfx22.c
801022AC,801023EF,func05,
801023F0,801057BF,func04,partfx22.c
801057C0,801057C3,initialise,partfx_nwaning.c
801057C4,801057C7,release,partfx_nwaning.c
801057C8,801057CB,func03,partfx_nwaning.c
801057CC,8010590F,func05,
80105910,80106B2F,func04,partfx_nwaning.c
80106B30,80106B33,initialise,partfx_swcning.c
80106B34,80106B37,release,partfx_swcning.c
80106B38,80106B3B,func03,partfx_swcning.c
80106B3C,80106C7F,func05,
80106C80,80107DBB,func04,partfx_swcning.c
80107DBC,80107DBF,initialise,partfx_shpning.c
80107DC0,80107DC3,release,partfx_shpning.c
80107DC4,80107DC7,func03,partfx_shpning.c
80107DC8,80107F0B,func05,
80107F0C,8010A14B,func04,partfx_shpning.c
8010A14C,8010A14F,initialise,partfx_clfning.c
8010A150,8010A153,release,partfx_clfning.c
8010A154,8010A157,func03,partfx_clfning.c
8010A158,8010A29B,func05,
8010A29C,8010BB63,func04,partfx_clfning.c
8010BB64,8010BB67,initialise,partfx_bayning.c
8010BB68,8010BB6B,release,partfx_bayning.c
8010BB6C,8010BB6F,func03,partfx_bayning.c
8010BB70,8010BCB3,func05,
8010BCB4,8010D48F,func04,partfx_bayning.c
8010D490,8010D493,initialise,partfx_badning.c
8010D494,8010D497,release,partfx_badning.c
8010D498,8010D49B,func03,partfx_badning.c
8010D49C,8010D5DF,func05,
8010D5E0,8010F767,func04,partfx_badning.c
8010F768,8010F76B,initialise,partfx_icening.c
8010F76C,8010F76F,release,partfx_icening.c
8010F770,8010F773,func03,partfx_icening.c
8010F774,8010F777,func05,
8010F778,8011071B,func04,partfx_icening.c
8011071C,8011071F,initialise,partfx_rexning.c
80110720,80110723,release,partfx_rexning.c
80110724,80110727,func03,partfx_rexning.c
80110728,8011072B,func05,
8011072C,801116BF,func04,partfx_rexning.c
801116C0,801116C3,initialise,partfx_rexning2.c
801116C4,801116C7,release,partfx_rexning2.c
801116C8,801116CB,func03,partfx_rexning2.c
801116CC,801116CF,func05,
801116D0,80112F8F,func04,partfx_rexning2.c
80112F90,80112F93,initialise,partfx_dakning.c
80112F94,80112F97,release,partfx_dakning.c
80112F98,80112F9B,func03,partfx_dakning.c
80112F9C,801130DF,func05,
801130E0,80114287,func04,partfx_dakning.c
80114288,8011428B,initialise,partfx_rexning3.c
8011428C,8011428F,release,partfx_rexning3.c
80114290,80114293,func03,partfx_rexning3.c
80114294,80114297,func05,
80114298,801154FB,func04,partfx_rexning3.c
801154FC,801154FF,initialise,partfx_dfnning.c
80115500,80115503,release,partfx_dfnning.c
80115504,80115507,func03,partfx_dfnning.c
80115508,8011550B,func05,
8011550C,80115B5F,func04,partfx_dfnning.c
80115B60,80115B63,initialise,partfx_wcning.c
80115B64,80115B67,release,partfx_wcning.c
80115B68,80115B6B,func03,partfx_wcning.c
80115B6C,80115CAF,func05,
80115CB0,801169B3,func04,partfx_wcning.c
801169B4,801169B7,initialise,partfx_mmpning.c
801169B8,801169BB,release,partfx_mmpning.c
801169BC,801169BF,func03,partfx_mmpning.c
801169C0,80116B03,func05,
80116B04,801184FB,func04,partfx_mmpning.c
801184FC,801184FF,initialise,partfx_wcning2.c
80118500,80118503,release,partfx_wcning2.c
80118504,80118507,func03,partfx_wcning2.c
80118508,8011864B,func05,
8011864C,80118AA3,func04,partfx_wcning2.c
80118AA4,80118ADF,initialise,Checkpoint.c
80118AE0,80118AE3,release,Checkpoint.c
80118AE4,80118AEF,reset,Checkpoint.c
80118AF0,80118BAF,Checkpoint_Add,Checkpoint.c
80118BB0,80118C5F,Remove,Checkpoint.c
80118C60,8011935B,calcPosition,Checkpoint.c
8011935C,801197BF,racePosition,Checkpoint.c
801197C0,801197EB,func0D,Checkpoint.c
801197EC,80119877,func0C,Checkpoint.c
80119878,80119887,func0E,Checkpoint.c
80119888,801198BB,func11,
801198BC,80119973,func10,Checkpoint.c
80119974,801199F7,func0F,Checkpoint.c
801199F8,80119D43,func08,Checkpoint.c
80119D44,80119D4B,func09,Checkpoint.c
80119D4C,80119ECF,func0A,Checkpoint.c
80119ED0,8011A94B,FUN_80119ed0,
8011A94C,8011A9F7,find,Checkpoint.c
8011A9F8,8011AF33,Checkpoint_func12,
8011AF34,8011AF67,initialise,dll_1A.c
8011AF68,8011AF6B,release,dll_1A.c
8011AF6C,8011AFA3,func03,dll_1A.c
8011AFA4,8011B17B,func04,dll_1A.c
8011B17C,8011B1EF,func05,dll_1A.c
8011B1F0,8011B263,func06,dll_1A.c
8011B264,8011B2BF,func07,dll_1A.c
8011B2C0,8011B2C7,dll_1A_func09,
8011B2C8,8011B2CF,func08,
8011B2D0,8011B36B,FUN_8011b2d0,
8011B36C,8011B41B,FUN_8011b36c,
8011B41C,8011BC5B,clrscrWhiteCrossDraw,
8011BC5C,8011BC5F,initialise,Dummy04.c
8011BC60,8011BC63,release,Dummy04.c
8011BC64,8011BC6B,set,Dummy04.c
8011BC6C,8011BC6F,free,Dummy04.c
8011BC70,8011BC77,func05,Dummy04.c
8011BC78,8011BC7B,func07,Dummy04.c
8011BC7C,8011BC7F,func08,Dummy04.c
8011BC80,8011BC83,func09,Dummy04.c
8011BC84,8011BC8B,func0A,Dummy04.c
8011BC8C,8011BC93,func0B,Dummy04.c
8011BC94,8011BC97,func0C,Dummy04.c
8011BC98,8011BC9F,func0D,Dummy04.c
8011BCA0,8011BCA3,func0E,Dummy04.c
8011BCA4,8011BCAB,func0F,Dummy04.c
8011BCAC,8011BCAF,func10,Dummy04.c
8011BCB0,8011BCB7,func11,Dummy04.c
8011BCB8,8011BCBB,func12,Dummy04.c
8011BCBC,8011BCBF,func13,Dummy04.c
8011BCC0,8011BCC3,func15,Dummy04.c
8011BCC4,8011BCC7,func06,Dummy04.c
8011BCC8,8011BCCB,func16,Dummy04.c
8011BCCC,8011BCCF,func17,Dummy04.c
8011BCD0,8011BCD3,func18,Dummy04.c
8011BCD4,8011BCD7,func19,Dummy04.c
8011BCD8,8011BCDB,func1A,Dummy04.c
8011BCDC,8011BCDF,func1B,Dummy04.c
8011BCE0,8011BCE3,func1C,Dummy04.c
8011BCE4,8011BCEB,func1D,Dummy04.c
8011BCEC,8011BCEF,func1E,Dummy04.c
8011BCF0,8011BCF3,func1F,Dummy04.c
8011BCF4,8011BCF7,func20,Dummy04.c
8011BCF8,8011BCFF,func21,Dummy04.c
8011BD00,8011BD07,func22,Dummy04.c
8011BD08,8011BD0B,func23,Dummy04.c
8011BD0C,8011BD13,func24,Dummy04.c
8011BD14,8011BD17,func25,Dummy04.c
8011BD18,8011BD1B,func26,Dummy04.c
8011BD1C,8011BD1F,func14,Dummy04.c
8011BD20,8011BD23,initialise,objfsa.c
8011BD24,8011BD27,release,objfsa.c
8011BD28,8011BDB3,func03,objfsa.c
8011BDB4,8011C21F,tick,objfsa.c
8011C220,8011C3B7,func05,objfsa.c
8011C3B8,8011C3BF,func06,objfsa.c
8011C3C0,8011C477,func07,objfsa.c
8011C478,8011C7AB,playerRunStateMachine,
8011C7AC,8011C91B,FUN_8011c7ac,
8011C91C,8011CAC3,func0A,objfsa.c
8011CAC4,8011CB1F,func0B,objfsa.c
8011CB20,8011CB9B,func0C,objfsa.c
8011CB9C,8011CC07,func0D,objfsa.c
8011CC08,8011CD57,func0E,objfsa.c
8011CD58,8011CDE7,func0F,objfsa.c
8011CDE8,8011CE83,func10,objfsa.c
8011CE84,8011CEE7,func11,objfsa.c
8011CEE8,8011CF97,updateCurve,objfsa.c
8011CF98,8011CF9B,func19,
8011CF9C,8011D1CB,func13,objfsa.c
8011D1CC,8011D1F7,func14,objfsa.c
8011D1F8,8011D203,func15,objfsa.c
8011D204,8011D3AF,func16,objfsa.c
8011D3B0,8011D4A7,doProjGfx,objfsa.c
8011D4A8,8011D597,updateParticles,objfsa.c
8011D598,8011D72F,updateStickAngle,
8011D730,8011D883,playerUpdateTransform,
8011D884,8011D973,FUN_8011d884,
8011D974,8011DABB,followCurve,objfsa.c
8011DABC,8011DBFB,func09,objfsa.c
8011DBFC,8011DBFF,initialise,dll_11.c
8011DC00,8011DC03,release,dll_11.c
8011DC04,8011DC33,func03,dll_11.c
8011DC34,8011DC63,func04,dll_11.c
8011DC64,8011DCC7,func05,
8011DCC8,8011DDBB,initialise,gametext.c
8011DDBC,8011DDDF,release,gametext.c
8011DDE0,8011DDE7,getNumLanguages,gametext.c
8011DDE8,8011DDEF,getNumTexts,gametext.c
8011DDF0,8011DE7F,loadLanguage,gametext.c
8011DE80,8011DE8B,getCurLanguage,gametext.c
8011DE8C,8011DFF3,loadTextGroup,gametext.c
8011DFF4,8011E10F,loadTextGroupString,
8011E110,8011E1B7,gametext_func09,
8011E1B8,8011E1FF,textFn_8011e1b8,
8011E200,8011E3E3,initialise,subtitles.c
8011E3E4,8011E4B7,release,subtitles.c
8011E4B8,8011E4D7,func03,subtitles.c
8011E4D8,8011E4FB,func04,subtitles.c
8011E4FC,8011E50B,func05,subtitles.c
8011E50C,8011E5B3,func06,subtitles.c
8011E5B4,8011E61F,free,subtitles.c
8011E620,8011E68F,func08,subtitles.c
8011E690,8011E9A3,func09,subtitles.c
8011E9A4,8011E9E7,FUN_8011e9a4,
8011E9E8,8011EAF3,FUN_8011e9e8,
8011EAF4,8011EC97,FUN_8011eaf4,
8011EC98,8011ED9B,FUN_8011ec98,
8011ED9C,8011EEFB,FUN_8011ed9c,
8011EEFC,8011EF8B,FUN_8011eefc,
8011EF8C,8011F28F,FUN_8011ef8c,
8011F290,8011F367,subtitleFn_8011f290,
8011F368,8011FB87,subtitleFn_8011f368,
8011FB88,8011FC2B,FUN_8011fb88,
8011FC2C,8011FC7B,FUN_8011fc2c,
8011FC7C,8011FC93,FUN_8011fc7c,
8011FC94,8011FCFB,func0A,subtitles.c
8011FCFC,8011FD67,func0B,subtitles.c
8011FD68,8011FD73,func0C,
8011FD74,8011FD77,initialise,Dummy15.c
8011FD78,8011FD7B,release,Dummy15.c
8011FD7C,8011FD7F,func05,Dummy15.c
8011FD80,8011FD83,func03,Dummy15.c
8011FD84,8011FD87,func04,Dummy15.c
8011FD88,8011FD8F,func06,Dummy15.c
8011FD90,8011FD93,func07,Dummy15.c
8011FD94,8011FD97,func08,Dummy15.c
8011FD98,8011FDA3,func09,Dummy15.c
8011FDA4,8011FDA7,func0A,
8011FDA8,8011FE03,initialise,TrickyWalk.c
8011FE04,8011FE2F,release,TrickyWalk.c
8011FE30,80121A77,walkGroupFn03,TrickyWalk.c
80121A78,80121B7F,FUN_80121a78,
80121B80,80121C3F,FUN_80121b80,
80121C40,80121EB3,FUN_80121c40,
80121EB4,80121F7B,FUN_80121eb4,
80121F7C,8012210F,func04,TrickyWalk.c
80122110,8012228F,func05,TrickyWalk.c
80122290,801223B7,func06,TrickyWalk.c
801223B8,8012250F,isPointWithinPatchGroup,TrickyWalk.c
80122510,80122943,findWalkGroupPatchFn_80122510,
80122944,80122B2F,func0A,TrickyWalk.c
80122B30,80122BBF,func0B,TrickyWalk.c
80122BC0,80122CFF,getPatchEndPoint,TrickyWalk.c
80122D00,80122E5B,func08,TrickyWalk.c
80122E5C,80122F7F,func09,TrickyWalk.c
80122F80,80123613,func0D,TrickyWalk.c
80123614,80123D33,func0E,TrickyWalk.c
80123D34,8012403F,func0F,TrickyWalk.c
80124040,8012408F,func10,TrickyWalk.c
80124090,8012419B,func11,
8012419C,8012426F,TrickyWalk_func12,
80124270,8012436B,FUN_80124270,
8012436C,8012436F,initialise,curves.c
80124370,80124373,release,curves.c
80124374,8012437F,clear,curves.c
80124380,8012445F,addCurveDef,curves.c
80124460,801244EB,remove,curves.c
801244EC,801244FF,getCurves,curves.c
80124500,8012464B,find,curves.c
8012464C,801246DF,getById,curves.c
801246E0,801247AF,getRandomPoint,curves.c
801247B0,80124827,getIds_18,curves.c
80124828,801248F7,getRandomPoint1A,curves.c
801248F8,80124A7B,FUN_801248f8,
80124A7C,80124C0F,func19,curves.c
80124C10,80124D57,getIds_1D,curves.c
80124D58,80124F77,func1E,curves.c
80124F78,80124FE3,countRandomPoints,curves.c
80124FE4,801256B7,func20,curves.c
801256B8,8012575F,FUN_801256b8,
80125760,8012635F,curve_func2D,
80126360,8012661F,curveFn_80126360,
80126620,801268F3,FUN_80126620,
801268F4,80126907,func0D,curves.c
80126908,80126AB3,func0A,curves.c
80126AB4,80126B47,distFn0B,curves.c
80126B48,80126BC7,distXZ,curves.c
80126BC8,80126C27,isPoint,curves.c
80126C28,80126C87,isNotPoint,curves.c
80126C88,80126E17,findFn10,curves.c
80126E18,80127283,func11,curves.c
80127284,8012731F,findByAction,curves.c
80127320,80127717,func13,curves.c
80127718,80127843,distanceToNearestOfType16,curves.c
80127844,8012797F,distFn15,curves.c
80127980,80127A73,FUN_80127980,
80127A74,80127DEB,func21,curves.c
80127DEC,80127EDB,func22,curves.c
80127EDC,80127FA3,getPos,curves.c
80127FA4,801281C3,func24,curves.c
801281C4,801282EF,func16,curves.c
801282F0,80128483,func1B,curves.c
80128484,8012891B,func1C,curves.c
8012891C,80128BB7,findNearObj,curves.c
80128BB8,801290D3,func25,curves.c
801290D4,801297EB,func26,curves.c
801297EC,80129BB3,setClosed,curves.c
80129BB4,80129D6B,setA4,curves.c
80129D6C,8012A48F,func29,curves.c
8012A490,8012A59F,func2A,curves.c
8012A5A0,8012A6B7,func2B,curves.c
8012A6B8,8012AB07,func2C,
8012AB08,8012AB0B,initialise,dll_19.c
8012AB0C,8012AB0F,release,dll_19.c
8012AB10,8012AB73,func03,dll_19.c
8012AB74,8012ABAF,func04,dll_19.c
8012ABB0,8012AC2F,func05,dll_19.c
8012AC30,8012B0E3,findBounds,dll_19.c
8012B0E4,8012B16F,generatePolyList,dll_19.c
8012B170,8012B477,generalHits,dll_19.c
8012B478,8012B537,FUN_8012b478,
8012B538,8012B603,FUN_8012b538,
8012B604,8012B757,func09,dll_19.c
8012B758,8012B80B,func0B,
8012B80C,8012B9B7,func0A,dll_19.c
8012B9B8,8012BA4F,FUN_8012b9b8,
8012BA50,8012BAE7,FUN_8012ba50,
8012BAE8,8012BD23,FUN_8012bae8,
8012BD24,8012BDAF,FUN_8012bd24,
8012BDB0,8012C133,FUN_8012bdb0,
8012C134,8012C247,FUN_8012c134,
8012C248,8012C3B7,FUN_8012c248,
8012C3B8,8012C7EB,FUN_8012c3b8,
8012C7EC,8012CA27,FUN_8012c7ec,
8012CA28,8012CD9F,FUN_8012ca28,
8012CDA0,8012CDA3,nop_8012CDA0,
8012CDA4,8012CF07,FUN_8012cda4,
8012CF08,8012CF6F,initialise,gameplay.c
8012CF70,8012CFAF,release,gameplay.c
8012CFB0,8012CFB3,func03,gameplay.c
8012CFB4,8012D347,newgame,gameplay.c
8012D348,8012D3B3,func05,gameplay.c
8012D3B4,8012D3B7,func06,gameplay.c
8012D3B8,8012D423,func07,gameplay.c
8012D424,8012D533,loadOptions,gameplay.c
8012D534,8012D557,func0F,gameplay.c
8012D558,8012D55F,func11,gameplay.c
8012D560,8012D5D3,func08,gameplay.c
8012D5D4,8012D6CB,func09,gameplay.c
8012D6CC,8012D6FF,gotoSavegame,gameplay.c
8012D700,8012D84B,restartPoint,gameplay.c
8012D84C,8012D89F,gotoRestartPoint,gameplay.c
8012D8A0,8012D8D7,func0D,gameplay.c
8012D8D8,8012D8EF,func0E,gameplay.c
8012D8F0,8012D993,loadMapForCurrentSaveGame,
8012D994,8012D99F,func24,gameplay.c
8012D9A0,8012D9AF,func1F,gameplay.c
8012D9B0,8012DA07,setPlayerNo,gameplay.c
8012DA08,8012DA27,getCurCharacterState,gameplay.c
8012DA28,8012DA4B,getCurCharPos,gameplay.c
8012DA4C,8012DA6F,func27,gameplay.c
8012DA70,8012DACF,getCurrentPlayerLactions,gameplay.c
8012DAD0,8012DB2F,getCurrentPlayerEnvactions,gameplay.c
8012DB30,8012DB53,func2A,gameplay.c
8012DB54,8012DC1B,addTime,gameplay.c
8012DC1C,8012DC77,func1C,gameplay.c
8012DC78,8012DCDB,func1D,gameplay.c
8012DCDC,8012DE1F,updateTimes,gameplay.c
8012DE20,8012DE2F,func22,gameplay.c
8012DE30,8012DE43,func23,gameplay.c
8012DE44,8012DE53,func21,gameplay.c
8012DE54,8012DE7F,func2D,gameplay.c
8012DE80,8012DEB7,FUN_8012de80,
8012DEB8,8012DECB,func14,gameplay.c
8012DECC,8012DFA7,setAct,gameplay.c
8012DFA8,8012E067,getAct,gameplay.c
8012E068,8012E123,getObjGroupStatus,gameplay.c
8012E124,8012E13B,func17,gameplay.c
8012E13C,8012E1C3,func18,gameplay.c
8012E1C4,8012E1F3,func19,gameplay.c
8012E1F4,8012E227,func1A,gameplay.c
8012E228,8012E3E3,setObjGroupStatus,gameplay.c
8012E3E4,8012E407,func2B,gameplay.c
8012E408,8012E42B,func2C,gameplay.c
8012E42C,8012E48F,cheatFn2E,gameplay.c
8012E490,8012E4F3,cheatFn2F,gameplay.c
8012E4F4,8012E57F,cheatFn30,gameplay.c
8012E580,8012E62F,cheatFn31,gameplay.c
8012E630,8012E693,cinemaFn32,gameplay.c
8012E694,8012E6F7,cinemaFn33,
8012E6F8,8012E6FB,initialise,foodbag.c
8012E6FC,8012E6FF,release,foodbag.c
8012E700,8012E863,placeObject,foodbag.c
8012E864,8012EA7B,func04,foodbag.c
8012EA7C,8012EB03,func05,foodbag.c
8012EB04,8012EC1B,func06,foodbag.c
8012EC1C,8012ED13,func07,foodbag.c
8012ED14,8012EDC3,removeFood,foodbag.c
8012EDC4,8012EE63,func09,foodbag.c
8012EE64,8012EEFB,func0A,foodbag.c
8012EEFC,8012EFDB,func0B,foodbag.c
8012EFDC,8012F00B,func0C,
8012F00C,8012F00F,initialise,savegame.c
8012F010,8012F013,release,savegame.c
8012F014,8012F09B,func03,savegame.c
8012F09C,8012F29B,func04,savegame.c
8012F29C,8012F2A7,func05,savegame.c
8012F2A8,8012F31B,tasktextGetTaskName,savegame.c
8012F31C,8012F357,func07,savegame.c
8012F358,8012F3A3,func08,
8012F3A4,8012F3C7,initialise,screens.c
8012F3C8,8012F3CB,release,screens.c
8012F3CC,8012F4DF,load,screens.c
8012F4E0,8012F52F,shutdown,screens.c
8012F530,8012F577,free,
8012F578,8012F57B,initialise,pickup.c
8012F57C,8012F57F,release,pickup.c
8012F580,8012F5BB,func03,pickup.c
8012F5BC,8012F937,func04,pickup.c
8012F938,8012F9AB,func05,pickup.c
8012F9AC,8012F9D7,func06,pickup.c
8012F9D8,8012F9E3,func07,pickup.c
8012F9E4,8012F9EF,func08,pickup.c
8012F9F0,8012F9F7,func09,pickup.c
8012F9F8,8012FA1F,func0A,pickup.c
8012FA20,8012FA47,func0B,pickup.c
8012FA48,8012FA63,func0C,pickup.c
8012FA64,8012FA8B,func0D,pickup.c
8012FA8C,8012FAF3,func0E,
8012FAF4,8012FB7B,FUN_8012faf4,
8012FB7C,8012FB7F,initialise,modanimeflash1.c
8012FB80,8012FB83,release,modanimeflash1.c
8012FB84,8012FF9B,func03,
8012FF9C,8012FF9F,initialise,dll_66.c
8012FFA0,8012FFA3,release,dll_66.c
8012FFA4,80130563,func03,
80130564,80130567,initialise,modgfx67.c
80130568,8013056B,release,modgfx67.c
8013056C,801317AF,func03,
801317B0,801317B3,initialise,dll_68.c
801317B4,801317B7,release,dll_68.c
801317B8,80131C37,func03,
80131C38,80131C3B,initialise,dll_69.c
80131C3C,80131C3F,release,dll_69.c
80131C40,801320BF,func03,
801320C0,801320C3,initialise,dll_6A.c
801320C4,801320C7,release,dll_6A.c
801320C8,80132553,func03,
80132554,80132557,initialise,dll_6B.c
80132558,8013255B,release,dll_6B.c
8013255C,80132A47,func03,
80132A48,80132A4B,initialise,dll_6C.c
80132A4C,80132A4F,release,dll_6C.c
80132A50,80132FF7,func03,
80132FF8,80132FFB,initialise,dll_6D.c
80132FFC,80132FFF,release,dll_6D.c
80133000,801335D3,func03,
801335D4,801335D7,initialise,dll_6E.c
801335D8,801335DB,release,dll_6E.c
801335DC,80133B5B,func03,
80133B5C,80133B5F,initialise,dll_6F.c
80133B60,80133B63,release,dll_6F.c
80133B64,80134473,func03,
80134474,80134477,initialise,dll_70.c
80134478,8013447B,release,dll_70.c
8013447C,801348B3,func03,
801348B4,801348B7,initialise,dll_71.c
801348B8,801348BB,release,dll_71.c
801348BC,80134DEB,func03,
80134DEC,80134DEF,initialise,dll_AF.c
80134DF0,80134DF3,release,dll_AF.c
80134DF4,8013534B,func03,
8013534C,8013534F,initialise,dll_72.c
80135350,80135353,release,dll_72.c
80135354,801359D7,func03,
801359D8,801359DB,initialise,dll_73.c
801359DC,801359DF,release,dll_73.c
801359E0,80135D5B,func03,
80135D5C,80135D5F,initialise,dll_74.c
80135D60,80135D63,release,dll_74.c
80135D64,801361CF,func03,
801361D0,801361D3,initialise,dll_64.c
801361D4,801361D7,release,dll_64.c
801361D8,801361F3,func03,
801361F4,801361F7,initialise,dll_75.c
801361F8,801361FB,release,dll_75.c
801361FC,8013678B,func03,
8013678C,8013678F,initialise,dll_76.c
80136790,80136793,release,dll_76.c
80136794,80136C33,func03,
80136C34,80136C37,initialise,dll_77.c
80136C38,80136C3B,release,dll_77.c
80136C3C,80136F7B,func03,
80136F7C,80136F7F,initialise,dll_78.c
80136F80,80136F83,release,dll_78.c
80136F84,80136F9F,func03,
80136FA0,80136FA3,initialise,dll_79.c
80136FA4,80136FA7,release,dll_79.c
80136FA8,801372E7,func03,
801372E8,801372EB,initialise,dll_7A.c
801372EC,801372EF,release,dll_7A.c
801372F0,8013762F,func03,
80137630,80137633,initialise,dll_7B.c
80137634,80137637,release,dll_7B.c
80137638,80137F1F,func03,
80137F20,80137F23,initialise,dll_7C.c
80137F24,80137F27,release,dll_7C.c
80137F28,80138757,func03,
80138758,8013875B,initialise,dll_7D.c
8013875C,8013875F,release,dll_7D.c
80138760,80138C93,func03,
80138C94,80138C97,initialise,dll_7E.c
80138C98,80138C9B,release,dll_7E.c
80138C9C,801390DF,func03,
801390E0,801390E3,initialise,dll_7F.c
801390E4,801390E7,release,dll_7F.c
801390E8,80139717,func03,
80139718,8013971B,initialise,dll_80.c
8013971C,8013971F,release,dll_80.c
80139720,80139CC3,func03,
80139CC4,80139CC7,initialise,dll_81.c
80139CC8,80139CCB,release,dll_81.c
80139CCC,8013A193,func03,
8013A194,8013A197,initialise,dll_82.c
8013A198,8013A19B,release,dll_82.c
8013A19C,8013A4EF,func03,
8013A4F0,8013A4F3,initialise,dll_83.c
8013A4F4,8013A4F7,release,dll_83.c
8013A4F8,8013A84B,func03,
8013A84C,8013A84F,initialise,dll_84.c
8013A850,8013A853,release,dll_84.c
8013A854,8013AE2B,func03,
8013AE2C,8013AE2F,initialise,dll_85.c
8013AE30,8013AE33,release,dll_85.c
8013AE34,8013B837,func03,
8013B838,8013B83B,initialise,modcloudrunner2.c
8013B83C,8013B83F,release,modcloudrunner2.c
8013B840,8013BD4F,func03,
8013BD50,8013BD53,initialise,dll_87.c
8013BD54,8013BD57,release,dll_87.c
8013BD58,8013C3F3,func03,
8013C3F4,8013C3F7,initialise,dll_88.c
8013C3F8,8013C3FB,release,dll_88.c
8013C3FC,8013CAEB,func03,
8013CAEC,8013CAEF,initialise,dll_89.c
8013CAF0,8013CAF3,release,dll_89.c
8013CAF4,8013CF83,func03,
8013CF84,8013CF87,initialise,dll_8A.c
8013CF88,8013CF8B,release,dll_8A.c
8013CF8C,8013D393,func03,
8013D394,8013D397,initialise,dll_8B.c
8013D398,8013D39B,release,dll_8B.c
8013D39C,8013D953,func03,
8013D954,8013D957,initialise,dll_8C.c
8013D958,8013D95B,release,dll_8C.c
8013D95C,8013DCB7,func03,
8013DCB8,8013DCBB,initialise,dll_8D.c
8013DCBC,8013DCBF,release,dll_8D.c
8013DCC0,8013E387,func03,
8013E388,8013E38B,initialise,dll_8E.c
8013E38C,8013E38F,release,dll_8E.c
8013E390,8013E933,func03,
8013E934,8013E937,initialise,dll_8F.c
8013E938,8013E93B,release,dll_8F.c
8013E93C,8013EFDB,func03,
8013EFDC,8013EFDF,initialise,dll_90.c
8013EFE0,8013EFE3,release,dll_90.c
8013EFE4,8013F67F,func03,
8013F680,8013F683,initialise,dll_91.c
8013F684,8013F687,release,dll_91.c
8013F688,8013FDDB,func03,
8013FDDC,8013FDDF,initialise,dll_92.c
8013FDE0,8013FDE3,release,dll_92.c
8013FDE4,801401DB,func03,
801401DC,801401DF,initialise,dll_93.c
801401E0,801401E3,release,dll_93.c
801401E4,80140627,func03,
80140628,8014062B,initialise,dll_94.c
8014062C,8014062F,release,dll_94.c
80140630,80140A37,func03,
80140A38,80140A3B,initialise,dll_95.c
80140A3C,80140A3F,release,dll_95.c
80140A40,80140E83,func03,
80140E84,80140E87,initialise,dll_96.c
80140E88,80140E8B,release,dll_96.c
80140E8C,801410B3,func03,
801410B4,801410B7,initialise,dll_97.c
801410B8,801410BB,release,dll_97.c
801410BC,80141733,func03,
80141734,80141737,initialise,dll_98.c
80141738,8014173B,release,dll_98.c
8014173C,80141E3B,func03,
80141E3C,80141E3F,initialise,dll_99.c
80141E40,80141E43,release,dll_99.c
80141E44,8014298B,func03,
8014298C,8014298F,initialise,dll_9A.c
80142990,80142993,release,dll_9A.c
80142994,8014312B,func03,
8014312C,8014312F,initialise,dll_9B.c
80143130,80143133,release,dll_9B.c
80143134,80143573,func03,
80143574,80143577,initialise,dll_9C.c
80143578,8014357B,release,dll_9C.c
8014357C,80143C53,func03,
80143C54,80143C57,initialise,dll_9D.c
80143C58,80143C5B,release,dll_9D.c
80143C5C,801442BB,func03,
801442BC,801442BF,initialise,dll_9E.c
801442C0,801442C3,release,dll_9E.c
801442C4,801447B3,func03,
801447B4,801447B7,initialise,dll_9F.c
801447B8,801447BB,release,dll_9F.c
801447BC,80144B3F,func03,
80144B40,80144B43,initialise,dll_A0.c
80144B44,80144B47,release,dll_A0.c
80144B48,80145037,func03,
80145038,8014503B,initialise,dll_A1.c
8014503C,8014503F,release,dll_A1.c
80145040,8014543B,func03,
8014543C,8014543F,initialise,dll_A2.c
80145440,80145443,release,dll_A2.c
80145444,80145833,func03,
80145834,80145837,initialise,dll_A3.c
80145838,8014583B,release,dll_A3.c
8014583C,80145D2B,func03,
80145D2C,80145D2F,initialise,dll_A4.c
80145D30,80145D33,release,dll_A4.c
80145D34,801461F3,func03,
801461F4,801461F7,initialise,dll_A5.c
801461F8,801461FB,release,dll_A5.c
801461FC,801466EB,func03,
801466EC,801466EF,initialise,dll_A6.c
801466F0,801466F3,release,dll_A6.c
801466F4,80147123,func03,
80147124,80147127,initialise,dll_A7.c
80147128,8014712B,release,dll_A7.c
8014712C,8014765F,func03,
80147660,80147663,initialise,dll_A8.c
80147664,80147667,release,dll_A8.c
80147668,80147BAB,func03,
80147BAC,80147BAF,initialise,dll_A9.c
80147BB0,80147BB3,release,dll_A9.c
80147BB4,801480AB,func03,
801480AC,801480AF,initialise,dll_AA.c
801480B0,801480B3,release,dll_AA.c
801480B4,801485E7,func03,
801485E8,801485EB,initialise,dll_AB.c
801485EC,801485EF,release,dll_AB.c
801485F0,80148BFB,func03,
80148BFC,80148BFF,initialise,dll_AC.c
80148C00,80148C03,release,dll_AC.c
80148C04,8014908B,func03,
8014908C,8014908F,initialise,dll_AD.c
80149090,80149093,release,dll_AD.c
80149094,801495C7,func03,
801495C8,801495CB,initialise,dll_AE.c
801495CC,801495CF,release,dll_AE.c
801495D0,80149A8B,func03,
80149A8C,80149A8F,initialise,dll_B0.c
80149A90,80149A93,release,dll_B0.c
80149A94,80149A97,func03,
80149A98,80149A9B,initialise,dll_B1.c
80149A9C,80149A9F,release,dll_B1.c
80149AA0,8014A0FB,func03,
8014A0FC,8014A0FF,initialise,dll_B2.c
8014A100,8014A103,release,dll_B2.c
8014A104,8014A857,func03,
8014A858,8014A85B,initialise,dll_B3.c
8014A85C,8014A85F,release,dll_B3.c
8014A860,8014ADDF,func03,
8014ADE0,8014ADE3,initialise,dll_B4.c
8014ADE4,8014ADE7,release,dll_B4.c
8014ADE8,8014B2FF,func03,
8014B300,8014B303,initialise,dll_B5.c
8014B304,8014B307,release,dll_B5.c
8014B308,8014B81F,func03,
8014B820,8014B823,initialise,dll_B6.c
8014B824,8014B827,release,dll_B6.c
8014B828,8014BAA7,func03,
8014BAA8,8014BAAB,initialise,dll_B7.c
8014BAAC,8014BAAF,release,dll_B7.c
8014BAB0,8014BAB7,func03,
8014BAB8,8014BABB,initialise,dll_B8.c
8014BABC,8014BABF,release,dll_B8.c
8014BAC0,8014C037,func03,
8014C038,8014C03B,initialise,dll_B9.c
8014C03C,8014C03F,release,dll_B9.c
8014C040,8014C483,func03,
8014C484,8014C487,initialise,dll_BA.c
8014C488,8014C48B,release,dll_BA.c
8014C48C,8014CDBB,func03,
8014CDBC,8014CDBF,initialise,dll_BB.c
8014CDC0,8014CDC3,release,dll_BB.c
8014CDC4,8014D2EB,func03,
8014D2EC,8014D2EF,initialise,dll_BC.c
8014D2F0,8014D2F3,release,dll_BC.c
8014D2F4,8014D7B7,func03,
8014D7B8,8014D7BB,initialise,dll_BD.c
8014D7BC,8014D7BF,release,dll_BD.c
8014D7C0,8014DF37,func03,
8014DF38,8014DF3B,initialise,dll_BF.c
8014DF3C,8014DF3F,release,dll_BF.c
8014DF40,8014E437,func03,
8014E438,8014E43B,initialise,dll_C4.c
8014E43C,8014E43F,release,dll_C4.c
8014E440,8014E9EF,func03,
8014E9F0,8014E9F3,initialise,dll_C5.c
8014E9F4,8014E9F7,release,dll_C5.c
8014E9F8,8014EF47,func03,
8014EF48,8014EF4B,initialise,dll_C6.c
8014EF4C,8014EF4F,release,dll_C6.c
8014EF50,8014F47B,func03,
8014F47C,8014F47F,initialise,dll_C0.c
8014F480,8014F483,release,dll_C0.c
8014F484,8014F7CB,func03,
8014F7CC,8014F7CF,initialise,dll_C1.c
8014F7D0,8014F7D3,release,dll_C1.c
8014F7D4,8014FB8F,func03,
8014FB90,8014FB93,initialise,dll_BE.c
8014FB94,8014FB97,release,dll_BE.c
8014FB98,8014FFFB,func03,
8014FFFC,8014FFFF,initialise,dll_C2.c
80150000,80150003,release,dll_C2.c
80150004,80150433,func03,
80150434,80150437,initialise,dll_C3.c
80150438,8015043B,release,dll_C3.c
8015043C,80150747,func03,
80150748,8015074B,initialise,dll_C7.c
8015074C,8015074F,release,dll_C7.c
80150750,80150CE7,func03,
80150CE8,80150CEB,initialise,dll_C8.c
80150CEC,80150CEF,release,dll_C8.c
80150CF0,801511CB,func03,
801511CC,801511CF,initialise,dll_C9.c
801511D0,801511D3,release,dll_C9.c
801511D4,80151BDB,func03,
80151BDC,80151BDF,initialise,dll_CA.c
80151BE0,80151BE3,release,dll_CA.c
80151BE4,8015257B,func03,
8015257C,8015257F,initialise,dll_CB.c
80152580,80152583,release,dll_CB.c
80152584,801528B3,func03,
801528B4,801528B7,initialise,dll_CC.c
801528B8,801528BB,release,dll_CC.c
801528BC,80152BFB,func03,
80152BFC,80152BFF,initialise,dll_CD.c
80152C00,80152C03,release,dll_CD.c
80152C04,80152FF3,func03,
80152FF4,80152FF7,initialise,dll_CE.c
80152FF8,80152FFB,release,dll_CE.c
80152FFC,801534B7,func03,
801534B8,80153523,initialise,camcontrol.c
80153524,8015354B,release,camcontrol.c
8015354C,80153603,func03,camcontrol.c
80153604,8015396F,func04,camcontrol.c
80153970,80153977,func05,camcontrol.c
80153978,8015397F,func06,camcontrol.c
80153980,80153987,func07,camcontrol.c
80153988,801539EF,func08,camcontrol.c
801539F0,80153AC7,func09,camcontrol.c
80153AC8,80153B17,camcontrol_func1E,
80153B18,80153B67,func1A,camcontrol.c
80153B68,80153BD3,func0A,camcontrol.c
80153BD4,80153DB7,func0B,camcontrol.c
80153DB8,80153DD3,func0C,camcontrol.c
80153DD4,80153DFB,func0D,camcontrol.c
80153DFC,80153E2F,moveBy,camcontrol.c
80153E30,80153E67,func0F,camcontrol.c
80153E68,80153F3F,func10,camcontrol.c
80153F40,80153F4B,func11,camcontrol.c
80153F4C,80153F57,func12,camcontrol.c
80153F58,80153F6B,func14,camcontrol.c
80153F6C,80153F77,func15,camcontrol.c
80153F78,80153F93,func16,camcontrol.c
80153F94,80154453,func17,camcontrol.c
80154454,801544CF,func18,camcontrol.c
801544D0,8015453B,func19,camcontrol.c
8015453C,8015454F,func1C,camcontrol.c
80154550,8015457F,func13,camcontrol.c
80154580,80154597,func1D,
80154598,801545F3,FUN_80154598,
801545F4,80154673,FUN_801545f4,
80154674,80154733,FUN_80154674,
80154734,80154B3F,FUN_80154734,
80154B40,80154C83,camDllFn_80154b40,
80154C84,80154CB7,FUN_80154c84,
80154CB8,80154D0B,FUN_80154cb8,
80154D0C,80154E03,FUN_80154d0c,
80154E04,80155133,FUN_80154e04,
80155134,80155183,loadObjInteractIcons,
80155184,801553B3,drawObjInteractIcon,
801553B4,801553BB,func1B,camcontrol.c
801553BC,801553C3,FUN_801553bc,
801553C4,80155403,initialise,cutCam.c
80155404,80155427,release,cutCam.c
80155428,80155BDF,init,cutCam.c
80155BE0,80155E17,update,cutCam.c
80155E18,80155E63,func05,cutCam.c
80155E64,80156177,func06,cutCam.c
80156178,801563F7,follow,cutCam.c
801563F8,801564D3,func08,cutCam.c
801564D4,80156B53,func09,cutCam.c
80156B54,80156BAB,func0A,cutCam.c
80156BAC,80156DDB,func0B,
80156DDC,8015705F,cameraUpdateFov,
80157060,8015726F,FUN_80157060,
80157270,8015733F,FUN_80157270,
80157340,80157497,FUN_80157340,
80157498,8015749F,ret0_80157498,
801574A0,8015761F,FUN_801574a0,
80157620,80157823,FUN_80157620,
80157824,80157903,FUN_80157824,
80157904,80157AA3,FUN_80157904,
80157AA4,80157AA7,initialise,attention.c
80157AA8,80157AAB,release,attention.c
80157AAC,8015818B,init,attention.c
8015818C,80158357,update,attention.c
80158358,8015837B,func05,attention.c
8015837C,8015837F,func06,
80158380,801584CB,FUN_80158380,
801584CC,8015867F,FUN_801584cc,
80158680,80158727,FUN_80158680,
80158728,801587B3,FUN_80158728,
801587B4,801589C7,FUN_801587b4,
801589C8,80158B67,FUN_801589c8,
80158B68,80158B6B,initialise,dll_52.c
80158B6C,80158B6F,release,dll_52.c
80158B70,80158BCF,init,dll_52.c
80158BD0,80158E7B,update,dll_52.c
80158E7C,80158E9F,func05,dll_52.c
80158EA0,80158EA3,func06,
80158EA4,80158F87,FUN_80158ea4,
80158F88,8015900B,FUN_80158f88,
8015900C,80159097,FUN_8015900c,
80159098,8015912B,FUN_80159098,
8015912C,8015912F,initialise,firstperson.c
80159130,80159133,release,firstperson.c
80159134,80159647,init,firstperson.c
80159648,80159AB7,update,firstperson.c
80159AB8,80159B03,func05,firstperson.c
80159B04,80159B07,func06,
80159B08,80159E2F,FUN_80159b08,
80159E30,8015A07B,FUN_80159e30,
8015A07C,8015A603,FUN_8015a07c,
8015A604,8015A6AB,FUN_8015a604,
8015A6AC,8015A6AF,initialise,dll_53.c
8015A6B0,8015A6B3,release,dll_53.c
8015A6B4,8015A6FB,init,dll_53.c
8015A6FC,8015AA03,update,dll_53.c
8015AA04,8015AA27,func05,dll_53.c
8015AA28,8015AA2B,func06,
8015AA2C,8015AA2F,initialise,dll_55.c
8015AA30,8015AA33,release,dll_55.c
8015AA34,8015ABFF,init,dll_55.c
8015AC00,8015AE73,update,dll_55.c
8015AE74,8015AE97,func05,dll_55.c
8015AE98,8015AE9B,func06,
8015AE9C,8015B0D7,CameraModeTestStrength_fn8010b238,
8015B0D8,8015B4DB,FUN_8015b0d8,
8015B4DC,8015B5CB,FUN_8015b4dc,
8015B5CC,8015B5CF,initialise,camCtrl54.c
8015B5D0,8015B5D3,release,camCtrl54.c
8015B5D4,8015BA57,init,camCtrl54.c
8015BA58,8015C0CF,update,camCtrl54.c
8015C0D0,8015C0F3,func05,camCtrl54.c
8015C0F4,8015C0F7,func06,
8015C0F8,8015C333,CameraModeTestStrength_fn8010b238,
8015C334,8015C787,FUN_8015c334,
8015C788,8015CA37,FUN_8015c788,
8015CA38,8015CC7F,pathCamFn_8015ca38,
8015CC80,8015D31B,FUN_8015cc80,
8015D31C,8015D433,FUN_8015d31c,
8015D434,8015D7C7,FUN_8015d434,
8015D7C8,8015D7CB,initialise,dll_56.c
8015D7CC,8015D7CF,release,dll_56.c
8015D7D0,8015D953,init,dll_56.c
8015D954,8015E127,update,dll_56.c
8015E128,8015E16F,func05,dll_56.c
8015E170,8015E173,func06,
8015E174,8015E1FB,FUN_8015e174,
8015E1FC,8015E2A3,FUN_8015e1fc,
8015E2A4,8015E4C3,getTargetDistance,
8015E4C4,8015E4C7,initialise,dll_57.c
8015E4C8,8015E4CB,release,dll_57.c
8015E4CC,8015E583,init,dll_57.c
8015E584,8015E96F,update,dll_57.c
8015E970,8015E993,func05,dll_57.c
8015E994,8015E99F,func06,
8015E9A0,8015E9A3,initialise,dll_58.c
8015E9A4,8015E9A7,release,dll_58.c
8015E9A8,8015EC7B,init,dll_58.c
8015EC7C,8015EEFB,update,dll_58.c
8015EEFC,8015EF27,func05,dll_58.c
8015EF28,8015EF2B,func06,
8015EF2C,8015F0B7,FUN_8015ef2c,
8015F0B8,8015F0BB,initialise,dll_59.c
8015F0BC,8015F0BF,release,dll_59.c
8015F0C0,8015F117,init,dll_59.c
8015F118,8015F11B,update,dll_59.c
8015F11C,8015F11F,func05,dll_59.c
8015F120,8015F123,func06,
8015F124,8015F127,initialise,camTalk.c
8015F128,8015F12B,release,camTalk.c
8015F12C,8015F42F,func03,camTalk.c
8015F430,8015F61B,func04,camTalk.c
8015F61C,8015F643,func05,camTalk.c
8015F644,8015F647,func06,
8015F648,8015F64B,initialise,dll_5B.c
8015F64C,8015F64F,release,dll_5B.c
8015F650,8015F6EF,func03,dll_5B.c
8015F6F0,80160337,func04,dll_5B.c
80160338,8016035B,func05,dll_5B.c
8016035C,801603EF,func06,
801603F0,801603F3,initialise,dll_5C.c
801603F4,801603F7,release,dll_5C.c
801603F8,80160437,func03,dll_5C.c
80160438,80160607,func04,dll_5C.c
80160608,8016062B,func05,dll_5C.c
8016062C,8016062F,func06,
80160630,80160633,initialise,dll_5D.c
80160634,80160637,release,dll_5D.c
80160638,8016066B,func03,dll_5D.c
8016066C,801607CF,func04,dll_5D.c
801607D0,801607F3,func05,dll_5D.c
801607F4,801607F7,func06,
801607F8,801607FB,initialise,dll_5E.c
801607FC,801607FF,release,dll_5E.c
80160800,80160877,func03,dll_5E.c
80160878,801609E3,func04,dll_5E.c
801609E4,801609E7,func05,dll_5E.c
801609E8,801609EB,func06,
801609EC,801609EF,initialise,dll_5F.c
801609F0,801609F3,release,dll_5F.c
801609F4,80160A33,func03,dll_5F.c
80160A34,80160CF7,func04,dll_5F.c
80160CF8,80160CFB,func05,dll_5F.c
80160CFC,80160CFF,func06,
80160D00,80160E87,FUN_80160d00,
80160E88,80160E8B,initialise,dll_60.c
80160E8C,80160E8F,release,dll_60.c
80160E90,80160FE7,func03,dll_60.c
80160FE8,8016112F,func04,dll_60.c
80161130,80161153,func05,dll_60.c
80161154,80161157,func06,
80161158,8016115B,initialise,dll_61.c
8016115C,8016115F,release,dll_61.c
80161160,80161253,func03,dll_61.c
80161254,801616F3,func04,dll_61.c
801616F4,80161717,func05,dll_61.c
80161718,8016171B,func06,
8016171C,8016171F,initialise,dll_62.c
80161720,80161723,release,dll_62.c
80161724,8016177F,func03,dll_62.c
80161780,80161893,func04,dll_62.c
80161894,801618B7,func05,dll_62.c
801618B8,801618BB,func06,
801618BC,801618BF,initialise,camDebug.c
801618C0,801618C3,release,camDebug.c
801618C4,8016196F,func03,camDebug.c
80161970,801619FB,func04,camDebug.c
801619FC,801619FF,func05,camDebug.c
80161A00,80161A37,func06,
80161A38,80161DA7,camDebugFn_80161a38,
80161DA8,80161DAB,func03,baddieControl.c
80161DAC,80161DAF,func04,baddieControl.c
80161DB0,80161F9F,func08,baddieControl.c
80161FA0,80161FA7,func09,baddieControl.c
80161FA8,80162137,func07,baddieControl.c
80162138,8016236F,func05,baddieControl.c
80162370,8016247F,func06,baddieControl.c
80162480,801624AB,func0A,baddieControl.c
801624AC,801624C7,func0B,baddieControl.c
801624C8,801627E7,func0F,baddieControl.c
801627E8,8016296B,func10,baddieControl.c
8016296C,80162AAF,func0D,baddieControl.c
80162AB0,80162B3F,func0E,baddieControl.c
80162B40,80162C63,func13,baddieControl.c
80162C64,80162F2B,func14,baddieControl.c
80162F2C,8016304F,func0C,baddieControl.c
80163050,8016320B,func15,baddieControl.c
80163214,801632D3,SUB_80163214,
801632D4,8016365F,func16,baddieControl.c
80163660,80163837,func17,baddieControl.c
80163838,8016386B,func11,baddieControl.c
8016386C,80163C9F,func18,baddieControl.c
80163CA0,80163D87,func12,baddieControl.c
80163D88,80163E77,func19,baddieControl.c
80163E78,80163F03,func1A,
80163F04,80163F2F,initialise,moveLib.c
80163F30,80163F5B,release,moveLib.c
80163F5C,80164297,turnRangeFn_80163f5c,
80164298,80164373,FUN_80164298,
80164374,80164913,func03,moveLib.c
80164914,8016491B,func04,moveLib.c
8016491C,8016492B,func08,moveLib.c
8016492C,80164A2B,func05,moveLib.c
80164A2C,80164B8F,func06,moveLib.c
80164B90,80164D17,func07,moveLib.c
80164D18,80164D9B,fn_80164D18,
80164D9C,801650DF,func0D,moveLib.c
801650E0,8016527F,func0E,moveLib.c
80165280,8016532F,pathFn_80165280,
80165330,801653BB,FUN_80165330,
801653BC,801655CF,FUN_801653bc,
801655D0,80165747,FUN_801655d0,
80165748,8016581B,createPoint,moveLib.c
8016581C,8016593B,func0C,moveLib.c
8016593C,801659BF,findPoint,moveLib.c
801659C0,80165A37,func09,moveLib.c
80165A38,80165A3B,nop_80165A38,
80165A3C,80165A3F,func0F,
80165A40,80165A6B,initialise,projLib.c
80165A6C,80165A97,release,projLib.c
80165A98,80165D73,func03,projLib.c
80165D74,80165F53,func04,projLib.c
80165F54,801660E3,func05,
801660E4,801661EB,initialise,POST.c
801661EC,80166247,release,POST.c
80166248,8016638B,func03,POST.c
8016638C,801663B7,n_post,POST.c
801663B8,80166633,render,
80166634,801666C7,initialise,n_rareware.c
801666C8,80166703,release,n_rareware.c
80166704,80166823,frameStart,n_rareware.c
80166824,80166827,func04,n_rareware.c
80166828,80166AB7,func05,
80166AB8,80166C83,initialise,dll_39.c
80166C84,80166C87,release,dll_39.c
80166C88,80166FC3,func03,dll_39.c
80166FC4,80166FC7,func04,dll_39.c
80166FC8,80167093,func05,
80167094,801670D3,FUN_80167094,
801670D4,8016722F,initialise,dll_3A.c
80167230,80167233,release,dll_3A.c
80167234,80167463,func03,dll_3A.c
80167464,80167467,func04,dll_3A.c
80167468,80167937,func05,
80167938,80167A7F,FUN_80167938,
80167A80,80167B57,FUN_80167a80,
80167B58,80167C77,FUN_80167b58,
80167C78,80167D43,FUN_80167c78,
80167D44,80167E7F,FUN_80167d44,
80167E80,80167FEB,FUN_80167e80,
80167FEC,801680B7,FUN_80167fec,
801680B8,801681F3,FUN_801680b8,
801681F4,801682BF,FUN_801681f4,
801682C0,8016838F,FUN_801682c0,
80168390,801684D3,FUN_80168390,
801684D4,80168593,FUN_801684d4,
80168594,8016869F,FUN_80168594,
801686A0,8016878B,FUN_801686a0,
8016878C,801687E7,FUN_8016878c,
801687E8,80168833,FUN_801687e8,
80168834,8016889B,FUN_80168834,
8016889C,801688F7,FUN_8016889c,
801688F8,8016895B,FUN_801688f8,
8016895C,80168B3B,FUN_8016895c,
80168B3C,80168C3F,initialise,dll_3B.c
80168C40,80168C5F,release,dll_3B.c
80168C60,80168DE7,func03,dll_3B.c
80168DE8,80168DEB,func04,dll_3B.c
80168DEC,80169027,func05,
80169028,8016906F,FUN_80169028,
80169070,8016914F,FUN_80169070,
80169150,801692AB,initialise,n_options.c
801692AC,801692AF,release,n_options.c
801692B0,80169923,func03,n_options.c
80169924,80169927,func04,n_options.c
80169928,80169FE3,func05,
80169FE4,8016A037,FUN_80169fe4,
8016A038,8016A16B,FUN_8016a038,
8016A16C,8016A31F,FUN_8016a16c,
8016A320,8016A4CB,FUN_8016a320,
8016A4CC,8016A7CF,FUN_8016a4cc,
8016A7D0,8016AAB7,FUN_8016a7d0,
8016AAB8,8016ACC7,FUN_8016aab8,
8016ACC8,8016AE0B,FUN_8016acc8,
8016AE0C,8016AF43,FUN_8016ae0c,
8016AF44,8016B023,FUN_8016af44,
8016B024,8016B0F7,FUN_8016b024,
8016B0F8,8016B1BB,FUN_8016b0f8,
8016B1BC,8016B5F7,FUN_8016b1bc,
8016B5F8,8016B687,FUN_8016b5f8,
8016B688,8016B72F,FUN_8016b688,
8016B730,8016B733,nop_8016B730,
8016B734,8016B87B,FUN_8016b734,
8016B87C,8016B947,FUN_8016b87c,
8016B948,8016BA3F,initialise,n_pausemenu.c
8016BA40,8016BAA3,release,n_pausemenu.c
8016BAA4,8016BD1B,func03,n_pausemenu.c
8016BD1C,8016BD1F,func04,n_pausemenu.c
8016BD20,8016C2B3,func05,
8016C2B4,8016C3F3,initialise,dll_3E.c
8016C3F4,8016C427,release,dll_3E.c
8016C428,8016C89B,func03,dll_3E.c
8016C89C,8016C89F,func04,dll_3E.c
8016C8A0,8016CDAF,func05,
8016CDB0,8016CDB3,initialise,dll_40.c
8016CDB4,8016CDB7,release,dll_40.c
8016CDB8,8016CDBF,func03,dll_40.c
8016CDC0,8016CDC3,func04,dll_40.c
8016CDC4,8016CDC7,func05,
8016CDC8,8016CF6B,initialise,commandmenu.c
8016CF6C,8016D07B,release,
8016D07C,8016D113,release,commandmenu.c
8016D114,8016D11F,func12,commandmenu.c
8016D120,8016D127,func16,commandmenu.c
8016D128,8016D2EF,frameStart,commandmenu.c
8016D2F0,8016DA3F,frameEnd,commandmenu.c
8016DA40,8016DB63,render,commandmenu.c
8016DB64,8016DB7F,func09,commandmenu.c
8016DB80,8016DBA3,func0A,commandmenu.c
8016DBA4,8016DBF7,func0B,commandmenu.c
8016DBF8,8016DC03,func0C,commandmenu.c
8016DC04,8016DC0B,func0D,commandmenu.c
8016DC0C,8016DE17,func08,commandmenu.c
8016DE18,8016DE7B,func06,commandmenu.c
8016DE7C,8016DE87,func07,commandmenu.c
8016DE88,8016DEA3,func0F,commandmenu.c
8016DEA4,8016DF37,func10,commandmenu.c
8016DF38,8016DF43,func11,commandmenu.c
8016DF44,8016E0BF,commandMenuFn_8016df44,
8016E0C0,8016E22F,FUN_8016e0c0,
8016E230,8016EAC7,commandMenuRun,
8016EAC8,8016EB27,FUN_8016eac8,
8016EB28,8016EB9B,FUN_8016eb28,
8016EB9C,8016EC1F,FUN_8016eb9c,
8016EC20,8016EC53,FUN_8016ec20,
8016EC54,8016EC73,setShowCommandMenu,
8016EC74,8016EDFB,commandMenuFn_8016ec74,
8016EDFC,8016F44B,e3MenuFn_8016edfc,
8016F44C,8016F657,FUN_8016f44c,
8016F658,8016F7FB,FUN_8016f658,
8016F7FC,8016F91F,commandMenuFn_8016f7fc,
8016F920,8016FBFF,FUN_8016f920,
8016FC00,80170197,FUN_8016fc00,
80170198,80170703,FUN_80170198,
80170704,80170B83,FUN_80170704,
80170B84,80170CD7,commandMenuFn_80170b84,commandmenu.c
80170CD8,80170DB7,commandMenuFn_80170cd8,commandmenu.c
80170DB8,801711EB,FUN_80170db8,
801711EC,801712FF,FUN_801711ec,
80171300,80171423,FUN_80171300,
80171424,8017147F,FUN_80171424,
80171480,801714B3,FUN_80171480,
801714B4,801714E3,FUN_801714b4,
801714E4,801714EF,FUN_801714e4,
801714F0,801714FB,FUN_801714f0,
801714FC,8017166F,cMenuUpdateAnims,
80171670,80171987,aButtonFn_80171670,
80171988,801719B7,FUN_80171988,
801719B8,801719E7,FUN_801719b8,
801719E8,801719F3,FUN_801719e8,
801719F4,801719FF,FUN_801719f4,
80171A00,80171BFB,FUN_80171a00,
80171BFC,80171F07,infoTextFn_80171bfc,
80171F08,80172307,commandMenuFn_80171f08,
80172308,80172A87,FUN_80172308,
80172A88,80172AB3,func13,commandmenu.c
80172AB4,80172AD7,FUN_80172ab4,
80172AD8,80172BA3,qInfoShow,commandmenu.c
80172BA4,80172C1F,qInfoShowTex,commandmenu.c
80172C20,80172E8B,hudDrawTimedElement,
80172E8C,80172E93,func0E,commandmenu.c
80172E94,8017305B,energyBarCreate,commandmenu.c
8017305C,80173147,energyBarFn18,commandmenu.c
80173148,80173317,FUN_80173148,
80173318,80173393,energyBarKill,commandmenu.c
80173394,801733E7,eneryBarFn1A,commandmenu.c
801733E8,80173437,eneryBarFn1B,
80173438,8017343F,FUN_80173438,
80173440,80173447,FUN_80173440,
80173448,80173463,FUN_80173448,
80173464,8017347F,FUN_80173464,
80173480,80173483,release,
80173484,801734A7,initialise,dll_44.c
801734A8,801734AB,release,dll_44.c
801734AC,8017351B,func03,dll_44.c
8017351C,801735B3,func04,dll_44.c
801735B4,801737FF,func05,dll_44.c
80173800,801738A3,func06,dll_44.c
801738A4,801738AF,func07,dll_44.c
801738B0,801739DF,func08,dll_44.c
801739E0,80173A43,func09,dll_44.c
80173A44,80173A4F,func0A,dll_44.c
80173A50,80173A5B,func0B,
80173A5C,80173AC7,initialise,picmenu.c
80173AC8,80173B17,release,picmenu.c
80173B18,80173E03,func03,picmenu.c
80173E04,80173E7F,func04,picmenu.c
80173E80,801743EF,func05,picmenu.c
801743F0,8017481B,func06,picmenu.c
8017481C,80174827,func07,picmenu.c
80174828,80174833,func08,picmenu.c
80174834,8017483F,func0E,picmenu.c
80174840,8017485B,func09,picmenu.c
8017485C,80174877,func0A,picmenu.c
80174878,801748DB,func0B,picmenu.c
801748DC,801748E7,func0C,picmenu.c
801748E8,80174937,func0D,picmenu.c
80174938,8017497F,func0F,
80174980,80174A6F,FUN_80174980,
80174A70,80174BE7,FUN_80174a70,
80174BE8,80174C57,FUN_80174be8,
80174C58,80174D73,picMenuTexFn_80174c58,
80174D74,80174DD7,initialise,frontend_control.c
80174DD8,80174E27,release,frontend_control.c
80174E28,80174EEB,func03,frontend_control.c
80174EEC,80174F9B,func04,frontend_control.c
80174F9C,80175063,func05,frontend_control.c
80175064,8017508B,func06,frontend_control.c
8017508C,80175327,func07,frontend_control.c
80175328,801753C3,func08,frontend_control.c
801753C4,801753CF,func09,frontend_control.c
801753D0,801753F7,func0A,frontend_control.c
801753F8,801753FF,func0B,frontend_control.c
80175400,80175413,func0C,frontend_control.c
80175414,8017541F,func0D,frontend_control.c
80175420,80175447,func0E,
80175448,8017559B,FUN_80175448,
8017559C,8017564F,FUN_8017559c,
80175650,801758CB,FUN_80175650,
801758CC,80175933,initialise,dll_43.c
80175934,80175997,release,dll_43.c
80175998,8017599F,func03,dll_43.c
801759A0,801759A3,func04,dll_43.c
801759A4,801759EB,func05,
801759EC,80175A33,initialise,dll_47.c
80175A34,80175B0B,release,dll_47.c
80175B0C,80175B87,func03,dll_47.c
80175B88,801767DF,func04,dll_47.c
801767E0,80177AF3,func05,
80177AF4,80177B37,initialise,dll_36.c
80177B38,80177B8F,release,dll_36.c
80177B90,80177BE3,func03,dll_36.c
80177BE4,80177C23,FUN_80177be4,
80177C24,80178557,func04,
80178558,8017857F,initialise,dll_48.c
80178580,801785A3,release,dll_48.c
801785A4,801785AB,func03,dll_48.c
801785AC,801785AF,func04,dll_48.c
801785B0,8017873F,func05,
80178740,80178793,initialise,dll_49.c
80178794,801787BF,release,dll_49.c
801787C0,80178B0B,frameStart,dll_49.c
80178B0C,80178B0F,func04,dll_49.c
80178B10,80178D0F,func05,
80178D10,80178DAF,initialise,dll_4A.c
80178DB0,80178DEB,release,dll_4A.c
80178DEC,80178E5F,frameStart,dll_4A.c
80178E60,80178E63,func04,dll_4A.c
80178E64,80179647,func05,dll_4A.c
80179648,8017964F,func06,
80179650,80179653,initialise,dll_4B.c
80179654,80179657,release,dll_4B.c
80179658,8017965F,func03,dll_4B.c
80179660,80179663,func04,dll_4B.c
80179664,80179667,func05,
80179668,8017966B,func03,swaphol.c
8017966C,8017966F,release,swaphol.c
80179670,801796CB,FUN_80179670,
801796CC,80179803,swapholFn_801796cc,
80179804,80179957,swapholFn_80179804,
80179958,80179A43,FUN_80179958,
80179A44,80179A47,nop_80179A44,
80179A48,80179A4B,func03,dll_4E.c
80179A4C,80179A4F,release,dll_4E.c
80179A50,80179AAB,FUN_80179a50,
80179AAC,80179B07,fn_80179AAC,
80179B08,80179B0B,func03,dll_4D.c
80179B0C,80179B0F,release,dll_4D.c
80179B10,80179B5F,caveFn_80179b10,
80179B60,80179BC7,diProfReset,
80179BC8,80179C4F,diProfStart,
80179C50,80179D5F,diProfEnd,
80179D60,80179EBF,diProfPrint,
80179EC0,8017A0D7,perfInit,prof.c
8017A0D8,8017A2AF,diProfStoreFn_8017a0d8,
8017A2B0,8017A2FF,FUN_8017a2b0,
8017A300,8017A307,FUN_8017a300,
8017A308,8017A30F,setEnableRspStatusDisplay,
8017A310,8017A317,FUN_8017a310,
8017A318,8017A31F,FUN_8017a318,
8017A320,8017A327,FUN_8017a320,
8017A328,8017A37B,nop_8017a328,prof.c
8017A37C,8017A59B,printRspStatus,prof.c
8017A59C,8017A637,dummiedProfFn_8017a59c,prof.c
8017A638,8017A687,FUN_8017a638,prof.c
8017A688,8017A86F,debugSaveFn_8017a688,
8017A870,8017A8CF,diMenuInit,diMenu.c
8017A8D0,8017AD57,debugMenuPush,diMenu.c
8017AD58,8017AE57,debugMenuPop,diMenu.c
8017AE58,8017AE87,debugMenuPopAll,diMenu.c
8017AE88,8017AFC3,FUN_8017ae88,diMenu.c
8017AFC4,8017AFCB,FUN_8017afc4,diMenu.c
8017AFCC,8017AFD7,set_diMenuVisible,diMenu.c
8017AFD8,8017AFE3,FUN_8017afd8,diMenu.c
8017AFE4,8017AFEF,setDebugFlag_80399885,diMenu.c
8017AFF0,8017AFFB,clearDebugFlag_80399885,diMenu.c
8017AFFC,8017B10B,diMenuStringInit,diMenu.c
8017B10C,8017B383,diMenuFn_8017b10c,diMenu.c
8017B384,8017BA0F,FUN_8017b384,diMenu.c
8017BA10,8017BB3F,diMenuFn_8017ba10,diMenu.c
8017BB40,8017BD07,cBoostFn_8017bb40,diMenu.c
8017BD08,8017BDDB,FUN_8017bd08,diMenu.c
8017BDDC,8017BEE7,FUN_8017bddc,diMenu.c
8017BEE8,8017BF73,FUN_8017bee8,
8017BF74,8017BFFB,FUN_8017bf74,
8017BFFC,8017C103,diCreateDisplayList,
8017C104,8017C277,listCodeRender,listcode.c
8017C278,8017C357,rspFn_8017c278,
8017C358,8017C35F,ret0_8017C358,
8017C360,8017C3A3,FUN_8017c360,
8017C3A4,8017C3AF,disableDebugObjSequencer,
8017C3B0,8017C49B,enterMainDebugMenu,
8017C49C,8017C4D3,diMenuFn_maybeReset,
8017C4D4,8017C4F7,debugMenuResetFn_8017c4d4,
8017C4F8,8017C55F,checkSomeDebugFlags_8017c4f8,
8017C560,8017C663,debugStartGame,
8017C664,8017C66B,ret0_8017C664,
8017C66C,8017C6AB,debugPlayMap,
8017C6AC,8017C8DF,diMenuFn_8017c6ac,
8017C8E0,8017CA1B,debugRunMapSelect,
8017CA1C,8017CA5F,debugDiagnostics,
8017CA60,8017CAAB,debugSetLod,
8017CAAC,8017CAFB,debugViewTextures,
8017CAFC,8017CB4B,debugViewModels,
8017CB4C,8017CC4B,debugToggleSetupPoint,
8017CC4C,8017CDAF,debugDoPlayMap,
8017CDB0,8017CE57,debugToggleObjHits,
8017CE58,8017CEFF,debugToggleObjRepel,
8017CF00,8017CFA3,debugToggleGameMonitor,
8017CFA4,8017D01F,debugSetResolution,
8017D020,8017D093,debugToggleWorldEdit,
8017D094,8017D107,debugToggleMusic,
8017D108,8017D17B,debugToggleVoices,
8017D17C,8017D1EF,debugToggleSfx,
8017D1F0,8017D247,debugSetSoundMode,
8017D248,8017D2BB,debugToggleHeadSize,
8017D2BC,8017D317,debugGameDiag,
8017D318,8017D373,debugPerfProfile,
8017D374,8017D407,debugToggleRealTime,
8017D408,8017D4DB,debugTogglePerfRecording,
8017D4DC,8017D57B,debugToggleProfiler,
8017D57C,8017D5E3,debugTogglePlayback,
8017D5E4,8017D657,debugToggleInstrumentation,
8017D658,8017D65F,ret0_8017D658,
8017D660,8017D6D3,debugToggleRomPosTable,
8017D6D4,8017D747,debugToggleObjTimeTable,
8017D748,8017D74F,isShowObjTimeTable,
8017D750,8017D7C3,debugToggleViewTexcacheUsage,
8017D7C4,8017D7CB,shouldShowTexCacheUsed,
8017D7CC,8017D83F,debugToggleViewMemUsed,
8017D840,8017D847,shouldShowMemUsed,
8017D848,8017D8BB,debugToggleViewHits,
8017D8BC,8017D92F,debugToggleViewShadowObjs,
8017D930,8017D9A3,debugToggleViewVoxMaps,
8017D9A4,8017DA17,debugToggleViewEdges,
8017DA18,8017DA8B,debugToggleWideScreen,
8017DA8C,8017DAFF,debugToggleDinoVista,
8017DB00,8017DB73,debugToggleMeter,
8017DB74,8017DBE7,debugToggleRcpCounters,
8017DBE8,8017DC57,debugToggleViewFrameTime,
8017DC58,8017DC5F,isFrameTimeDisplayEnabled,
8017DC60,8017DC67,ret0_8017DC60,
8017DC68,8017DCEB,debugToggleCurves,
8017DCEC,8017DD6F,debugToggleGameplay,
8017DD70,8017DE03,debugToggleGraphic,
8017DE04,8017DE87,debugToggleAnimation,
8017DE88,8017DF0B,debugToggleBaddies,
8017DF0C,8017DF9F,debugToggleCollectables,
8017DFA0,8017E023,debugToggleCameras,
8017E024,8017E0A7,debugToggleTriggers,
8017E0A8,8017E147,debugToggleLevel,
8017E148,8017E1E7,debugToggleAllObjs,
8017E1E8,8017E1EF,FUN_8017e1e8,
8017E1F0,8017E1F7,isViewShadowObjsEnabled,
8017E1F8,8017E1FF,isViewVoxMapEnabled,
8017E200,8017E207,isWidescreen,
8017E208,8017E20F,isDinoVista,
8017E210,8017E277,debugObjEdit,
8017E278,8017E2CB,debugObjCopier,
8017E2CC,8017E31B,debugObjSequencer,
8017E31C,8017E383,diMenuSelectMemoryCard,
8017E384,8017E4CF,diMenuCreateGame,
8017E4D0,8017E503,FUN_8017e4d0,
8017E508,8017E543,FUN_8017e508,
8017E548,8017E5CF,debugMenuGoBack,
8017E5D0,8017E697,FUN_8017e5d0,
8017E698,8017E6CF,debugManageSaves,
8017E6D0,8017E6FF,debugToggleCard,
8017E700,8017E72F,debugToggleCard,
8017E730,8017E77F,debugNoMemcards,
8017E780,8017E7F3,debugFormatMemCard,
8017E7F4,8017E833,debugEnterName,
8017E834,8017E893,debugCreateGame,
8017E894,8017E913,debugRenameGame2,
8017E914,8017E99B,debugCopyGame2,
8017E99C,8017EA53,debugCreateGame,
8017EA54,8017EAB7,debugSetFilename,
8017EAB8,8017EB37,debugDeleteGame,
8017EB38,8017EB8B,debugSelectMemCard,
8017EB8C,8017EC23,debugLoadGame,
8017EC24,8017ECDB,debugRenameGame,
8017ECDC,8017ED93,debugCopyGame,
8017ED94,8017EE0F,debugLoadSettings,
8017EE10,8017EEBB,debugSaveSettings,
8017EEBC,8017EEFB,debugLoadGameFromDb,
8017EEFC,8017EF3B,debugSaveGameToDb,
8017EF3C,8017EF97,debugFullGameSave,
8017EF98,8017EF9F,ret0_8017EF98,
8017EFA0,8017EFE3,debugGameText,
8017EFE4,8017F027,debugTaskText,
8017F028,8017F16F,debugToggleGameText,
8017F170,8017F2EF,debugToggleLanguage,
8017F2F0,8017F39F,debugViewAsText,
8017F3A0,8017F43B,debugViewAsSubtitle,
8017F43C,8017F503,debugViewTasksDone,
8017F504,8017F5BF,debugToggleTaskDoneNum,
8017F5C0,8017F637,debugViewNextClue,
8017F638,8017F63F,ret0_8017F638,
8017F640,8017F647,ret0_8017F640,
8017F648,8017F767,initTrkMap,
8017F768,8017FAC7,debugToggleRomdefDetails,
8017FAC8,8017FB1B,FUN_8017fac8,
8017FB1C,8017FB83,debugEnterObjEdit,
8017FB84,8017FBEB,debugDoObjEdit,
8017FBEC,8017FD4B,mapDebugFn_8017fbec,
8017FD4C,8017FD83,debugSaveTrackMap,
8017FD84,801800FB,debugFn_8017fd84,
801800FC,80180177,objSetFn_801800fc,
80180178,801801B3,FUN_80180178,
801801B4,8018022B,FUN_801801b4,
8018022C,8018078B,debugFn_8018022c,
8018078C,80180C97,objDebugFn_8018078c,
80180C98,80180D63,FUN_80180c98,
80180D64,801810A3,debugDoCamMove,
801810A4,801810EB,FUN_801810a4,
801810EC,80181203,debugShowUpdateActNo,
80181204,8018134F,debugShowUpdateObjLoadMode,
80181350,8018144F,debugShowUpdateCamMode,
80181450,8018155F,FUN_80181450,
80181560,80181BBF,FUN_80181560,
80181BC0,80181BDB,isModelAnimDisabled,
80181BDC,80181D47,switchD_80181c08_switchD,
80181D48,80181D4F,setDisableModelAnimations,
80181D50,80181DB3,FUN_80181d50,
80181DB4,80181DFB,FUN_80181db4,
80181DFC,80181E13,FUN_80181dfc,
80181E14,80181E6F,objEditUpdate,
80181E70,80181F37,objEditFn_80181e70,
80181F38,801820FF,init,
80182100,801823AF,debugObjEditMain,
801823B0,801826EB,FUN_801823b0,
801826EC,80182C93,classTypeFn_801826ec,
80182C94,80182D4F,objDebugFn_80182c94,
80182D50,80182E3F,objDebugFn_80182d50,
80182E40,80182F43,objDebugFn_80182e40,
80182F44,80183057,objDebugFn_80182f44,
80183058,8018316B,objDebugFn_80183058,
8018316C,8018326F,objDebugFn_8018316c,
80183270,80183383,objDebugFn_80183270,
80183384,80183497,objDebugFn_80183384,
80183498,80183617,FUN_80183498,
80183618,801836FF,objDebugFn_80183618,
80183700,801837B3,objDebugFn_80183700,
801837B4,80183933,distFn_801837b4,
80183934,80183B2F,FUN_80183934,
80183B30,80183C17,FUN_80183b30,
80183C18,80183E6F,FUN_80183c18,
80183E70,80183FC7,FUN_80183e70,
80183FC8,80184123,ObjEdit_fn_80183fc8,
80184124,80184247,FUN_80184124,
80184248,8018434F,ObjEdit_FUN_80184248,
80184350,801843C3,FUN_80184350,
801843C4,8018442F,FUN_801843c4,
80184430,801844CB,FUN_80184430,
801844CC,80184537,FUN_801844cc,
80184538,801845D7,getDefForObj,
801845D8,80184647,objGetRomlistSize,
80184648,801846B3,printObjClass,
801846B4,8018471F,objEditFn_801846b4,
80184720,80184B0B,lookFn_80184720,
80184B0C,80184B57,debugMapEdit,
80184B58,80184BC7,debugMapEdit,
80184BC8,80185A13,debugMapEditMain,
80185A14,80185E0B,FUN_80185a14,
80185E0C,801862E7,mapEditFn_80185e0c,
801862E8,801862EB,nop_801862E8,
801862EC,8018684F,mapEditFn_801862ec,
80186850,80186D73,mapEditDrawFn_80186850,
80186D74,80186DF3,debugHitEdit,
80186DF4,80186E7F,debugLineEdit,
80186E80,80186F0B,debugVtxEdit,
80186F0C,80186FB3,FUN_80186f0c,
80186FB4,80187063,debugViewHitsFn_80186fb4,
80187064,80187117,debugSaveHits,
80187118,80187187,fn_80187118,
80187188,80187BDF,debugFn_80187188,
80187BE0,80188803,debugFn_80187be0,
80188804,80188C53,FUN_80188804,
80188C54,80189163,FUN_80188c54,
80189164,8018952B,debugFn_80189164,
8018952C,80189963,FUN_8018952c,
80189964,80189AF7,FUN_80189964,
80189AF8,80189BD3,FUN_80189af8,
80189BD4,80189CBF,FUN_80189bd4,
80189CC0,80189E8B,FUN_80189cc0,
80189E8C,8018A017,FUN_80189e8c,
8018A018,8018A317,FUN_8018a018,
8018A318,8018A58B,mapBlockFn_8018a318,
8018A58C,8018A77F,FUN_8018a58c,
8018A780,8018A9DF,FUN_8018a780,
8018A9E0,8018AA7F,camUpdateFn_8018a9e0,
8018AA80,8018AA9F,FUN_8018aa80,
8018AAA0,8018AAE3,diMenuObjSeqEditor,
8018AAE4,8018ACCF,diObjSeqEditor,
8018ACD0,8018AE33,camCtrlFn_8018acd0,
8018AE34,8018AED3,camUpdateFn_8018ae34,
8018AED4,8018B167,debugFn_8018aed4,
8018B168,8018B4B3,debugFn_8018b168,
8018B4B4,8018B6FB,debugFn_8018b4b4,
8018B6FC,8018BC9F,FUN_8018b6fc,
8018BCA0,8018BCBF,FUN_8018bca0,
8018BCC0,8018BCC3,nop_8018BCC0,
8018BCC4,8018BCCB,isCamRotZdisabled,
8018BCCC,8018BD1B,debugTrackView,
8018BD1C,8018BE0B,debugTrackViewFn_8018bd1c,
8018BE0C,8018BEB3,diMenuTexture_8018be0c,
8018BEB4,8018BF2B,FUN_8018beb4,
8018BF2C,8018BF8B,FUN_8018bf2c,
8018BF8C,8018C07B,FUN_8018bf8c,
8018C07C,8018C0F7,FUN_8018c07c,
8018C0F8,8018C16F,FUN_8018c0f8,
8018C170,8018C1F3,FUN_8018c170,
8018C1F4,8018C21F,FUN_8018c1f4,
8018C220,8018C583,debugFn_8018c220,
8018C584,8018C587,nop_8018C584,
8018C588,8018C6C3,textureViewerFn_8018c588,
8018C6C4,8018C95B,FUN_8018c6c4,
8018C95C,8018CA67,FUN_8018c95c,
8018CA68,8018CD33,debugDoModelView,
8018CD34,8018D5DF,debugModelViewMain,
8018D5E0,8018D743,debugModelViewLoadObj,
8018D744,8018D74B,FUN_8018d744,
8018D74C,8018D82F,debugModelViewerExit,
8018D830,8018DD0F,debugFn_8018d830,
8018DD10,8018DEF3,debugModelViewPrintInfo,
8018DEF4,8018E3F7,genWeaponData,
8018E3F8,8018E467,debugToggleHeapDisplay,
8018E468,8018E46F,isHeapDebugDisplayEnabled,
8018E470,8018E4D3,FUN_8018e470,
8018E4D4,8018E92B,drawHeapInfo,
8018E92C,8018EAAF,FUN_8018e92c,
8018EAB0,8018EBE7,FUN_8018eab0,
8018EBE8,8018ECEF,FUN_8018ebe8,
8018ECF0,8018EDF3,FUN_8018ecf0,
8018EDF4,8018EE43,getHeapColorTag,
8018EE44,8018F033,debugDoPad1Toggles,
8018F034,8018F2C7,FUN_8018f034,
8018F2C8,8018F2CF,isMainCharacterEnabled,
8018F2D0,8018F2D7,isLandscapeEnabled,
8018F2D8,8018F2DF,areModelsEnabled,
8018F2E0,8018F2E7,isAntiAliasEnabled,
8018F2E8,8018F2EF,FUN_8018f2e8,
8018F2F0,8018F2F7,checkDebugCamFlag_8018f2f0,
8018F2F8,8018F42B,strBufFn_8018f2f8,
8018F42C,8018F493,perfAlloc,perform_viewer.c
8018F494,8018F55B,initPerfMon,
8018F55C,8018F5CB,FUN_8018f55c,
8018F5CC,8018F657,perfFn_8018f5cc,
8018F658,8018F66B,store_0_to_stackC,
8018F66C,8018F6B7,FUN_8018f66c,
8018F6B8,8018F70B,FUN_8018f6b8,
8018F70C,8018F8DB,perfRenderFn_8018f70c,
8018F8DC,8018F90B,FUN_8018f8dc,
8018F90C,8018F9E3,FUN_8018f90c,
8018F9E4,8018F9EF,FUN_8018f9e4,
8018F9F0,8018FA4F,FUN_8018f9f0,
8018FA50,8018FABF,streamFn_8018fa50,
8018FAC0,8018FB2F,FUN_8018fac0,
8018FB30,8018FBB7,gameStreamFn_8018fb30,
8018FBB8,8018FBFB,printAssertFail,
8018FBFC,8018FC8F,debugPrintInit,
8018FC90,8018FD83,diPrintf,
8018FD84,8018FE5B,printf,
8018FE5C,8018FF47,debugPrint,
8018FF48,80190103,debugPrintDraw,
80190104,8019012F,dprintReset,
80190130,8019019B,dprintSetColor,
8019019C,80190207,dprintSetBgColor,
80190208,8019027B,dprintSetPos,
8019027C,80190437,debugPrintMeasureStr,
80190438,801907DB,debugPrintDrawChar,
801907DC,8019096F,fillRectWithDebugTextColor,
80190970,80190ED3,drawDebugChr,
80190ED4,80190F47,debugCalcTextRegion,
80190F48,80190F5B,dprintResetFn_80190f48,
80190F5C,80190F73,debugPrintLineBreak,
80190F74,80190F7B,debugPrintLockBuffer,
80190F7C,80191017,Trigger_debugPrintf,
80191018,80191057,defaultErrorHandler,
80191058,80191987,bsodThreadMain,
80191988,80191A33,initBsod,
80191A34,80191A8F,gxClearFrameBuffer,
80191A90,80191C53,debugPrintfxy,
80191C54,80191D37,debugTextDrawToFrameBuffer,
80191D38,80191D97,bsodDrawLineH,
80191D98,80191DF7,bsodDrawLineV,
80191DF8,80191E3B,viWaitNextFrame,
80191E3C,80191E5B,playerInitFuncPtrs_,
80191E5C,801921E7,playerOnLoad,
801921E8,8019265F,FUN_801921e8,
80192660,801929F3,FUN_80192660,
801929F4,80192FD3,playerRender,
80192FD4,801930AB,krystalFree,
801930AC,80193153,FUN_801930ac,
80193154,80193163,FUN_80193154,
80193164,80193357,FUN_80193164,
80193358,8019347B,FUN_80193358,
8019347C,8019460B,playerSeqFn,
8019460C,80194CBB,foxFn_8019460c,
80194CBC,80195153,switchD_80194d1c_caseD_6,
80195154,801952AF,FUN_80195154,
801952B0,8019531F,FUN_801952b0,
80195320,8019551F,FUN_80195320,
80195520,8019563F,FUN_80195520,
80195640,801956BB,FUN_80195640,
801956BC,801957D3,FUN_801956bc,
801957D4,80195843,FUN_801957d4,
80195844,801958CF,FUN_80195844,
801958D0,8019597B,FUN_801958d0,
8019597C,80195A1F,FUN_8019597c,
80195A20,80195AB7,charLoadFn_80195a20,
80195AB8,80195ABB,nop_80195AB8,
80195ABC,80195AF7,FUN_80195abc,
80195AF8,80195B67,FUN_80195af8,
80195B68,8019605B,switchD_80195c70_caseD_1b,
8019605C,801960E3,FUN_8019605c,
801960E4,80196127,FUN_801960e4,
80196128,8019648F,FUN_80196128,
80196490,80196567,FUN_80196490,
80196568,8019680B,FUN_80196568,
8019680C,801968A3,objFn_8019680c,
801968A4,80196AD3,FUN_801968a4,
80196AD4,80196C3B,FUN_80196ad4,
80196C3C,80196CDB,FUN_80196c3c,
80196CDC,80196DFB,FUN_80196cdc,
80196DFC,80196E23,playerAddChildObj_,
80196E24,80196EAF,playerAddChildObj,
80196EB0,8019719B,playerRenderModel,
8019719C,80197467,playerDrawTeleportAnim,
80197468,801976E3,playerAnimFn_80197468,
801976E4,80197717,FUN_801976e4,
80197718,8019771F,ret1_80197718,
80197720,801977CF,FUN_80197720,
801977D0,801978BB,FUN_801977d0,
801978BC,80197A0F,FUN_801978bc,
80197A10,80197E1B,FUN_80197a10,
80197E1C,801980BB,FUN_80197e1c,
801980BC,8019828F,playerUpdateRidingObj,
80198290,8019830F,FUN_80198290,
80198310,801983FF,FUN_80198310,
80198400,8019848F,FUN_80198400,
80198490,8019857B,playerFn_80198490,
8019857C,801987EF,FUN_8019857c,
801987F0,80198A1B,FUN_801987f0,
80198A1C,80198AD3,FUN_80198a1c,
80198AD4,80198BAF,FUN_80198ad4,
80198BB0,80198DBF,FUN_80198bb0,
80198DC0,80198DE3,FUN_80198dc0,
80198DE4,80198EA3,FUN_80198de4,
80198EA4,80198F5B,FUN_80198ea4,
80198F5C,80199947,switchD_801992d4_caseD_1,
80199948,80199BE3,playerMoveFn_802a71e0,
80199BE4,80199BEB,ret2_80199BE4,
80199BEC,80199FB3,FUN_80199bec,
80199FB4,8019A297,FUN_80199fb4,
8019A298,8019A5CF,FUN_8019a298,
8019A5D0,8019ABEB,krystalFn_8019a5d0,
8019ABEC,8019AC73,FUN_8019abec,
8019AC74,8019AE07,FUN_8019ac74,
8019AE08,8019AF0F,FUN_8019ae08,
8019AF10,8019B06B,FUN_8019af10,
8019B06C,8019B09B,FUN_8019b06c,
8019B09C,8019B757,switchD_8019b30c_caseD_8,
8019B758,8019B79F,FUN_8019b758,
8019B7A0,8019BD37,FUN_8019b7a0,
8019BD38,8019BE57,FUN_8019bd38,
8019BE58,8019C42F,FUN_8019be58,
8019C430,8019C4BB,FUN_8019c430,
8019C4BC,8019C527,FUN_8019c4bc,
8019C528,8019C66F,FUN_8019c528,
8019C670,8019CA3F,FUN_8019c670,
8019CA40,8019CE37,switchD_8019cadc_caseD_e,
8019CE38,8019D5C3,switchD_8019cefc_caseD_3,
8019D5C4,8019D94B,FUN_8019d5c4,
8019D94C,8019D9A7,FUN_8019d94c,
8019D9A8,8019DEF3,FUN_8019d9a8,
8019DEF4,8019E8DB,FUN_8019def4,
8019E8DC,8019ECFB,FUN_8019e8dc,
8019ECFC,8019EE27,FUN_8019ecfc,
8019EE28,8019F17F,FUN_8019ee28,
8019F180,8019FC87,playerStateClimbWall,
8019FC88,8019FF87,FUN_8019fc88,
8019FF88,801A02B7,FUN_8019ff88,
801A02B8,801A032F,fn_801A02B8,
801A0330,801A058F,FUN_801a0330,
801A0590,801A0D13,FUN_801a0590,
801A0D14,801A13F7,FUN_801a0d14,
801A13F8,801A1893,playerStateMountObj,
801A1894,801A18CB,checkBit2D0,
801A18CC,801A1BDF,playerStateRidingBike,
801A1BE0,801A1C5B,fn_801A1BE0,
801A1C5C,801A2157,playerState19,
801A2158,801A262B,crawlFn_801a2158,
801A262C,801A277F,FUN_801a262c,
801A2780,801A2EE3,switchD_801a2880_caseD_48,
801A2EE4,801A2EF3,fn_801A2EE4,
801A2EF4,801A31AB,FUN_801a2ef4,
801A31AC,801A3297,FUN_801a31ac,
801A3298,801A32BF,fn_801A3298,
801A32C0,801A3433,FUN_801a32c0,
801A3434,801A34DB,FUN_801a3434,
801A34DC,801A355F,FUN_801a34dc,
801A3560,801A3697,FUN_801a3560,
801A3698,801A379B,FUN_801a3698,
801A379C,801A3ABB,FUN_801a379c,
801A3ABC,801A3B27,FUN_801a3abc,
801A3B28,801A3BF3,FUN_801a3b28,
801A3BF4,801A3CBF,FUN_801a3bf4,
801A3CC0,801A3D3F,FUN_801a3cc0,
801A3D40,801A3E3B,FUN_801a3d40,
801A3E3C,801A4343,FUN_801a3e3c,
801A4344,801A4977,FUN_801a4344,
801A4978,801A4A63,FUN_801a4978,
801A4A64,801A4AB3,fn_801A4A64,
801A4AB4,801A4B17,FUN_801a4ab4,
801A4B18,801A4B33,FUN_801a4b18,
801A4B34,801A4CBF,FUN_801a4b34,
801A4CC0,801A4D8F,FUN_801a4cc0,
801A4D90,801A51BF,FUN_801a4d90,
801A51C0,801A53A3,FUN_801a51c0,
801A53A4,801A5487,FUN_801a53a4,
801A5488,801A554B,fn_801A5488,
801A554C,801A561F,FUN_801a554c,
801A5620,801A585F,FUN_801a5620,
801A5860,801A5CB7,FUN_801a5860,
801A5CB8,801A5CBF,ret0_801A5CB8,
801A5CC0,801A625F,FUN_801a5cc0,
801A6260,801A631F,FUN_801a6260,
801A6320,801A65AB,switchD_801a636c_caseD_de,
801A65AC,801A67A7,playerSpellFn_801a65ac,
801A67A8,801A684B,FUN_801a67a8,
801A684C,801A693B,FUN_801a684c,
801A693C,801A6ACB,FUN_801a693c,
801A6ACC,801A6C5B,FUN_801a6acc,
801A6C5C,801A6DE7,FUN_801a6c5c,
801A6DE8,801A6F8B,FUN_801a6de8,
801A6F8C,801A6FAF,FUN_801a6f8c,
801A6FB0,801A6FB7,ret0_801A6FB0,
801A6FB8,801A70A3,FUN_801a6fb8,
801A70A4,801A72B3,FUN_801a70a4,
801A72B4,801A735B,FUN_801a72b4,
801A735C,801A736F,fn_801A735C,
801A7370,801A73E3,FUN_801a7370,
801A73E4,801A742F,FUN_801a73e4,
801A7430,801A758B,FUN_801a7430,
801A758C,801A7757,FUN_801a758c,
801A7758,801A783B,FUN_801a7758,
801A783C,801A78D7,FUN_801a783c,
801A78D8,801A78DF,ret0_801A78D8,
801A78E0,801A791B,FUN_801a78e0,
801A791C,801A7937,playerGetRidingObj,
801A7938,801A7973,FUN_801a7938,
801A7974,801A7997,FUN_801a7974,
801A7998,801A79B3,FUN_801a7998,
801A79B4,801A79EF,FUN_801a79b4,
801A79F0,801A7A43,FUN_801a79f0,
801A7A44,801A7AA7,FUN_801a7a44,
801A7AA8,801A7ACB,FUN_801a7aa8,
801A7ACC,801A7AEF,FUN_801a7acc,
801A7AF0,801A7B23,FUN_801a7af0,
801A7B24,801A7B7B,FUN_801a7b24,
801A7B7C,801A7C23,FUN_801a7b7c,
801A7C24,801A7C57,FUN_801a7c24,
801A7C58,801A7C8B,FUN_801a7c58,
801A7C8C,801A7CDB,FUN_801a7c8c,
801A7CDC,801A7D17,FUN_801a7cdc,
801A7D18,801A7DA7,FUN_801a7d18,
801A7DA8,801A7DC7,FUN_801a7da8,
801A7DC8,801A7DFB,FUN_801a7dc8,
801A7DFC,801A7E2F,FUN_801a7dfc,
801A7E30,801A7E4B,FUN_801a7e30,
801A7E4C,801A7E67,FUN_801a7e4c,
801A7E68,801A7E83,FUN_801a7e68,
801A7E84,801A7E9F,FUN_801a7e84,
801A7EA0,801A7ED3,FUN_801a7ea0,
801A7ED4,801A7F43,FUN_801a7ed4,
801A7F44,801A7F77,FUN_801a7f44,
801A7F78,801A7FA7,FUN_801a7f78,
801A7FA8,801A7FD7,FUN_801a7fa8,
801A7FD8,801A80A7,krystalCarryFn_801a7fd8,
801A80A8,801A80CB,FUN_801a80a8,
801A80CC,801A80E7,FUN_801a80cc,
801A80E8,801A8107,FUN_801a80e8,
801A8108,801A8173,FUN_801a8108,
801A8174,801A8203,setHaveSpell,
801A8204,801A829B,FUN_801a8204,
801A829C,801A82BB,FUN_801a829c,
801A82BC,801A82D7,FUN_801a82bc,
801A82D8,801A830F,FUN_801a82d8,
801A8310,801A8357,FUN_801a8310,
801A8358,801A8377,FUN_801a8358,
801A8378,801A83B3,FUN_801a8378,
801A83B4,801A83CF,FUN_801a83b4,
801A83D0,801A83DB,FUN_801a83d0,
801A83DC,801A8457,FUN_801a83dc,
801A8458,801A846F,FUN_801a8458,
801A8470,801A848B,FUN_801a8470,
801A848C,801A84A7,FUN_801a848c,
801A84A8,801A84C3,FUN_801a84a8,
801A84C4,801A84F3,FUN_801a84c4,
801A84F4,801A850F,FUN_801a84f4,
801A8510,801A852B,FUN_801a8510,
801A852C,801A8537,FUN_801a852c,
801A8538,801A8577,FUN_801a8538,
801A8578,801A85A7,FUN_801a8578,
801A85A8,801A87B3,FUN_801a85a8,
801A87B4,801A8903,foxWeaponFn_801a87b4,fox.c
801A8904,801A890B,FUN_801a8904,
801A890C,801A8913,krystalIsClaw,
801A8914,801A8943,FUN_801a8914,
801A8944,801A896B,FUN_801a8944,
801A896C,801A8A0B,FUN_801a896c,
801A8A0C,801A8B9B,mainGet,
801A8B9C,801A8CF7,switchD_801a8bf0_caseD_9,
801A8CF8,801A9127,playerInitFuncPtrs,
801A9128,801A9227,initialise,tricky.c
801A9228,801A922B,release,tricky.c
801A922C,801A9457,init,tricky.c
801A9458,801A9E1B,update,tricky.c
801A9E1C,801A9F93,render,tricky.c
801A9F94,801AA03F,free,tricky.c
801AA040,801AA047,func08,tricky.c
801AA048,801AA04F,getExtraSize,tricky.c
801AA050,801AA057,setScale,tricky.c
801AA058,801AA05B,func0B,tricky.c
801AA05C,801AA05F,modelMtxFn,tricky.c
801AA060,801AA063,render2,tricky.c
801AA064,801AA07F,func0E,tricky.c
801AA080,801AA087,func0F,tricky.c
801AA088,801AA17B,func10,tricky.c
801AA17C,801AA19F,func1D,
801AA1A0,801AA223,func11,tricky.c
801AA224,801AA243,func12,tricky.c
801AA244,801AA263,func13,tricky.c
801AA264,801AA28F,func14,tricky.c
801AA290,801AA2AF,func15,tricky.c
801AA2B0,801AA2B7,func16,tricky.c
801AA2B8,801AA2BB,func17,tricky.c
801AA2BC,801AA323,func18,tricky.c
801AA324,801AA3A3,sideFind,tricky.c
801AA3A4,801AA463,FUN_801aa3a4,
801AA464,801AA4B7,func1B,tricky.c
801AA4B8,801AA4F3,func1C,tricky.c
801AA4F4,801AA53F,func1A,tricky.c
801AA540,801AA6DF,fn_801AA540,
801AA6E0,801AA743,trickyState0,
801AA744,801AA977,FUN_801aa744,
801AA978,801AAA93,FUN_801aa978,
801AAA94,801AABA3,trickyState18,
801AABA4,801AAC83,trickyState1,
801AAC84,801AAF27,trickyState2,
801AAF28,801AB40F,trickyState3,
801AB410,801AB413,nop_801AB410,
801AB414,801AB5F7,trickyState5,
801AB5F8,801AB6E7,trickyState6,
801AB6E8,801ABACF,trickyState7,
801ABAD0,801ABDCB,trickyState8,
801ABDCC,801ABDCF,nop_801ABDCC,
801ABDD0,801ABE77,FUN_801abdd0,
801ABE78,801AC1B3,trickyState10,
801AC1B4,801AC2FF,FUN_801ac1b4,
801AC300,801AC377,FUN_801ac300,
801AC378,801AC83B,trickyState11,
801AC83C,801AC88B,trickyState12,
801AC88C,801AC8DB,trickyState13,
801AC8DC,801ACC03,trickyState14,
801ACC04,801ACD53,trickyState15,
801ACD54,801ACFBB,trickyState16,
801ACFBC,801AD187,trickyState17,
801AD188,801AD287,FUN_801ad188,
801AD288,801AD313,FUN_801ad288,
801AD314,801AD40B,FUN_801ad314,
801AD40C,801AD4D3,FUN_801ad40c,
801AD4D4,801AEDD7,walkTypeFn_801ad4d4,
801AEDD8,801AEF7B,FUN_801aedd8,
801AEF7C,801AF16B,FUN_801aef7c,
801AF16C,801AF1FB,FUN_801af16c,
801AF1FC,801AF3D3,doDigPartFx,
801AF3D4,801AF623,FUN_801af3d4,
801AF624,801AF8D7,FUN_801af624,
801AF8D8,801AF9C3,FUN_801af8d8,
801AF9C4,801AFBC3,FUN_801af9c4,
801AFBC4,801AFCAB,FUN_801afbc4,
801AFCAC,801AFE8F,FUN_801afcac,
801AFE90,801AFEFB,FUN_801afe90,
801AFEFC,801AFF3F,FUN_801afefc,
801AFF40,801AFFF3,FUN_801aff40,
801AFFF4,801B0047,FUN_801afff4,
801B0048,801B00F7,FUN_801b0048,
801B00F8,801B0167,FUN_801b00f8,
801B0168,801B036B,FUN_801b0168,
801B036C,801B041F,FUN_801b036c,
801B0420,801B0557,tricky_yawOfVector,tricky.c
801B0558,801B05CB,FUN_801b0558,tricky.c
801B05CC,801B0673,FUN_801b05cc,tricky.c
801B0674,801B0737,FUN_801b0674,tricky.c
801B0738,801B07A3,FUN_801b0738,tricky.c
801B07A4,801B0817,FUN_801b07a4,tricky.c
801B0818,801B0ACB,trickyHitsFn_801b0818,tricky.c
801B0ACC,801B0AEF,FUN_801b0acc,tricky.c
801B0AF0,801B0C33,trickyNearObjFn_801b0af0,tricky.c
801B0C34,801B0CCF,FUN_801b0c34,
801B0CD0,801B0CF7,FUN_801b0cd0,
801B0CF8,801B0E7B,FUN_801b0cf8,
801B0E7C,801B0E8F,FUN_801b0e7c,
801B0E90,801B0F0B,FUN_801b0e90,
801B0F0C,801B0FE3,FUN_801b0f0c,
801B0FE4,801B1053,FUN_801b0fe4,
801B1054,801B10AB,FUN_801b1054,
801B10AC,801B110B,FUN_801b10ac,
801B110C,801B110F,initialise,maybeTemplate.c
801B1110,801B1113,release,maybeTemplate.c
801B1114,801B1473,init,maybeTemplate.c
801B1474,801B170B,update,maybeTemplate.c
801B170C,801B170F,hitDetect,maybeTemplate.c
801B1710,801B1953,render,maybeTemplate.c
801B1954,801B19E3,free,maybeTemplate.c
801B19E4,801B19EB,func08,maybeTemplate.c
801B19EC,801B19F3,getExtraSize,
801B19F4,801B1BC3,FUN_801b19f4,
801B1BC4,801B1D4F,turnTowardTarget,
801B1D50,801B210B,FUN_801b1d50,
801B210C,801B248B,FUN_801b210c,
801B248C,801B25CF,FUN_801b248c,
801B25D0,801B281B,FUN_801b25d0,
801B281C,801B2953,FUN_801b281c,
801B2954,801B2A0F,FUN_801b2954,
801B2A10,801B2A7F,FUN_801b2a10,
801B2A80,801B2D53,FUN_801b2a80,
801B2D54,801B2EDB,objPrintStateConfigFlags,
801B2EDC,801B2FDB,FUN_801b2edc,
801B2FDC,801B322F,FUN_801b2fdc,
801B3230,801B33BF,FUN_801b3230,
801B33C0,801B34DB,FUN_801b33c0,
801B34DC,801B35FF,FUN_801b34dc,
801B3600,801B3723,FUN_801b3600,
801B3724,801B3847,FUN_801b3724,
801B3848,801B3C4B,FUN_801b3848,
801B3C4C,801B3EA3,FUN_801b3c4c,
801B3EA4,801B3F8F,FUN_801b3ea4,
801B3F90,801B4053,FUN_801b3f90,
801B4054,801B4057,initialise,balloonBaddie.c
801B4058,801B405B,release,balloonBaddie.c
801B405C,801B41AB,init,balloonBaddie.c
801B41AC,801B46D7,update,balloonBaddie.c
801B46D8,801B46DB,hitDetect,balloonBaddie.c
801B46DC,801B487B,render,balloonBaddie.c
801B487C,801B48CF,free,balloonBaddie.c
801B48D0,801B48D7,func08,balloonBaddie.c
801B48D8,801B48DF,getExtraSize,
801B48E0,801B4E5B,FUN_801b48e0,
801B4E5C,801B4E5F,initialise,swarmBaddie.c
801B4E60,801B4E63,release,swarmBaddie.c
801B4E64,801B4FD3,init,swarmBaddie.c
801B4FD4,801B5293,update,swarmBaddie.c
801B5294,801B5297,hitDetect,swarmBaddie.c
801B5298,801B534B,render,swarmBaddie.c
801B534C,801B539F,free,swarmBaddie.c
801B53A0,801B53A7,func08,swarmBaddie.c
801B53A8,801B53AF,getExtraSize,
801B53B0,801B571F,FUN_801b53b0,
801B5720,801B5723,initialise,wispBaddie.c
801B5724,801B5727,release,wispBaddie.c
801B5728,801B589B,init,wispBaddie.c
801B589C,801B5D0F,update,wispBaddie.c
801B5D10,801B5D13,hitDetect,wispBaddie.c
801B5D14,801B5DC7,render,wispBaddie.c
801B5DC8,801B5E1B,free,wispBaddie.c
801B5E1C,801B5E23,func08,wispBaddie.c
801B5E24,801B5E2B,getExtraSize,
801B5E2C,801B61A3,FUN_801b5e2c,
801B61A4,801B620B,FUN_801b61a4,
801B620C,801B620F,nop_801B620C,
801B6210,801B6293,templateFn_801b6210,
801B6294,801B63CB,FUN_801b6294,
801B63CC,801B65F3,FUN_801b63cc,
801B65F4,801B66D3,FUN_801b65f4,
801B66D4,801B69E3,FUN_801b66d4,
801B69E4,801B6B1B,sharpClawFn_801b69e4,
801B6B1C,801B6BB3,guardClawInit,
801B6BB4,801B6DAB,FUN_801b6bb4,
801B6DAC,801B6F9F,FUN_801b6dac,
801B6FA0,801B6FA3,nop_801B6FA0,
801B6FA4,801B701F,FUN_801b6fa4,
801B7020,801B7367,FUN_801b7020,
801B7368,801B74AF,robotPatrolFn_801b7368,
801B74B0,801B754F,FUN_801b74b0,
801B7550,801B75B3,FUN_801b7550,
801B75B4,801B792B,FUN_801b75b4,
801B792C,801B7D1B,FUN_801b792c,
801B7D1C,801B7DAF,mikadalonFn_801b7d1c,
801B7DB0,801B7EF7,FUN_801b7db0,
801B7EF8,801B7FA7,wbInit,
801B7FA8,801B81F7,FUN_801b7fa8,
801B81F8,801B83EB,FUN_801b81f8,
801B83EC,801B840F,FUN_801b83ec,
801B8410,801B84C3,FUN_801b8410,
801B84C4,801B852F,FUN_801b84c4,
801B8530,801B85D3,mutatedEba_chasePlayer,
801B85D4,801B86BF,FUN_801b85d4,
801B86C0,801B87D3,mutatedEbaFn_801b86c0,
801B87D4,801B87F3,initialise,snowworm.c
801B87F4,801B87F7,release,snowworm.c
801B87F8,801B891B,init,snowworm.c
801B891C,801B8B1B,update,snowworm.c
801B8B1C,801B8B67,hitDetect,snowworm.c
801B8B68,801B8D7F,render,snowworm.c
801B8D80,801B8DF7,free,snowworm.c
801B8DF8,801B8DFF,func08,snowworm.c
801B8E00,801B8E07,getExtraSize,snowworm.c
801B8E08,801B8E27,setScale,snowworm.c
801B8E28,801B8EB3,handleMsg,
801B8EB4,801B91F7,FUN_801b8eb4,
801B91F8,801B9357,updatePlayer,
801B9358,801B9513,FUN_801b9358,
801B9514,801B973B,FUN_801b9514,
801B973C,801B99B7,FUN_801b973c,
801B99B8,801B9A7F,iceBallFn_8015cb0c,
801B9A80,801B9C67,FUN_801b9a80,
801B9C68,801B9E2F,FUN_801b9c68,
801B9E30,801B9F8F,FUN_801b9e30,
801B9F90,801BA0CB,FUN_801b9f90,
801BA0CC,801BA1FB,FUN_801ba0cc,
801BA1FC,801BA407,FUN_801ba1fc,
801BA408,801BA637,FUN_801ba408,
801BA638,801BA75B,FUN_801ba638,
801BA75C,801BA7FB,FUN_801ba75c,
801BA7FC,801BA8F7,FUN_801ba7fc,
801BA8F8,801BAAFB,snowWormFn_801ba8f8,
801BAAFC,801BAC17,FUN_801baafc,
801BAC18,801BAD7B,FUN_801bac18,
801BAD7C,801BAF63,snowWormFn_801bad7c,
801BAF64,801BB11B,FUN_801baf64,
801BB11C,801BB1DB,FUN_801bb11c,
801BB1DC,801BB2A7,playerFn_8015b670,
801BB2A8,801BB30F,FUN_801bb2a8,
801BB310,801BB36B,FUN_801bb310,
801BB36C,801BB40B,playerIceSpellFn_8015b524,
801BB40C,801BB677,playerFn_8015b2a0,
801BB678,801BBA2B,playerThrowFn_8015af10,
801BBA2C,801BBB4F,FUN_801bba2c,
801BBB50,801BBB6F,initialise,babySnowWorm.c
801BBB70,801BBB73,release,babySnowWorm.c
801BBB74,801BBC97,init,babySnowWorm.c
801BBC98,801BBEB7,update,babySnowWorm.c
801BBEB8,801BBEBB,hitDetect,babySnowWorm.c
801BBEBC,801BC04F,render,babySnowWorm.c
801BC050,801BC0C3,free,babySnowWorm.c
801BC0C4,801BC0CB,func08,babySnowWorm.c
801BC0CC,801BC0D3,getExtraSize,babySnowWorm.c
801BC0D4,801BC0F3,setScale,babySnowWorm.c
801BC0F4,801BC1D3,handleMsg,
801BC1D4,801BC47F,FUN_801bc1d4,
801BC480,801BC54F,FUN_801bc480,
801BC550,801BC73B,FUN_801bc550,
801BC73C,801BC80F,FUN_801bc73c,
801BC810,801BC95B,FUN_801bc810,
801BC95C,801BCA63,FUN_801bc95c,
801BCA64,801BCB1F,FUN_801bca64,
801BCB20,801BCCE7,fn_801BCB20,
801BCCE8,801BCE17,fn_801BCCE8,
801BCE18,801BCFBF,fn_801BCE18,
801BCFC0,801BD06F,fn_801BCFC0,
801BD070,801BD193,fn_801BD070,
801BD194,801BD39B,babySnowWormFn_801bd194,
801BD39C,801BD583,babySnowWormFn_801bd39c,
801BD584,801BD60F,fn_801BD584,
801BD610,801BD643,fn_801BD610,
801BD644,801BD723,fn_801BD644,
801BD724,801BD7A3,fn_801BD724,
801BD7A4,801BD813,fn_801BD7A4,
801BD814,801BD9DB,fn_801BD814,
801BD9DC,801BDA93,FUN_801bd9dc,
801BDA94,801BDA97,initialise,chuka.c
801BDA98,801BDA9B,release,chuka.c
801BDA9C,801BDB5B,init,chuka.c
801BDB5C,801BDF2B,update,chuka.c
801BDF2C,801BDF2F,hitDetect,chuka.c
801BDF30,801BE25F,render,chuka.c
801BE260,801BE263,free,chuka.c
801BE264,801BE26B,func08,chuka.c
801BE26C,801BE273,getExtraSize,chuka.c
801BE274,801BE2E7,handleMsg,
801BE2E8,801BE3EB,FUN_801be2e8,
801BE3EC,801BE43B,FUN_801be3ec,
801BE43C,801BE43F,initialise,chukachuck.c
801BE440,801BE443,release,chukachuck.c
801BE444,801BE483,init,chukachuck.c
801BE484,801BE63F,update,chukachuck.c
801BE640,801BE643,hitDetect,chukachuck.c
801BE644,801BE69F,render,chukachuck.c
801BE6A0,801BE6BF,free,chukachuck.c
801BE6C0,801BE6C7,func08,chukachuck.c
801BE6C8,801BE6CF,getExtraSize,
801BE6D0,801BE8CF,FUN_801be6d0,
801BE8D0,801BE9D3,FUN_801be8d0,
801BE9D4,801BEA4B,FUN_801be9d4,
801BEA4C,801BEA6B,initialise,wall_crawler.c
801BEA6C,801BEA6F,release,wall_crawler.c
801BEA70,801BEB97,init,wall_crawler.c
801BEB98,801BECA3,update,wall_crawler.c
801BECA4,801BECEF,hitDetect,wall_crawler.c
801BECF0,801BEDFB,render,wall_crawler.c
801BEDFC,801BEE6F,free,wall_crawler.c
801BEE70,801BEE77,func08,wall_crawler.c
801BEE78,801BEE7F,getExtraSize,wall_crawler.c
801BEE80,801BEE9F,setScale,wall_crawler.c
801BEEA0,801BEEA3,func0B,
801BEEA4,801BF0BF,fn_801BEEA4,
801BF0C0,801BF24F,FUN_801bf0c0,
801BF250,801BF39B,FUN_801bf250,
801BF39C,801BF487,FUN_801bf39c,
801BF488,801BF50F,FUN_801bf488,
801BF510,801BF5BB,FUN_801bf510,
801BF5BC,801BF5EB,FUN_801bf5bc,
801BF5EC,801BF66B,FUN_801bf5ec,
801BF66C,801BF673,FUN_801bf66c,
801BF674,801BF693,FUN_801bf674,
801BF694,801BF757,FUN_801bf694,
801BF758,801BF7BF,FUN_801bf758,
801BF7C0,801BF893,FUN_801bf7c0,
801BF894,801BF9F7,FUN_801bf894,
801BF9F8,801BFA8B,FUN_801bf9f8,
801BFA8C,801BFAAB,initialise,dll_DB.c
801BFAAC,801BFAAF,release,dll_DB.c
801BFAB0,801BFB77,init,dll_DB.c
801BFB78,801BFCF3,update,dll_DB.c
801BFCF4,801BFD3F,hitDetect,dll_DB.c
801BFD40,801BFEBB,render,dll_DB.c
801BFEBC,801BFF13,free,dll_DB.c
801BFF14,801BFF1B,func08,dll_DB.c
801BFF1C,801BFF23,getExtraSize,
801BFF24,801BFFDF,FUN_801bff24,
801BFFE0,801C006F,FUN_801bffe0,
801C0070,801C0107,FUN_801c0070,
801C0108,801C02D7,FUN_801c0108,
801C02D8,801C03FB,FUN_801c02d8,
801C03FC,801C04FF,FUN_801c03fc,
801C0500,801C0547,FUN_801c0500,
801C0548,801C0597,ropeBaddieFn_801c0548,
801C0598,801C0603,FUN_801c0598,
801C0604,801C060B,fn_801C0604,
801C060C,801C07C3,FUN_801c060c,
801C07C4,801C08D7,FUN_801c07c4,
801C08D8,801C0BB3,objAnimFn_80161f0c,
801C0BB4,801C0C3B,FUN_801c0bb4,
801C0C3C,801C0CC3,FUN_801c0c3c,
801C0CC4,801C0D5F,FUN_801c0cc4,
801C0D60,801C0F03,FUN_801c0d60,
801C0F04,801C1003,FUN_801c0f04,
801C1004,801C10CB,FUN_801c1004,
801C10CC,801C11AF,FUN_801c10cc,
801C11B0,801C12C3,FUN_801c11b0,
801C12C4,801C1333,FUN_801c12c4,
801C1334,801C153F,FUN_801c1334,
801C1540,801C155F,FUN_801c1540,
801C1560,801C160F,FUN_801c1560,
801C1610,801C1677,FUN_801c1610,
801C1678,801C1753,FUN_801c1678,
801C1754,801C1757,initialise,dll_DA.c
801C1758,801C175B,release,dll_DA.c
801C175C,801C1777,init,dll_DA.c
801C1778,801C187B,update,dll_DA.c
801C187C,801C18BF,FUN_801c187c,
801C18C0,801C18C3,hitDetect,dll_DA.c
801C18C4,801C1937,render,dll_DA.c
801C1938,801C193B,free,dll_DA.c
801C193C,801C1943,func08,dll_DA.c
801C1944,801C194B,getExtraSize,
801C194C,801C194F,initialise,TumbleweedBush.c
801C1950,801C1953,release,TumbleweedBush.c
801C1954,801C1B4F,init,TumbleweedBush.c
801C1B50,801C1D27,update,TumbleweedBush.c
801C1D28,801C1D2B,hitDetect,TumbleweedBush.c
801C1D2C,801C1E0F,render,TumbleweedBush.c
801C1E10,801C1E13,free,TumbleweedBush.c
801C1E14,801C1E1B,func08,TumbleweedBush.c
801C1E1C,801C1E23,getExtraSize,TumbleweedBush.c
801C1E24,801C1E77,setScale,
801C1E78,801C2173,tumbleweedFn_801c2460,
801C2174,801C2177,initialise,Tumbleweed.c
801C2178,801C217B,release,Tumbleweed.c
801C217C,801C23D3,init,Tumbleweed.c
801C23D4,801C245F,update,Tumbleweed.c
801C2460,801C263F,tumbleweedFn_801c2460,
801C2640,801C2A3B,Tumbleweed1_Update,
801C2A3C,801C30DB,FUN_801c2a3c,
801C30DC,801C30DF,hitDetect,Tumbleweed.c
801C30E0,801C31B3,render,Tumbleweed.c
801C31B4,801C32EB,free,Tumbleweed.c
801C32EC,801C32F3,func08,Tumbleweed.c
801C32F4,801C32FB,getExtraSize,Tumbleweed.c
801C32FC,801C3317,setScale,Tumbleweed.c
801C3318,801C3337,func0B,Tumbleweed.c
801C3338,801C338B,modelMtxFn,Tumbleweed.c
801C338C,801C340F,render2,Tumbleweed.c
801C3410,801C343F,func0E,Tumbleweed.c
801C3440,801C345B,func0F,
801C345C,801C3937,FUN_801c345c,
801C3938,801C3B0B,FUN_801c3938,
801C3B0C,801C3B9B,FUN_801c3b0c,
801C3B9C,801C3C97,FUN_801c3b9c,
801C3C98,801C3CB7,initialise,skeetla.c
801C3CB8,801C3CBB,release,skeetla.c
801C3CBC,801C3D0B,fn_801C3CBC,
801C3D0C,801C3EA3,init,skeetla.c
801C3EA4,801C445F,update,skeetla.c
801C4460,801C4463,hitDetect,skeetla.c
801C4464,801C454F,mtxFn_80166e38,
801C4550,801C46E7,render,skeetla.c
801C46E8,801C475B,free,skeetla.c
801C475C,801C4763,func08,skeetla.c
801C4764,801C476B,getExtraSize,
801C476C,801C485F,FUN_801c476c,
801C4860,801C4A83,FUN_801c4860,
801C4A84,801C4BF7,FUN_801c4a84,
801C4BF8,801C5003,FUN_801c4bf8,
801C5004,801C57D3,FUN_801c5004,
801C57D4,801C592B,FUN_801c57d4,
801C592C,801C599B,FUN_801c592c,
801C599C,801C5AC7,fn_801C599C,
801C5AC8,801C5E77,fn_801C5AC8,
801C5E78,801C6013,fn_801C5E78,
801C6014,801C626F,fn_801C6014,
801C6270,801C630F,fn_801C6270,
801C6310,801C6317,fn_801C6310,
801C6318,801C637B,FUN_801c6318,
801C637C,801C637F,initialise,dll_DF.c
801C6380,801C6383,release,dll_DF.c
801C6384,801C63D3,init,dll_DF.c
801C63D4,801C63D7,update,dll_DF.c
801C63D8,801C63DB,hitDetect,dll_DF.c
801C63DC,801C6757,render,dll_DF.c
801C6758,801C675B,free,dll_DF.c
801C675C,801C6763,func08,dll_DF.c
801C6764,801C676B,getExtraSize,dll_DF.c
801C676C,801C687B,setScale,
801C687C,801C689B,initialise,MMP_cratercritter.c
801C689C,801C689F,release,MMP_cratercritter.c
801C68A0,801C69FB,init,MMP_cratercritter.c
801C69FC,801C6B77,update,MMP_cratercritter.c
801C6B78,801C6B7B,hitDetect,MMP_cratercritter.c
801C6B7C,801C6D0F,render,MMP_cratercritter.c
801C6D10,801C6D67,free,MMP_cratercritter.c
801C6D68,801C6D6F,func08,MMP_cratercritter.c
801C6D70,801C6D77,getExtraSize,MMP_cratercritter.c
801C6D78,801C6D97,setScale,MMP_cratercritter.c
801C6D98,801C6D9B,func0B,
801C6D9C,801C719F,FUN_801c6d9c,
801C71A0,801C73D3,FUN_801c71a0,
801C73D4,801C7623,FUN_801c73d4,
801C7624,801C782F,FUN_801c7624,
801C7830,801C7987,fireCrawlerFn_80157b58,
801C7988,801C7AA3,FUN_801c7988,
801C7AA4,801C7BBF,fn_801C7AA4,
801C7BC0,801C7C8B,fn_801C7BC0,
801C7C8C,801C7D7B,fn_801C7C8C,
801C7D7C,801C7E37,fn_801C7D7C,
801C7E38,801C7EE3,fn_801C7E38,
801C7EE4,801C805B,fn_801C7EE4,
801C805C,801C80E7,fn_801C805C,
801C80E8,801C811B,fn_801C80E8,
801C811C,801C81CF,fn_801C811C,
801C81D0,801C8237,fn_801C81D0,
801C8238,801C8293,fn_801C8238,
801C8294,801C842F,fn_801C8294,
801C8430,801C84DB,FUN_801c8430,
801C84DC,801C84DF,initialise,MMP_critterspit.c
801C84E0,801C84E3,release,MMP_critterspit.c
801C84E4,801C8553,init,MMP_critterspit.c
801C8554,801C87FB,update,MMP_critterspit.c
801C87FC,801C87FF,hitDetect,MMP_critterspit.c
801C8800,801C8803,render,MMP_critterspit.c
801C8804,801C8807,free,MMP_critterspit.c
801C8808,801C880F,func08,MMP_critterspit.c
801C8810,801C8817,getExtraSize,
801C8818,801C88D3,FUN_801c8818,
801C88D4,801C88D7,initialise,dll_E2.c
801C88D8,801C88DB,release,dll_E2.c
801C88DC,801C8917,init,dll_E2.c
801C8918,801C89FF,update,dll_E2.c
801C8A00,801C8A03,hitDetect,dll_E2.c
801C8A04,801C8A77,render,dll_E2.c
801C8A78,801C8A7B,free,dll_E2.c
801C8A7C,801C8A83,func08,dll_E2.c
801C8A84,801C8A8B,getExtraSize,
801C8A8C,801C8A8F,initialise,dll_D1.c
801C8A90,801C8A93,release,dll_D1.c
801C8A94,801C8AA3,init,dll_D1.c
801C8AA4,801C8AA7,update,dll_D1.c
801C8AA8,801C8AAB,hitDetect,dll_D1.c
801C8AAC,801C8AAF,render,dll_D1.c
801C8AB0,801C8AB3,free,dll_D1.c
801C8AB4,801C8ABB,func08,dll_D1.c
801C8ABC,801C8AC3,getExtraSize,
801C8AC4,801C8AC7,initialise,animobjD2.c
801C8AC8,801C8ACB,release,animobjD2.c
801C8ACC,801C8C23,init,animobjD2.c
801C8C24,801C8D8B,update,animobjD2.c
801C8D8C,801C8D8F,hitDetect,animobjD2.c
801C8D90,801C8DEB,render,animobjD2.c
801C8DEC,801C8E77,free,animobjD2.c
801C8E78,801C8E7F,func08,animobjD2.c
801C8E80,801C8E87,getExtraSize,
801C8E88,801C8E8B,initialise,dll_D3.c
801C8E8C,801C8E8F,release,dll_D3.c
801C8E90,801C8EBB,init,dll_D3.c
801C8EBC,801C8EBF,update,dll_D3.c
801C8EC0,801C8EC3,hitDetect,dll_D3.c
801C8EC4,801C8F1F,render,dll_D3.c
801C8F20,801C8F23,free,dll_D3.c
801C8F24,801C8F2B,func08,dll_D3.c
801C8F2C,801C8F33,getExtraSize,
801C8F34,801C8FD7,fn_801C8F34,
801C8FD8,801C90AB,initialise,weaponE6.c
801C90AC,801C9147,release,weaponE6.c
801C9148,801C93BF,init,weaponE6.c
801C93C0,801C967B,update,weaponE6.c
801C967C,801C967F,hitDetect,weaponE6.c
801C9680,801C9683,render,weaponE6.c
801C9684,801C96FB,free,weaponE6.c
801C96FC,801C9703,func08,weaponE6.c
801C9704,801C970B,getExtraSize,weaponE6.c
801C970C,801C97A3,setScale,weaponE6.c
801C97A4,801C9837,func0B,weaponE6.c
801C9838,801C988B,modelMtxFn,weaponE6.c
801C988C,801C99FF,render2,weaponE6.c
801C9A00,801C9A23,func0E,weaponE6.c
801C9A24,801C9A5F,func0F,weaponE6.c
801C9A60,801C9A7F,func10,weaponE6.c
801C9A80,801C9AAB,func11,weaponE6.c
801C9AAC,801C9ACB,func15,weaponE6.c
801C9ACC,801C9B1B,func12,weaponE6.c
801C9B1C,801C9B37,func13,weaponE6.c
801C9B38,801C9B57,func16,
801C9B58,801C9BD3,func14,weaponE6.c
801C9BD4,801C9CEB,FUN_801c9bd4,
801C9CEC,801CAD37,FUN_801c9cec,
801CAD38,801CAD57,FUN_801cad38,
801CAD58,801CAE7F,renderGroundQuakeFx,
801CAE80,801CB01B,spawnGroundQuakeFx,
801CB01C,801CB0FF,FUN_801cb01c,
801CB100,801CB103,initialise,cannon.c
801CB104,801CB107,release,cannon.c
801CB108,801CB1C3,init,cannon.c
801CB1C4,801CB85B,update,cannon.c
801CB85C,801CB85F,hitDetect,cannon.c
801CB860,801CB8BB,render,cannon.c
801CB8BC,801CB8F3,free,cannon.c
801CB8F4,801CB8FB,func08,cannon.c
801CB8FC,801CB903,getExtraSize,
801CB904,801CB907,initialise,cannonball.c
801CB908,801CB90B,release,cannonball.c
801CB90C,801CB90F,init,cannonball.c
801CB910,801CBB17,update,cannonball.c
801CBB18,801CBB1B,hitDetect,cannonball.c
801CBB1C,801CBB77,render,cannonball.c
801CBB78,801CBBAF,free,cannonball.c
801CBBB0,801CBBB7,func08,cannonball.c
801CBBB8,801CBBBF,getExtraSize,
801CBBC0,801CBBC3,initialise,projball.c
801CBBC4,801CBBC7,release,projball.c
801CBBC8,801CBC4F,init,projball.c
801CBC50,801CC16B,update,projball.c
801CC16C,801CC277,hitDetect,projball.c
801CC278,801CC2DF,render,projball.c
801CC2E0,801CC36F,free,projball.c
801CC370,801CC377,func08,projball.c
801CC378,801CC37F,getExtraSize,
801CC380,801CC6A3,FUN_801cc380,
801CC6A4,801CC6A7,initialise,grenade.c
801CC6A8,801CC6AB,release,grenade.c
801CC6AC,801CC7EB,init,grenade.c
801CC7EC,801CCE1F,update,grenade.c
801CCE20,801CCED7,hitDetect,grenade.c
801CCED8,801CCF3B,render,grenade.c
801CCF3C,801CD007,free,grenade.c
801CD008,801CD00F,func08,grenade.c
801CD010,801CD017,getExtraSize,
801CD018,801CD01B,initialise,flamethrower.c
801CD01C,801CD01F,release,flamethrower.c
801CD020,801CD1EB,init,flamethrower.c
801CD1EC,801CDA5F,update,flamethrower.c
801CDA60,801CDA63,hitDetect,flamethrower.c
801CDA64,801CDAAF,render,flamethrower.c
801CDAB0,801CDB33,free,flamethrower.c
801CDB34,801CDB3B,func08,flamethrower.c
801CDB3C,801CDB57,getExtraSize,flamethrower.c
801CDB58,801CDB6F,setScale,flamethrower.c
801CDB70,801CDB8B,func0B,flamethrower.c
801CDB8C,801CDB8F,modelMtxFn,
801CDB90,801CDB93,initialise,tesla.c
801CDB94,801CDB97,release,tesla.c
801CDB98,801CDC57,init,tesla.c
801CDC58,801CE6DF,baddieStrikeFn04,tesla.c
801CE6E0,801CE6E3,hitDetect,tesla.c
801CE6E4,801CE863,render,tesla.c
801CE864,801CE8D3,free,tesla.c
801CE8D4,801CE8DB,func08,tesla.c
801CE8DC,801CE8E3,getExtraSize,tesla.c
801CE8E4,801CE97B,FUN_801ce8e4,
801CE97C,801CE9AB,setScale,
801CE9AC,801CE9AF,initialise,dll_EC.c
801CE9B0,801CE9B3,release,dll_EC.c
801CE9B4,801CEA2F,dll_icebeam_init,dll_EC.c
801CEA30,801CEC8F,dll_icebeam_update,dll_EC.c
801CEC90,801CED03,hitDetect,dll_EC.c
801CED04,801CED6B,render,dll_EC.c
801CED6C,801CEDC7,free,dll_EC.c
801CEDC8,801CEDCF,func08,dll_EC.c
801CEDD0,801CEDD7,getExtraSize,
801CEDD8,801CF0FB,FUN_801cedd8,
801CF0FC,801CF107,initialise,TrickyCurve.c
801CF108,801CF10B,release,TrickyCurve.c
801CF10C,801CF2FF,init,TrickyCurve.c
801CF300,801CF303,update,TrickyCurve.c
801CF304,801CF307,hitDetect,TrickyCurve.c
801CF308,801D0DB7,render,TrickyCurve.c
801D0DB8,801D0EB7,FUN_801d0db8,
801D0EB8,801D0EBB,free,TrickyCurve.c
801D0EBC,801D0EC3,func08,TrickyCurve.c
801D0EC4,801D0ECB,getExtraSize,TrickyCurve.c
801D0ECC,801D0F7F,setScale,TrickyCurve.c
801D0F80,801D0F87,func0B,
801D0F88,801D0F8B,initialise,sfxplayer.c
801D0F8C,801D0F8F,release,sfxplayer.c
801D0F90,801D1073,init,sfxplayer.c
801D1074,801D12D3,update,sfxplayer.c
801D12D4,801D12D7,hitDetect,sfxplayer.c
801D12D8,801D13B3,render,sfxplayer.c
801D13B4,801D13B7,free,sfxplayer.c
801D13B8,801D13BF,func08,sfxplayer.c
801D13C0,801D13C7,getExtraSize,
801D13C8,801D13CB,initialise,crate.c
801D13CC,801D13CF,release,crate.c
801D13D0,801D14CB,init,crate.c
801D14CC,801D189B,update,crate.c
801D189C,801D189F,hitDetect,crate.c
801D18A0,801D194F,render,crate.c
801D1950,801D19BB,free,crate.c
801D19BC,801D19C3,func08,crate.c
801D19C4,801D19CB,getExtraSize,
801D19CC,801D19CF,initialise,crate2.c
801D19D0,801D19D3,release,crate2.c
801D19D4,801D1B23,init,crate2.c
801D1B24,801D1CC7,update,crate2.c
801D1CC8,801D1CCB,hitDetect,crate2.c
801D1CCC,801D1D6B,render,crate2.c
801D1D6C,801D1D97,free,crate2.c
801D1D98,801D1D9F,func08,crate2.c
801D1DA0,801D1DA7,getExtraSize,
801D1DA8,801D1DAB,initialise,dll_F0.c
801D1DAC,801D1DAF,release,dll_F0.c
801D1DB0,801D1F1B,init,dll_F0.c
801D1F1C,801D1F1F,update,dll_F0.c
801D1F20,801D1F23,hitDetect,dll_F0.c
801D1F24,801D1F7F,render,dll_F0.c
801D1F80,801D1F83,free,dll_F0.c
801D1F84,801D1F8B,func08,dll_F0.c
801D1F8C,801D1F93,getExtraSize,dll_F0.c
801D1F94,801D20AB,setScale,
801D20AC,801D20AF,initialise,dll_101.c
801D20B0,801D20B3,release,dll_101.c
801D20B4,801D20FF,init,dll_101.c
801D2100,801D226B,update,dll_101.c
801D226C,801D226F,hitDetect,dll_101.c
801D2270,801D22FF,render,dll_101.c
801D2300,801D2337,free,dll_101.c
801D2338,801D233F,func08,dll_101.c
801D2340,801D2347,getExtraSize,dll_101.c
801D2348,801D246B,setScale,
801D246C,801D2523,FUN_801d246c,
801D2524,801D25A7,FUN_801d2524,
801D25A8,801D260B,init,dll_F2.c
801D260C,801D26A7,update,dll_F2.c
801D26A8,801D26AB,free,dll_F2.c
801D26AC,801D26B3,getExtraSize,
801D26B4,801D26F3,init,dll_F3.c
801D26F4,801D280B,render,dll_F3.c
801D280C,801D2837,free,dll_F3.c
801D2838,801D283F,getExtraSize,
801D2840,801D2843,initialise,dll_F1.c
801D2844,801D2847,release,dll_F1.c
801D2848,801D2887,init,dll_F1.c
801D2888,801D288B,update,dll_F1.c
801D288C,801D288F,hitDetect,dll_F1.c
801D2890,801D2957,render,dll_F1.c
801D2958,801D295B,free,dll_F1.c
801D295C,801D2963,func08,dll_F1.c
801D2964,801D296B,getExtraSize,
801D296C,801D296F,initialise,dll_F4.c
801D2970,801D2973,release,dll_F4.c
801D2974,801D2977,init,dll_F4.c
801D2978,801D297B,update,dll_F4.c
801D297C,801D297F,hitDetect,dll_F4.c
801D2980,801D2983,render,dll_F4.c
801D2984,801D2987,free,dll_F4.c
801D2988,801D298F,func08,dll_F4.c
801D2990,801D2997,getExtraSize,
801D2998,801D299B,initialise,collectable.c
801D299C,801D299F,release,collectable.c
801D29A0,801D2C87,func03,collectable.c
801D2C88,801D312F,func04,collectable.c
801D3130,801D3133,func05,collectable.c
801D3134,801D31FB,func06,collectable.c
801D31FC,801D3237,func07,collectable.c
801D3238,801D323F,func08,collectable.c
801D3240,801D3247,func09,collectable.c
801D3248,801D32DF,fn_801D3248,
801D32E0,801D36BB,FUN_801d32e0,
801D36BC,801D38D7,FUN_801d36bc,
801D38D8,801D3B8F,FUN_801d38d8,
801D3B90,801D3B97,func0A,collectable.c
801D3B98,801D3BB3,func0B,collectable.c
801D3BB4,801D3C07,func0C,collectable.c
801D3C08,801D3C23,func0E,collectable.c
801D3C24,801D3C3F,func0F,collectable.c
801D3C40,801D3C6B,func0D,collectable.c
801D3C6C,801D3CEF,func10,
801D3CF0,801D3CF3,initialise,magicGem.c
801D3CF4,801D3CF7,release,magicGem.c
801D3CF8,801D4093,init,magicGem.c
801D4094,801D498F,collect,magicGem.c
801D4990,801D4993,hitDetect,magicGem.c
801D4994,801D4A03,render,magicGem.c
801D4A04,801D4A3B,free,magicGem.c
801D4A3C,801D4A43,func08,magicGem.c
801D4A44,801D4A4B,getExtraSize,
801D4A4C,801D4ACB,onMagicCollect,
801D4ACC,801D4ACF,initialise,dll_F7.c
801D4AD0,801D4AD3,release,dll_F7.c
801D4AD4,801D4B47,init,dll_F7.c
801D4B48,801D4EA3,update,dll_F7.c
801D4EA4,801D4EA7,hitDetect,dll_F7.c
801D4EA8,801D4F03,render,dll_F7.c
801D4F04,801D4F2B,free,dll_F7.c
801D4F2C,801D4F33,func08,dll_F7.c
801D4F34,801D4F3B,getExtraSize,
801D4F3C,801D4F3F,initialise,pushpullObj.c
801D4F40,801D4F43,release,pushpullObj.c
801D4F44,801D54C7,func03,pushpullObj.c
801D54C8,801D5507,func04,pushpullObj.c
801D5508,801D59FB,func05,pushpullObj.c
801D59FC,801D5B2B,func06,pushpullObj.c
801D5B2C,801D5B9B,func07,pushpullObj.c
801D5B9C,801D5BA3,func08,pushpullObj.c
801D5BA4,801D5BAB,func09,pushpullObj.c
801D5BAC,801D6067,func0A,pushpullObj.c
801D6068,801D610B,func0B,pushpullObj.c
801D610C,801D6137,func0C,pushpullObj.c
801D6138,801D6157,func0D,
801D6158,801D61CB,FUN_801d6158,
801D61CC,801D64CF,fn_801D61CC,
801D64D0,801D675B,FUN_801d64d0,
801D675C,801D67CB,FUN_801d675c,
801D67CC,801D6963,FUN_801d67cc,
801D6964,801D6967,initialise,dll_F9.c
801D6968,801D696B,release,dll_F9.c
801D696C,801D6A1B,init,dll_F9.c
801D6A1C,801D6FAF,update,dll_F9.c
801D6FB0,801D6FB3,hitDetect,dll_F9.c
801D6FB4,801D7083,render,dll_F9.c
801D7084,801D7087,free,dll_F9.c
801D7088,801D708F,func08,dll_F9.c
801D7090,801D7097,getExtraSize,
801D7098,801D710F,fn_801D7098,
801D7110,801D7113,initialise,OBJ_InvHit.c
801D7114,801D7117,release,OBJ_InvHit.c
801D7118,801D7367,init,OBJ_InvHit.c
801D7368,801D790B,update,OBJ_InvHit.c
801D790C,801D790F,hitDetect,OBJ_InvHit.c
801D7910,801D795B,render,OBJ_InvHit.c
801D795C,801D79AF,free,OBJ_InvHit.c
801D79B0,801D79B7,func08,OBJ_InvHit.c
801D79B8,801D79BF,getExtraSize,
801D79C0,801D79C3,initialise,iceblast.c
801D79C4,801D79C7,release,iceblast.c
801D79C8,801D7A27,init,iceblast.c
801D7A28,801D7BCB,update,iceblast.c
801D7BCC,801D7BDF,hitDetect,iceblast.c
801D7BE0,801D7C2B,render,iceblast.c
801D7C2C,801D7C2F,free,iceblast.c
801D7C30,801D7C37,func08,iceblast.c
801D7C38,801D7C3F,getExtraSize,
801D7C40,801D7C43,initialise,flameblast.c
801D7C44,801D7C47,release,flameblast.c
801D7C48,801D7CA7,init,flameblast.c
801D7CA8,801D7E3B,update,flameblast.c
801D7E3C,801D7E4F,hitDetect,flameblast.c
801D7E50,801D7E53,render,flameblast.c
801D7E54,801D7E57,free,flameblast.c
801D7E58,801D7E5F,func08,flameblast.c
801D7E60,801D7E67,getExtraSize,
801D7E68,801D7E6B,initialise,dll_FD.c
801D7E6C,801D7E6F,release,dll_FD.c
801D7E70,801D7FDB,init,dll_FD.c
801D7FDC,801D813B,update,dll_FD.c
801D813C,801D813F,hitDetect,dll_FD.c
801D8140,801D819B,render,dll_FD.c
801D819C,801D819F,free,dll_FD.c
801D81A0,801D81A7,func08,dll_FD.c
801D81A8,801D81AF,getExtraSize,
801D8C64,801D8D33,FUN_801d8c64,
801D8D34,801D8E6F,init,sidekickToy.c
801D8E70,801D8EF7,FUN_801d8e70,
801D8EF8,801D91AF,sidekickToyFn_801d8ef8,
801D91B0,801D93C7,update,sidekickToy.c
801D93C8,801D943F,unload,sidekickToy.c
801D9440,801D9447,getExtraSize,
801D9448,801D948F,FUN_801d9448,
801D9490,801D94E7,FUN_801d9490,
801D94E8,801D9517,FUN_801d94e8,
801D9518,801D954F,FUN_801d9518,
801D9550,801D9553,initialise,dll_FF.c
801D9554,801D9557,release,dll_FF.c
801D9558,801D9567,init,dll_FF.c
801D9568,801D956B,update,dll_FF.c
801D956C,801D956F,hitDetect,dll_FF.c
801D9570,801D9933,render,dll_FF.c
801D9934,801D9937,free,dll_FF.c
801D9938,801D993F,func08,dll_FF.c
801D9940,801D9947,getExtraSize,
801D9948,801D994B,initialise,dll_102.c
801D994C,801D994F,release,dll_102.c
801D9950,801D9A33,init,dll_102.c
801D9A34,801D9BCF,update,dll_102.c
801D9BD0,801D9BD3,hitDetect,dll_102.c
801D9BD4,801D9D5B,render,dll_102.c
801D9D5C,801D9D9B,free,dll_102.c
801D9D9C,801D9DA3,func08,dll_102.c
801D9DA4,801D9DAB,getExtraSize,
801D9DAC,801D9E33,fn_801D9DAC,
801D9E34,801D9E37,initialise,projswitch.c
801D9E38,801D9E3B,release,projswitch.c
801D9E3C,801D9F93,init,projswitch.c
801D9F94,801DA113,update,projswitch.c
801DA114,801DA117,hitDetect,projswitch.c
801DA118,801DA19B,render,projswitch.c
801DA19C,801DA19F,free,projswitch.c
801DA1A0,801DA1A7,func08,projswitch.c
801DA1A8,801DA1AF,getExtraSize,
801DA1B0,801DA24F,projswitchFn_801da1b0,
801DA250,801DA253,initialise,dll_104.c
801DA254,801DA257,release,dll_104.c
801DA258,801DA30B,init,dll_104.c
801DA30C,801DA44F,update,dll_104.c
801DA450,801DA453,hitDetect,dll_104.c
801DA454,801DA4AF,render,dll_104.c
801DA4B0,801DA4B3,free,dll_104.c
801DA4B4,801DA4BB,func08,dll_104.c
801DA4BC,801DA4C3,getExtraSize,
801DA4C4,801DA4C7,initialise,pressureSwitch.c
801DA4C8,801DA4CB,release,pressureSwitch.c
801DA4CC,801DA5D3,init,pressureSwitch.c
801DA5D4,801DA8B3,update,pressureSwitch.c
801DA8B4,801DA8B7,hitDetect,pressureSwitch.c
801DA8B8,801DA97F,render,pressureSwitch.c
801DA980,801DA9AB,free,pressureSwitch.c
801DA9AC,801DA9B3,func08,pressureSwitch.c
801DA9B4,801DA9BB,getExtraSize,
801DA9BC,801DAA2B,FUN_801da9bc,
801DAA2C,801DAAD7,FUN_801daa2c,
801DAAD8,801DABDB,fn_801DAAD8,
801DABDC,801DABDF,initialise,door.c
801DABE0,801DABE3,release,door.c
801DABE4,801DAE37,init,door.c
801DAE38,801DAEEF,update,door.c
801DAEF0,801DAEF3,hitDetect,door.c
801DAEF4,801DAF4F,render,door.c
801DAF50,801DAF53,free,door.c
801DAF54,801DAF5B,func08,door.c
801DAF5C,801DAF63,getExtraSize,
801DAF64,801DB21F,FUN_801daf64,
801DB220,801DB2E3,FUN_801db220,
801DB2E4,801DB2E7,initialise,dll_118.c
801DB2E8,801DB2EB,release,dll_118.c
801DB2EC,801DB503,init,dll_118.c
801DB504,801DB73F,update,dll_118.c
801DB740,801DB743,hitDetect,dll_118.c
801DB744,801DB7BB,render,dll_118.c
801DB7BC,801DB7BF,free,dll_118.c
801DB7C0,801DB7C7,func08,dll_118.c
801DB7C8,801DB7CF,getExtraSize,
801DB7D0,801DB8BF,fn_801DB7D0,
801DB8C0,801DBA03,FUN_801db8c0,
801DBA04,801DBA07,nop_801DBA04,
801DBA08,801DBAEB,init,useObj.c
801DBAEC,801DBD2F,update,useObj.c
801DBD30,801DBD7B,hitDetect,useObj.c
801DBD7C,801DBDD7,render,useObj.c
801DBDD8,801DBE03,free,useObj.c
801DBE04,801DBE0B,getExtraSize,
801DBE0C,801DBEB7,fn_801DBE0C,
801DBEB8,801DBEBB,initialise,seqObj.c
801DBEBC,801DBEBF,release,seqObj.c
801DBEC0,801DBFB3,init,seqObj.c
801DBFB4,801DC1BF,update,seqObj.c
801DC1C0,801DC1C3,hitDetect,seqObj.c
801DC1C4,801DC21F,render,seqObj.c
801DC220,801DC24B,free,seqObj.c
801DC24C,801DC253,func08,seqObj.c
801DC254,801DC25B,getExtraSize,
801DC25C,801DC333,fn_801DC25C,
801DC334,801DC337,initialise,newSeqObj.c
801DC338,801DC33B,release,newSeqObj.c
801DC33C,801DC3EF,init,newSeqObj.c
801DC3F0,801DC633,update,newSeqObj.c
801DC634,801DC637,hitDetect,newSeqObj.c
801DC638,801DC63B,render,newSeqObj.c
801DC63C,801DC667,free,newSeqObj.c
801DC668,801DC66F,func08,newSeqObj.c
801DC670,801DC677,getExtraSize,
801DC678,801DC737,fn_801DC678,
801DC738,801DC73B,initialise,seqObj11D.c
801DC73C,801DC73F,release,seqObj11D.c
801DC740,801DC823,init,seqObj11D.c
801DC824,801DC9AF,update,seqObj11D.c
801DC9B0,801DC9B3,hitDetect,seqObj11D.c
801DC9B4,801DCA0F,render,seqObj11D.c
801DCA10,801DCA3B,free,seqObj11D.c
801DCA3C,801DCA43,func08,seqObj11D.c
801DCA44,801DCA4B,getExtraSize,
801DCA4C,801DCB27,fn_801DCA4C,
801DCB28,801DCB2B,initialise,seqObj11E.c
801DCB2C,801DCB2F,release,seqObj11E.c
801DCB30,801DCC1F,init,seqObj11E.c
801DCC20,801DCDEF,preempt,seqObj11E.c
801DCDF0,801DCDF3,hitDetect,seqObj11E.c
801DCDF4,801DCE4F,render,seqObj11E.c
801DCE50,801DCE7B,free,seqObj11E.c
801DCE7C,801DCE83,func08,seqObj11E.c
801DCE84,801DCE8B,getExtraSize,
801DCE8C,801DCF83,fn_801DCE8C,
801DCF84,801DCF87,initialise,dll_11F.c
801DCF88,801DCF8B,release,dll_11F.c
801DCF8C,801DD043,init,dll_11F.c
801DD044,801DD0E3,update,dll_11F.c
801DD0E4,801DD0E7,hitDetect,dll_11F.c
801DD0E8,801DD167,render,dll_11F.c
801DD168,801DD19F,free,dll_11F.c
801DD1A0,801DD1A7,func08,dll_11F.c
801DD1A8,801DD1AF,getExtraSize,
801DD1B0,801DD1FF,fn_801DD1B0,
801DD200,801DD203,initialise,foodbag120.c
801DD204,801DD207,release,foodbag120.c
801DD208,801DD3A3,init,foodbag120.c
801DD3A4,801DD5C3,update,foodbag120.c
801DD5C4,801DD5C7,hitDetect,foodbag120.c
801DD5C8,801DD5CB,render,foodbag120.c
801DD5CC,801DD60B,free,foodbag120.c
801DD60C,801DD613,func08,foodbag120.c
801DD614,801DD61B,getExtraSize,foodbag120.c
801DD61C,801DD64B,setScale,foodbag120.c
801DD64C,801DD6A3,func0B,foodbag120.c
801DD6A4,801DD6F3,modelMtxFn,foodbag120.c
801DD6F4,801DD77F,func10,foodbag120.c
801DD780,801DD837,func0E,foodbag120.c
801DD838,801DD88F,func0F,foodbag120.c
801DD890,801DD8DB,render2,foodbag120.c
801DD8DC,801DDA33,foodBagFn_801dd8dc,
801DDA34,801DDA4F,func11,foodbag120.c
801DDA50,801DDAAB,func12,foodbag120.c
801DDAAC,801DDB37,func13,
801DDB38,801DDB3B,initialise,foodMenu.c
801DDB3C,801DDB3F,release,foodMenu.c
801DDB40,801DDC77,init,foodMenu.c
801DDC78,801DDDEB,update,foodMenu.c
801DDDEC,801DDDEF,hitDetect,foodMenu.c
801DDDF0,801DDDF3,render,foodMenu.c
801DDDF4,801DDE33,free,foodMenu.c
801DDE34,801DDE3B,func08,foodMenu.c
801DDE3C,801DDE43,getExtraSize,foodMenu.c
801DDE44,801DDE73,setScale,foodMenu.c
801DDE74,801DDECB,func0B,foodMenu.c
801DDECC,801DDF1B,modelMtxFn,foodMenu.c
801DDF1C,801DDF67,render2,foodMenu.c
801DDF68,801DDFD7,func0E,foodMenu.c
801DDFD8,801DE02F,func0F,
801DE030,801DE033,initialise,fruit.c
801DE034,801DE037,release,fruit.c
801DE038,801DE43B,init,fruit.c
801DE43C,801DE9D3,update,fruit.c
801DE9D4,801DEAEF,FUN_801de9d4,
801DEAF0,801DEBEF,FUN_801deaf0,
801DEBF0,801DEC7F,FUN_801debf0,
801DEC80,801DECDB,FUN_801dec80,
801DECDC,801DED8B,FUN_801decdc,
801DED8C,801DED8F,hitDetect,fruit.c
801DED90,801DEE3B,render,fruit.c
801DEE3C,801DEEAB,free,fruit.c
801DEEAC,801DEEB3,func08,fruit.c
801DEEB4,801DEEBB,getExtraSize,fruit.c
801DEEBC,801DEEDB,setScale,fruit.c
801DEEDC,801DEEF7,modelMtxFn,
801DEEF8,801DEFEF,FUN_801deef8,
801DEFF0,801DF02F,FUN_801deff0,
801DF030,801DF1FF,FUN_801df030,
801DF200,801DF24B,FUN_801df200,
801DF24C,801DF25B,FUN_801df24c,
801DF25C,801DF373,FUN_801df25c,
801DF374,801DF3EF,FUN_801df374,
801DF3F0,801DF553,FUN_801df3f0,
801DF554,801DF5B7,FUN_801df554,
801DF5B8,801DF60B,func0B,fruit.c
801DF60C,801DF64F,FUN_801df60c,
801DF650,801DF6B3,FUN_801df650,
801DF6B4,801DF71B,FUN_801df6b4,
801DF71C,801DF71F,initialise,fruitBranch.c
801DF720,801DF723,release,fruitBranch.c
801DF724,801DF923,init,fruitBranch.c
801DF924,801DFC93,update,fruitBranch.c
801DFC94,801DFC97,hitDetect,fruitBranch.c
801DFC98,801DFDC3,render,fruitBranch.c
801DFDC4,801DFF17,free,fruitBranch.c
801DFF18,801DFF1F,func08,fruitBranch.c
801DFF20,801DFF27,getExtraSize,fruitBranch.c
801DFF28,801DFFAF,setScale,
801DFFB0,801E01A7,FUN_801dffb0,
801E01A8,801E01AB,initialise,dll_124.c
801E01AC,801E01AF,release,dll_124.c
801E01B0,801E0267,init,dll_124.c
801E0268,801E0917,FUN_801e0268,
801E0918,801E0FD3,update,dll_124.c
801E0FD4,801E0FD7,hitDetect,dll_124.c
801E0FD8,801E1063,render,dll_124.c
801E1064,801E1067,free,dll_124.c
801E1068,801E106F,func08,dll_124.c
801E1070,801E1077,getExtraSize,
801E1078,801E11F7,FUN_801e1078,
801E11F8,801E12A3,FUN_801e11f8,
801E12A4,801E19B7,FUN_801e12a4,
801E19B8,801E1A93,FUN_801e19b8,
801E1A94,801E1F73,FUN_801e1a94,
801E1F74,801E218B,FUN_801e1f74,
801E218C,801E222B,FUN_801e218c,
801E222C,801E222F,initialise,dll_125.c
801E2230,801E2233,release,dll_125.c
801E2234,801E228B,init,dll_125.c
801E228C,801E228F,update,dll_125.c
801E2290,801E2293,hitDetect,dll_125.c
801E2294,801E2297,render,dll_125.c
801E2298,801E229B,free,dll_125.c
801E229C,801E22A3,func08,dll_125.c
801E22A4,801E22AB,getExtraSize,dll_125.c
801E22AC,801E22C7,setScale,dll_125.c
801E22C8,801E2497,func0B,dll_125.c
801E2498,801E24D7,modelMtxFn,dll_125.c
801E24D8,801E262F,render2,dll_125.c
801E2630,801E2683,func0E,
801E2684,801E2687,initialise,talkObj.c
801E2688,801E268B,release,talkObj.c
801E268C,801E26BF,init,talkObj.c
801E26C0,801E2963,update,talkObj.c
801E2964,801E29AF,hitDetect,talkObj.c
801E29B0,801E2A0B,render,talkObj.c
801E2A0C,801E2A0F,free,talkObj.c
801E2A10,801E2A17,func08,talkObj.c
801E2A18,801E2A1F,getExtraSize,
801E2A20,801E2A23,initialise,interactObj.c
801E2A24,801E2A27,release,interactObj.c
801E2A28,801E2A5B,init,interactObj.c
801E2A5C,801E2D43,update,interactObj.c
801E2D44,801E2D8F,hitDetect,interactObj.c
801E2D90,801E2DEB,render,interactObj.c
801E2DEC,801E2DEF,free,interactObj.c
801E2DF0,801E2DF7,func08,interactObj.c
801E2DF8,801E2DFF,getExtraSize,
801E2E00,801E2E1B,FUN_801e2e00,
801E2E1C,801E2F37,init,magicPlant.c
801E2F38,801E3077,update,magicPlant.c
801E3078,801E3123,render,magicPlant.c
801E3124,801E3197,free,magicPlant.c
801E3198,801E31BB,func08,magicPlant.c
801E31BC,801E31C3,getExtraSize,
801E31C4,801E31FF,fn_801E31C4,
801E3200,801E32CB,FUN_801e3200,
801E32CC,801E338B,FUN_801e32cc,
801E338C,801E36E3,FUN_801e338c,
801E36E4,801E38F7,dropGem,
801E38F8,801E399F,FUN_801e38f8,
801E39A0,801E3A3B,FUN_801e39a0,
801E3A3C,801E3AEF,FUN_801e3a3c,
801E3AF0,801E3AF3,initialise,dll_10A.c
801E3AF4,801E3AF7,release,dll_10A.c
801E3AF8,801E3B43,init,dll_10A.c
801E3B44,801E3C13,update,dll_10A.c
801E3C14,801E3C17,hitDetect,dll_10A.c
801E3C18,801E3CE3,render,dll_10A.c
801E3CE4,801E3D0F,free,dll_10A.c
801E3D10,801E3D17,func08,dll_10A.c
801E3D18,801E3D1F,getExtraSize,
801E3D20,801E3D23,initialise,dll_10B.c
801E3D24,801E3D27,release,dll_10B.c
801E3D28,801E3D73,init,dll_10B.c
801E3D74,801E3E63,update,dll_10B.c
801E3E64,801E3E67,hitDetect,dll_10B.c
801E3E68,801E3F2F,render,dll_10B.c
801E3F30,801E3F5B,free,dll_10B.c
801E3F5C,801E3F63,func08,dll_10B.c
801E3F64,801E3F6B,getExtraSize,
801E3F6C,801E3F6F,initialise,duster.c
801E3F70,801E3F73,release,duster.c
801E3F74,801E4067,init,duster.c
801E4068,801E4533,update,duster.c
801E4534,801E45CB,hitWallFn05,duster.c
801E45CC,801E465B,render,duster.c
801E465C,801E465F,free,duster.c
801E4660,801E4667,func08,duster.c
801E4668,801E466F,getExtraSize,
801E4670,801E46F7,init,fish.c
801E46F8,801E4D5B,update,fish.c
801E4D5C,801E4D63,getExtraSize,
801E4D64,801E4E1B,render,fish.c
801E4E1C,801E4E1F,initialise,smallbasket.c
801E4E20,801E4E23,release,smallbasket.c
801E4E24,801E4F7F,init,smallbasket.c
801E4F80,801E587F,update,smallbasket.c
801E5880,801E5883,hitDetect,smallbasket.c
801E5884,801E59AF,render,smallbasket.c
801E59B0,801E59FF,free,smallbasket.c
801E5A00,801E5A07,func08,smallbasket.c
801E5A08,801E5A0F,getExtraSize,
801E5A10,801E5A83,FUN_801e5a10,
801E5A84,801E5D43,FUN_801e5a84,
801E5D44,801E688B,scarabFn_801816f8,
801E688C,801E696F,FUN_801e688c,
801E6970,801E69AF,FUN_801e6970,
801E69B0,801E69B3,initialise,mediumbasket.c
801E69B4,801E69B7,release,mediumbasket.c
801E69B8,801E6B93,init,mediumbasket.c
801E6B94,801E70FB,update,mediumbasket.c
801E70FC,801E70FF,hitDetect,mediumbasket.c
801E7100,801E71DB,render,mediumbasket.c
801E71DC,801E7233,free,mediumbasket.c
801E7234,801E723B,func08,mediumbasket.c
801E723C,801E7243,getExtraSize,
801E7244,801E7293,fn_801E7244,
801E7294,801E799B,spawnItem,
801E799C,801E79DB,FUN_801e799c,
801E79DC,801E79DF,initialise,scarab.c
801E79E0,801E79E3,release,scarab.c
801E79E4,801E7AFB,init,scarab.c
801E7AFC,801E874F,update,scarab.c
801E8750,801E8753,hitDetect,scarab.c
801E8754,801E87DF,render,scarab.c
801E87E0,801E87E3,free,scarab.c
801E87E4,801E87EB,func08,scarab.c
801E87EC,801E87F3,getExtraSize,
801E87F4,801E884B,FUN_801e87f4,
801E884C,801E8A47,FUN_801e884c,
801E8A48,801E8CC3,FUN_801e8a48,
801E8CC4,801E8CC7,initialise,zBomb.c
801E8CC8,801E8CCB,release,zBomb.c
801E8CCC,801E8E73,init,zBomb.c
801E8E74,801E9513,update,zBomb.c
801E9514,801E9517,hitDetect,zBomb.c
801E9518,801E96EB,render,zBomb.c
801E96EC,801E9753,free,zBomb.c
801E9754,801E975B,func08,zBomb.c
801E975C,801E9763,getExtraSize,
801E9764,801E9803,FUN_801e9764,
801E9804,801E980B,ret1_801E9804,
801E980C,801E9883,zBombExplodeFn_801e980c,
801E9884,801E9A03,zBombExplodeFn_801e9884,
801E9A04,801E9A07,initialise,dll_111.c
801E9A08,801E9A0B,release,dll_111.c
801E9A0C,801E9A0F,init,dll_111.c
801E9A10,801E9A13,update,dll_111.c
801E9A14,801E9A17,hitDetect,dll_111.c
801E9A18,801E9A1B,render,dll_111.c
801E9A1C,801E9A1F,free,dll_111.c
801E9A20,801E9A27,func08,dll_111.c
801E9A28,801E9A2F,getExtraSize,
801E9A30,801E9A33,initialise,dll_112.c
801E9A34,801E9A37,release,dll_112.c
801E9A38,801E9AD7,init,dll_112.c
801E9AD8,801EA03B,update,dll_112.c
801EA03C,801EA03F,hitDetect,dll_112.c
801EA040,801EA043,render,dll_112.c
801EA044,801EA047,free,dll_112.c
801EA048,801EA04F,func08,dll_112.c
801EA050,801EA057,getExtraSize,dll_112.c
801EA058,801EA073,setScale,
801EA074,801EA077,initialise,dll_117.c
801EA078,801EA07B,release,dll_117.c
801EA07C,801EA21B,init,dll_117.c
801EA21C,801EA423,update,dll_117.c
801EA424,801EA427,hitDetect,dll_117.c
801EA428,801EA483,render,dll_117.c
801EA484,801EA4D7,free,dll_117.c
801EA4D8,801EA4DF,func08,dll_117.c
801EA4E0,801EA4E7,getExtraSize,
801EA4E8,801EA573,FUN_801ea4e8,
801EA574,801EA577,initialise,fireflyLantern.c
801EA578,801EA57B,release,fireflyLantern.c
801EA57C,801EA6E3,init,fireflyLantern.c
801EA6E4,801EAC87,update,fireflyLantern.c
801EAC88,801EAC8B,hitDetect,fireflyLantern.c
801EAC8C,801EAD83,render,fireflyLantern.c
801EAD84,801EAE17,free,fireflyLantern.c
801EAE18,801EAE1F,func08,fireflyLantern.c
801EAE20,801EAE27,getExtraSize,fireflyLantern.c
801EAE28,801EAF1B,FUN_801eae28,
801EAF1C,801EB043,FUN_801eaf1c,
801EB044,801EB0D7,spawnFirefly,fireflyLantern.c
801EB0D8,801EB22B,func0B,fireflyLantern.c
801EB22C,801EB24F,modelMtxFn,
801EB250,801EB253,initialise,dll_115.c
801EB254,801EB257,release,dll_115.c
801EB258,801EB2F3,init,dll_115.c
801EB2F4,801EB357,update,dll_115.c
801EB358,801EB35B,hitDetect,dll_115.c
801EB35C,801EB35F,render,dll_115.c
801EB360,801EB38B,free,dll_115.c
801EB38C,801EB393,func08,dll_115.c
801EB394,801EB39B,getExtraSize,
801EB39C,801EB4AB,fn_801EB39C,
801EB4AC,801EB55F,objLoadLanternFire,
801EB560,801EB563,initialise,dll_EE.c
801EB564,801EB567,release,dll_EE.c
801EB568,801EB5FF,init,dll_EE.c
801EB600,801EB6E3,update,dll_EE.c
801EB6E4,801EB753,booldySideKickHitFn05,dll_EE.c
801EB754,801EB8B7,render,dll_EE.c
801EB8B8,801EB8EB,free,dll_EE.c
801EB8EC,801EB8F3,func08,dll_EE.c
801EB8F4,801EB8FB,getExtraSize,
801EB8FC,801EB8FF,initialise,barrel.c
801EB900,801EB903,release,barrel.c
801EB904,801EB98B,init,barrel.c
801EB98C,801EBBBF,update,barrel.c
801EBBC0,801EBBC3,hitDetect,barrel.c
801EBBC4,801EBC53,render,barrel.c
801EBC54,801EBC8B,free,barrel.c
801EBC8C,801EBC93,func08,barrel.c
801EBC94,801EBC9B,getExtraSize,
801EBC9C,801EBC9F,initialise,ladders.c
801EBCA0,801EBCA3,release,ladders.c
801EBCA4,801EBD5B,init,ladders.c
801EBD5C,801EBEDF,update,ladders.c
801EBEE0,801EBEE3,hitDetect,ladders.c
801EBEE4,801EBEE7,render,ladders.c
801EBEE8,801EBF1F,free,ladders.c
801EBF20,801EBF27,func08,ladders.c
801EBF28,801EBF2F,getExtraSize,
801EBF30,801EBFDB,FUN_801ebf30,
801EBFDC,801EBFE3,fn_801EBFDC,
801EBFE4,801EBFE7,initialise,dll_128.c
801EBFE8,801EBFEB,release,dll_128.c
801EBFEC,801EC017,init,dll_128.c
801EC018,801EC12F,update,dll_128.c
801EC130,801EC133,hitDetect,dll_128.c
801EC134,801EC17F,render,dll_128.c
801EC180,801EC183,free,dll_128.c
801EC184,801EC18B,func08,dll_128.c
801EC18C,801EC193,getExtraSize,
801EC194,801EC197,initialise,waterfallControl.c
801EC198,801EC19B,release,waterfallControl.c
801EC19C,801EC1AB,init,waterfallControl.c
801EC1AC,801EC22B,update,waterfallControl.c
801EC22C,801EC22F,hitDetect,waterfallControl.c
801EC230,801EC27B,render,waterfallControl.c
801EC27C,801EC27F,free,waterfallControl.c
801EC280,801EC287,func08,waterfallControl.c
801EC288,801EC28F,getExtraSize,
801EC290,801EC293,initialise,backpack.c
801EC294,801EC297,release,backpack.c
801EC298,801EC42B,init,backpack.c
801EC42C,801EC56B,update,backpack.c
801EC56C,801EC56F,hitDetect,backpack.c
801EC570,801EC67F,render,backpack.c
801EC680,801EC683,free,backpack.c
801EC684,801EC68B,func08,backpack.c
801EC68C,801EC693,getExtraSize,backpack.c
801EC694,801EC6F7,backpackFn_801ec694,backpack.c
801EC6F8,801EC777,backpackFn_801ec6f8,backpack.c
801EC778,801EC7D7,FUN_801ec778,
801EC7D8,801EC7F3,FUN_801ec7d8,
801EC7F4,801EC927,fn_801EC7F4,
801EC928,801EC943,FUN_801ec928,
801EC944,801EC95F,FUN_801ec944,
801EC960,801ECA0B,fn_801EC960,
801ECA0C,801ECA7F,FUN_801eca0c,
801ECA80,801ECA83,initialise,dll_F5.c
801ECA84,801ECA87,release,dll_F5.c
801ECA88,801ECBAB,init,dll_F5.c
801ECBAC,801ECC0B,update,dll_F5.c
801ECC0C,801ECC0F,hitDetect,dll_F5.c
801ECC10,801ECE83,render,dll_F5.c
801ECE84,801ECEC3,free,dll_F5.c
801ECEC4,801ECECB,func08,dll_F5.c
801ECECC,801ECED3,getExtraSize,
801ECED4,801ECF9B,SeqFn,
801ECF9C,801ED033,FUN_801ecf9c,
801ED034,801ED0BB,init,dll_12B.c
801ED0BC,801ED0BF,update,dll_12B.c
801ED0C0,801ED167,render,dll_12B.c
801ED168,801ED16B,free,dll_12B.c
801ED16C,801ED173,getExtraSize,
801ED174,801ED183,init,landedArwing.c
801ED184,801ED217,update,landedArwing.c
801ED218,801ED253,initialise,staffAction.c
801ED254,801ED28B,release,staffAction.c
801ED28C,801ED553,init,staffAction.c
801ED554,801ED5D7,update,staffAction.c
801ED5D8,801ED5DB,hitDetect,staffAction.c
801ED5DC,801ED67B,render,staffAction.c
801ED67C,801ED6A7,free,staffAction.c
801ED6A8,801ED6AF,func08,staffAction.c
801ED6B0,801ED6B7,getExtraSize,
801ED6B8,801ED707,FUN_801ed6b8,
801ED708,801ED7C3,FUN_801ed708,
801ED7C4,801ED7DF,FUN_801ed7c4,
801ED7E0,801ED803,FUN_801ed7e0,
801ED804,801ED81F,FUN_801ed804,
801ED820,801EDA13,FUN_801ed820,
801EDA14,801EDA43,FUN_801eda14,
801EDA44,801EDCE3,liftRockSpawnScarabs,
801EDCE4,801EDD3F,staffActionTypeFn_801edce4,staffaction.c
801EDD40,801EDDD3,staffActionTypeFn_801edd40,staffaction.c
801EDDD4,801EE067,FUN_801eddd4,
801EE068,801EE10F,FUN_801ee068,
801EE110,801EE37F,FUN_801ee110,
801EE380,801EE41F,FUN_801ee380,
801EE420,801EE423,initialise,treasurechest.c
801EE424,801EE427,release,treasurechest.c
801EE428,801EE4C7,init,treasurechest.c
801EE4C8,801EE583,update,treasurechest.c
801EE584,801EE587,hitDetect,treasurechest.c
801EE588,801EE5D3,render,treasurechest.c
801EE5D4,801EE5F7,free,treasurechest.c
801EE5F8,801EE5FF,func08,treasurechest.c
801EE600,801EE607,getExtraSize,
801EE608,801EE71B,FUN_801ee608,
801EE71C,801EE7AB,fn_801EE71C,
801EE7AC,801EE7AF,initialise,dll_131.c
801EE7B0,801EE7B3,release,dll_131.c
801EE7B4,801EE887,init,dll_131.c
801EE888,801EE8EB,update,dll_131.c
801EE8EC,801EE8EF,hitDetect,dll_131.c
801EE8F0,801EE94B,render,dll_131.c
801EE94C,801EE94F,free,dll_131.c
801EE950,801EE957,func08,dll_131.c
801EE958,801EE95F,getExtraSize,
801EE960,801EE963,initialise,dll_134.c
801EE964,801EE967,release,dll_134.c
801EE968,801EE9DF,init,dll_134.c
801EE9E0,801EEA83,update,dll_134.c
801EEA84,801EEA87,hitDetect,dll_134.c
801EEA88,801EEAE3,render,dll_134.c
801EEAE4,801EEB2B,free,dll_134.c
801EEB2C,801EEB33,func08,dll_134.c
801EEB34,801EEB3B,getExtraSize,
801EEB3C,801EEB3F,initialise,campfire.c
801EEB40,801EEB43,release,campfire.c
801EEB44,801EED33,init,campfire.c
801EED34,801EEFDF,update,campfire.c
801EEFE0,801EEFE3,hitDetect,campfire.c
801EEFE4,801EF0A3,render,campfire.c
801EF0A4,801EF0FB,free,campfire.c
801EF0FC,801EF103,func08,campfire.c
801EF104,801EF10B,getExtraSize,
801EF10C,801EF10F,initialise,dll_13B.c
801EF110,801EF113,release,dll_13B.c
801EF114,801EF20F,init,dll_13B.c
801EF210,801EF21F,update,dll_13B.c
801EF220,801EF223,hitDetect,dll_13B.c
801EF224,801EF27F,render,dll_13B.c
801EF280,801EF2D7,free,dll_13B.c
801EF2D8,801EF2DF,func08,dll_13B.c
801EF2E0,801EF2E7,getExtraSize,
801EF2E8,801EF2EB,initialise,dll_13C.c
801EF2EC,801EF2EF,release,dll_13C.c
801EF2F0,801EF3A7,init,dll_13C.c
801EF3A8,801EF863,update,dll_13C.c
801EF864,801EF867,hitDetect,dll_13C.c
801EF868,801EF8C3,render,dll_13C.c
801EF8C4,801EF91B,free,dll_13C.c
801EF91C,801EF923,func08,dll_13C.c
801EF924,801EF92B,getExtraSize,
801EF92C,801EF92F,initialise,dll_132.c
801EF930,801EF933,release,dll_132.c
801EF934,801EFA7B,init,dll_132.c
801EFA7C,801EFB17,update,dll_132.c
801EFB18,801EFB1B,hitDetect,dll_132.c
801EFB1C,801EFB77,render,dll_132.c
801EFB78,801EFB7B,free,dll_132.c
801EFB7C,801EFB83,func08,dll_132.c
801EFB84,801EFB8B,getExtraSize,
801EFB8C,801EFB8F,initialise,fire.c
801EFB90,801EFB93,release,fire.c
801EFB94,801EFCEB,init,fire.c
801EFCEC,801EFD9F,update,fire.c
801EFDA0,801EFDA3,hitDetect,fire.c
801EFDA4,801EFDFF,render,fire.c
801EFE00,801EFE37,free,fire.c
801EFE38,801EFE3F,func08,fire.c
801EFE40,801EFE47,getExtraSize,
801EFE48,801F0217,FUN_801efe48,
801F0218,801F028F,fn_801F0218,
801F0290,801F0293,initialise,genprops.c
801F0294,801F0297,release,genprops.c
801F0298,801F0AE3,init,genprops.c
801F0AE4,801F1C1F,update,genprops.c
801F1C20,801F1C23,hitDetect,genprops.c
801F1C24,801F1D3B,fn_801F1C24,
801F1D3C,801F1E17,render,genprops.c
801F1E18,801F1E4F,free,genprops.c
801F1E50,801F1E57,func08,genprops.c
801F1E58,801F1E5F,getExtraSize,
801F1E60,801F1E63,initialise,gfxEmit.c
801F1E64,801F1E67,release,gfxEmit.c
801F1E68,801F1FC3,init,gfxEmit.c
801F1FC4,801F2483,update,gfxEmit.c
801F2484,801F2487,hitDetect,gfxEmit.c
801F2488,801F2533,render,gfxEmit.c
801F2534,801F258B,free,gfxEmit.c
801F258C,801F2593,func08,gfxEmit.c
801F2594,801F259B,getExtraSize,
801F259C,801F270B,fn_801F259C,
801F270C,801F2BDF,fxEmitFn_8018e6c4,
801F2BE0,801F2BE3,initialise,dll_13F.c
801F2BE4,801F2BE7,release,dll_13F.c
801F2BE8,801F2D37,init,dll_13F.c
801F2D38,801F2F03,update,dll_13F.c
801F2F04,801F2F07,hitDetect,dll_13F.c
801F2F08,801F303F,render,dll_13F.c
801F3040,801F3077,free,dll_13F.c
801F3078,801F307F,func08,dll_13F.c
801F3080,801F3087,getExtraSize,
801F3088,801F30F3,fn_801F3088,
801F30F4,801F392F,FUN_801f30f4,
801F3930,801F3AC3,FUN_801f3930,
801F3AC4,801F3AC7,initialise,dll_141.c
801F3AC8,801F3ACB,release,dll_141.c
801F3ACC,801F3B53,dll_LaserEmitter_init,dll_141.c
801F3B54,801F3F27,dll_LaserEmitter_update,dll_141.c
801F3F28,801F3F2B,hitDetect,dll_141.c
801F3F2C,801F3F93,render,dll_141.c
801F3F94,801F3FEB,free,dll_141.c
801F3FEC,801F3FF3,func08,dll_141.c
801F3FF4,801F3FFB,getExtraSize,
801F3FFC,801F4067,fn_801F3FFC,
801F4068,801F40D7,FUN_801f4068,
801F40D8,801F40EB,initialise,dll_13D.c
801F40EC,801F40EF,release,dll_13D.c
801F40F0,801F4227,init,dll_13D.c
801F4228,801F4463,update,dll_13D.c
801F4464,801F4467,hitDetect,dll_13D.c
801F4468,801F45BB,render,dll_13D.c
801F45BC,801F4607,free,dll_13D.c
801F4608,801F460F,func08,dll_13D.c
801F4610,801F4617,getExtraSize,dll_13D.c
801F4618,801F46EF,FUN_801f4618,
801F46F0,801F4707,setScale,dll_13D.c
801F4708,801F4737,func0B,
801F4738,801F473B,initialise,dll_138.c
801F473C,801F473F,release,dll_138.c
801F4740,801F47CF,dll_EnvEmitter_init,dll_138.c
801F47D0,801F49C3,update,dll_138.c
801F49C4,801F49C7,hitDetect,dll_138.c
801F49C8,801F4A2F,render,dll_138.c
801F4A30,801F4A33,free,dll_138.c
801F4A34,801F4A3B,func08,dll_138.c
801F4A3C,801F4A43,getExtraSize,
801F4A44,801F4A47,initialise,transporter.c
801F4A48,801F4A4B,release,transporter.c
801F4A4C,801F4B23,init,transporter.c
801F4B24,801F549B,update,transporter.c
801F549C,801F5513,hitDetect,transporter.c
801F5514,801F556B,render,transporter.c
801F556C,801F5603,free,transporter.c
801F5604,801F560B,func08,transporter.c
801F560C,801F5613,getExtraSize,
801F5614,801F561B,fn_801F5614,
801F561C,801F561F,initialise,autoTransporter.c
801F5620,801F5623,release,autoTransporter.c
801F5624,801F56FB,init,autoTransporter.c
801F56FC,801F5F6F,update,autoTransporter.c
801F5F70,801F5F73,hitDetect,autoTransporter.c
801F5F74,801F5FCB,render,autoTransporter.c
801F5FCC,801F6063,free,autoTransporter.c
801F6064,801F606B,func08,autoTransporter.c
801F606C,801F6073,getExtraSize,
801F6074,801F607B,fn_801F6074,
801F607C,801F607F,initialise,dll_13E.c
801F6080,801F6083,release,dll_13E.c
801F6084,801F612B,init,dll_13E.c
801F612C,801F6137,update,dll_13E.c
801F6138,801F613B,hitDetect,dll_13E.c
801F613C,801F6187,render,dll_13E.c
801F6188,801F618B,free,dll_13E.c
801F618C,801F6193,func08,dll_13E.c
801F6194,801F619B,getExtraSize,
801F619C,801F619F,initialise,dll_140.c
801F61A0,801F61A3,release,dll_140.c
801F61A4,801F6263,dll_DoorOpen_init,dll_140.c
801F6264,801F633B,dll_DoorOpen_update,dll_140.c
801F633C,801F633F,hitDetect,dll_140.c
801F6340,801F63A7,render,dll_140.c
801F63A8,801F640F,free,dll_140.c
801F6410,801F6417,func08,dll_140.c
801F6418,801F641F,getExtraSize,
801F6420,801F643B,fn_801F6420,
801F643C,801F643F,initialise,tFrameAnimator.c
801F6440,801F6443,release,tFrameAnimator.c
801F6444,801F651B,init,tFrameAnimator.c
801F651C,801F6653,update,tFrameAnimator.c
801F6654,801F6657,hitDetect,tFrameAnimator.c
801F6658,801F665B,render,tFrameAnimator.c
801F665C,801F665F,free,tFrameAnimator.c
801F6660,801F6667,func08,tFrameAnimator.c
801F6668,801F666F,getExtraSize,
801F6670,801F6693,initialise,screenOverlay.c
801F6694,801F66B3,release,screenOverlay.c
801F66B4,801F67C7,init,screenOverlay.c
801F67C8,801F67F7,update,screenOverlay.c
801F67F8,801F67FB,hitDetect,screenOverlay.c
801F67FC,801F6A1F,render,screenOverlay.c
801F6A20,801F6A23,free,screenOverlay.c
801F6A24,801F6A2B,func08,screenOverlay.c
801F6A2C,801F6A33,getExtraSize,screenOverlay.c
801F6A34,801F6ACB,setScale,
801F6ACC,801F6B7F,animFn_801f6acc,
801F6B80,801F6B83,initialise,dll_145.c
801F6B84,801F6B87,release,dll_145.c
801F6B88,801F6B8B,init,dll_145.c
801F6B8C,801F6B8F,update,dll_145.c
801F6B90,801F6B93,hitDetect,dll_145.c
801F6B94,801F6BEF,render,dll_145.c
801F6BF0,801F6BF3,free,dll_145.c
801F6BF4,801F6BFB,func08,dll_145.c
801F6BFC,801F6C03,getExtraSize,
801F6C04,801F6C07,initialise,texScroll.c
801F6C08,801F6C0B,release,texScroll.c
801F6C0C,801F6C77,init,texScroll.c
801F6C78,801F6CEF,update,texScroll.c
801F6CF0,801F6CF3,hitDetect,texScroll.c
801F6CF4,801F6D4F,render,texScroll.c
801F6D50,801F6D53,free,texScroll.c
801F6D54,801F6D5B,func08,texScroll.c
801F6D5C,801F6D63,getExtraSize,texScroll.c
801F6D64,801F6F37,register,
801F6F38,801F6F6F,setScale,
801F6F70,801F6F73,initialise,dll_147.c
801F6F74,801F6F77,release,dll_147.c
801F6F78,801F701B,init,dll_147.c
801F701C,801F701F,update,dll_147.c
801F7020,801F7023,hitDetect,dll_147.c
801F7024,801F707F,render,dll_147.c
801F7080,801F7083,free,dll_147.c
801F7084,801F708B,func08,dll_147.c
801F708C,801F7093,getExtraSize,
801F7094,801F7097,nop_801F7094,
801F7098,801F709B,initialise,dll_148.c
801F709C,801F709F,release,dll_148.c
801F70A0,801F71A7,init,dll_148.c
801F71A8,801F71AB,update,dll_148.c
801F71AC,801F72BB,hitDetect,dll_148.c
801F72BC,801F7317,render,dll_148.c
801F7318,801F7393,free,dll_148.c
801F7394,801F739B,func08,dll_148.c
801F739C,801F73A3,getExtraSize,dll_148.c
801F73A4,801F779F,FUN_801f73a4,
801F77A0,801F77C7,setScale,dll_148.c
801F77C8,801F77EB,func0B,dll_148.c
801F77EC,801F781B,modelMtxFn,
801F781C,801F781F,initialise,alphaanim.c
801F7820,801F7823,release,alphaanim.c
801F7824,801F7843,init,alphaanim.c
801F7844,801F7EC7,update,alphaanim.c
801F7EC8,801F7ECB,nop_801F7EC8,
801F7ECC,801F7ECF,hitDetect,alphaanim.c
801F7ED0,801F7F87,render,alphaanim.c
801F7F88,801F7FCB,free,alphaanim.c
801F7FCC,801F7FD3,func08,alphaanim.c
801F7FD4,801F7FDB,getExtraSize,
801F7FDC,801F7FDF,nop_801F7FDC,
801F7FE0,801F7FE3,initialise,groundAnimator.c
801F7FE4,801F7FE7,release,groundAnimator.c
801F7FE8,801F80F7,init,groundAnimator.c
801F80F8,801F86FB,update,groundAnimator.c
801F86FC,801F86FF,hitDetect,groundAnimator.c
801F8700,801F8703,render,groundAnimator.c
801F8704,801F8767,free,groundAnimator.c
801F8768,801F876F,func08,groundAnimator.c
801F8770,801F8777,getExtraSize,groundAnimator.c
801F8778,801F89E3,GroundAnimator_fn801932c8,
801F89E4,801F8B27,setScale,groundAnimator.c
801F8B28,801F8B63,func0B,groundAnimator.c
801F8B64,801F8B7F,modelMtxFn,
801F8B80,801F8B83,initialise,crackanim.c
801F8B84,801F8B87,release,crackanim.c
801F8B88,801F8DA7,dll_CrackAnimator_init,crackanim.c
801F8DA8,801F8DAB,update,crackanim.c
801F8DAC,801F8DAF,hitDetect,crackanim.c
801F8DB0,801F8E3F,render,crackanim.c
801F8E40,801F8E9F,free,crackanim.c
801F8EA0,801F8EA7,func08,crackanim.c
801F8EA8,801F8EAF,getExtraSize,
801F8EB0,801F8EB3,nop_801F8EB0,
801F8EB4,801F8EB7,initialise,dll_14C.c
801F8EB8,801F8EBB,release,dll_14C.c
801F8EBC,801F8FB3,init,dll_14C.c
801F8FB4,801F9153,update,dll_14C.c
801F9154,801F9157,hitDetect,dll_14C.c
801F9158,801F91B3,render,dll_14C.c
801F91B4,801F91B7,free,dll_14C.c
801F91B8,801F91BF,func08,dll_14C.c
801F91C0,801F91C7,getExtraSize,
801F91C8,801F91CB,nop_801F91C8,
801F91CC,801F91CF,initialise,dll_14D.c
801F91D0,801F91D3,release,dll_14D.c
801F91D4,801F929F,init,dll_14D.c
801F92A0,801F936F,update,dll_14D.c
801F9370,801F9373,hitDetect,dll_14D.c
801F9374,801F9377,render,dll_14D.c
801F9378,801F937B,free,dll_14D.c
801F937C,801F9383,func08,dll_14D.c
801F9384,801F938B,getExtraSize,
801F938C,801F938F,nop_801F938C,
801F9390,801F9393,initialise,dll_14E.c
801F9394,801F9397,release,dll_14E.c
801F9398,801F9543,init,dll_14E.c
801F9544,801F9547,update,dll_14E.c
801F9548,801F954B,hitDetect,dll_14E.c
801F954C,801F9693,render,dll_14E.c
801F9694,801F96EB,free,dll_14E.c
801F96EC,801F96F3,func08,dll_14E.c
801F96F4,801F96FB,getExtraSize,dll_14E.c
801F96FC,801F96FF,nop_801F96FC,
801F9700,801F97CB,setScale,dll_14E.c
801F97CC,801F97FF,func0B,dll_14E.c
801F9800,801F981B,modelMtxFn,
801F981C,801F981F,initialise,dll_14F.c
801F9820,801F9823,release,dll_14F.c
801F9824,801F9843,init,dll_14F.c
801F9844,801FADAF,update,dll_14F.c
801FADB0,801FADB3,nop_801FADB0,
801FADB4,801FADB7,hitDetect,dll_14F.c
801FADB8,801FAE77,render,dll_14F.c
801FAE78,801FAFAB,free,dll_14F.c
801FAFAC,801FAFB3,func08,dll_14F.c
801FAFB4,801FAFBB,getExtraSize,
801FAFBC,801FAFBF,nop_801FAFBC,
801FAFC0,801FAFC3,nop_801FAFC0,
801FAFC4,801FAFC7,initialise,dll_150.c
801FAFC8,801FAFCB,release,dll_150.c
801FAFCC,801FB02B,init,dll_150.c
801FB02C,801FB09B,update,dll_150.c
801FB09C,801FB09F,hitDetect,dll_150.c
801FB0A0,801FB0F7,render,dll_150.c
801FB0F8,801FB123,free,dll_150.c
801FB124,801FB12B,func08,dll_150.c
801FB12C,801FB133,getExtraSize,
801FB134,801FB28F,FUN_801fb134,
801FB290,801FB293,initialise,exploder.c
801FB294,801FB297,release,exploder.c
801FB298,801FB3C3,init,exploder.c
801FB3C4,801FBAEB,update,exploder.c
801FBAEC,801FBAEF,hitDetect,exploder.c
801FBAF0,801FBB4B,render,exploder.c
801FBB4C,801FBB83,free,exploder.c
801FBB84,801FBBA7,func08,exploder.c
801FBBA8,801FBBAF,getExtraSize,
801FBBB0,801FBFC3,FUN_801fbbb0,
801FBFC4,801FBFC7,initialise,dll_152.c
801FBFC8,801FBFCB,release,dll_152.c
801FBFCC,801FC05B,init,dll_152.c
801FC05C,801FC24F,update,dll_152.c
801FC250,801FC253,hitDetect,dll_152.c
801FC254,801FC313,render,dll_152.c
801FC314,801FC35F,free,dll_152.c
801FC360,801FC367,func08,dll_152.c
801FC368,801FC36F,getExtraSize,
801FC370,801FC3FF,fn_801FC370,
801FC400,801FC4EB,FUN_801fc400,
801FC4EC,801FC4EF,initialise,dll_153.c
801FC4F0,801FC4F3,release,dll_153.c
801FC4F4,801FC543,init,dll_153.c
801FC544,801FCA2F,update,dll_153.c
801FCA30,801FCA33,hitDetect,dll_153.c
801FCA34,801FCA8F,render,dll_153.c
801FCA90,801FCA93,free,dll_153.c
801FCA94,801FCA9B,func08,dll_153.c
801FCA9C,801FCAA3,getExtraSize,
801FCAA4,801FCC8F,FUN_801fcaa4,
801FCC90,801FCD53,FUN_801fcc90,
801FCD54,801FCD57,nop_801FCD54,
801FCD58,801FCD5F,ret0_801FCD58,
801FCD60,801FD0FB,FUN_801fcd60,
801FD0FC,801FD0FF,initialise,tFrameAnimator154.c
801FD100,801FD103,release,tFrameAnimator154.c
801FD104,801FD1CB,init,tFrameAnimator154.c
801FD1CC,801FD363,update,tFrameAnimator154.c
801FD364,801FD367,hitDetect,tFrameAnimator154.c
801FD368,801FD3C3,render,tFrameAnimator154.c
801FD3C4,801FD3C7,free,tFrameAnimator154.c
801FD3C8,801FD3CF,func08,tFrameAnimator154.c
801FD3D0,801FD3D7,getExtraSize,
801FD3D8,801FD3DB,initialise,dll_155.c
801FD3DC,801FD3DF,release,dll_155.c
801FD3E0,801FD447,dll_PortalTexAnimat_init,dll_155.c
801FD448,801FD6AB,update,dll_155.c
801FD6AC,801FD6AF,nop_801FD6AC,
801FD6B0,801FD6B3,hitDetect,dll_155.c
801FD6B4,801FD7CF,render,dll_155.c
801FD7D0,801FD813,free,dll_155.c
801FD814,801FD81B,func08,dll_155.c
801FD81C,801FD823,getExtraSize,
801FD824,801FD827,initialise,dll_144.c
801FD828,801FD82B,release,dll_144.c
801FD82C,801FD87F,init,dll_144.c
801FD880,801FDB03,update,dll_144.c
801FDB04,801FDB07,hitDetect,dll_144.c
801FDB08,801FDCF7,render,dll_144.c
801FDCF8,801FDD2F,free,dll_144.c
801FDD30,801FDD37,func08,dll_144.c
801FDD38,801FDD3F,getExtraSize,
801FDD40,801FDD43,initialise,trigger.c
801FDD44,801FDD47,release,trigger.c
801FDD48,801FDF37,init,trigger.c
801FDF38,801FE37F,update,trigger.c
801FE380,801FE383,hitDetect,trigger.c
801FE384,801FE67B,render,trigger.c
801FE67C,801FE797,free,trigger.c
801FE798,801FE79F,func08,trigger.c
801FE7A0,801FE7A7,getExtraSize,
801FE7A8,801FF6E3,objInterpretSeq,
801FF6E4,801FF6E7,nop_triggerSetupPoint,
801FF6E8,801FF777,FUN_801ff6e8,
801FF778,801FF7E3,FUN_801ff778,
801FF7E4,801FF85F,FUN_801ff7e4,
801FF860,801FF8D7,FUN_801ff860,
801FF8D8,801FF9E3,trigPntInit,
801FF9E4,801FFAFF,trigPnt_checkTrigger,
801FFB00,801FFB4F,trigCylInit,
801FFB50,801FFCDB,objSeqMoveFn_80199188,
801FFCDC,80200073,trigPlnInit,
80200074,80200347,triggerFn_80200074,
80200348,802003FF,FUN_80200348,
80200400,8020042B,trigAreaInit,
8020042C,802004EF,trigArea_run,
802004F0,80200647,trigArea_shouldTrigger,
80200648,802007CB,FUN_80200648,
802007CC,802009BF,FUN_802007cc,
802009C0,80200C6B,FUN_802009c0,
80200C6C,80200D3B,triggerLocalId,
80200D3C,80200D3F,trigCrveInit,
80200D40,80200EA7,trigCurve_checkTrigger,
80200EA8,80200EAB,initialise,dll_16C.c
80200EAC,80200EAF,release,dll_16C.c
80200EB0,80200EEF,init,dll_16C.c
80200EF0,80200EF3,update,dll_16C.c
80200EF4,80200EF7,hitDetect,dll_16C.c
80200EF8,80200F53,render,dll_16C.c
80200F54,80200F57,free,dll_16C.c
80200F58,80200F5F,func08,dll_16C.c
80200F60,80200F67,getExtraSize,
80200F68,80200F7F,fn_80200F68,
80200F80,80200F8B,initialise,dll_159.c
80200F8C,80200F8F,release,dll_159.c
80200F90,80200FBB,init,dll_159.c
80200FBC,802012C3,levelSyncFn04,dll_159.c
802012C4,802012C7,hitDetect,dll_159.c
802012C8,80201323,render,dll_159.c
80201324,80201327,free,dll_159.c
80201328,8020132F,func08,dll_159.c
80201330,80201337,getExtraSize,
80201338,8020133B,nop_80201338,
8020133C,80201347,initialise,dll_15A.c
80201348,8020134B,release,dll_15A.c
8020134C,80201377,init,dll_15A.c
80201378,802018C7,update,dll_15A.c
802018C8,802018CB,hitDetect,dll_15A.c
802018CC,80201927,render,dll_15A.c
80201928,8020195F,free,dll_15A.c
80201960,80201967,func08,dll_15A.c
80201968,8020196F,getExtraSize,
80201970,80201A0B,FUN_80201970,
80201A0C,80201B6F,FUN_80201a0c,
80201B70,80201BC3,FUN_80201b70,
80201BC4,80201E3F,FUN_80201bc4,
80201E40,802020AF,FUN_80201e40,
802020B0,802020B3,initialise,dll_15B.c
802020B4,802020B7,release,dll_15B.c
802020B8,802020FF,init,dll_15B.c
80202100,8020238F,update,dll_15B.c
80202390,80202393,hitDetect,dll_15B.c
80202394,802023EF,render,dll_15B.c
802023F0,802023F3,free,dll_15B.c
802023F4,802023FB,func08,dll_15B.c
802023FC,80202403,getExtraSize,
80202404,802025CF,fn_80202404,
802025D0,802025D3,initialise,CFguardian.c
802025D4,802025D7,release,CFguardian.c
802025D8,80202843,init,CFguardian.c
80202844,8020286B,update,CFguardian.c
8020286C,80202887,hitDetect,CFguardian.c
80202888,80202917,render,CFguardian.c
80202918,802029AF,free,CFguardian.c
802029B0,802029B7,func08,CFguardian.c
802029B8,802029BF,getExtraSize,CFguardian.c
802029C0,80202B07,CFguardian_fn802029c0,
80202B08,80203B5B,guardianLandFn_80202b08,
80203B5C,80203D8F,FUN_80203b5c,
80203D90,80203FCF,FUN_80203d90,
80203FD0,80204003,FUN_80203fd0,
80204004,802040F7,findNodeFn_80204004,
802040F8,8020430F,FUN_802040f8,
80204310,80204543,guardianAngleFn_80204310,
80204544,802045F3,guardianPathFn_80204544,
802045F4,8020467F,FUN_802045f4,
80204680,802046DB,FUN_80204680,
802046DC,80204703,setScale,
80204704,8020485F,cfGuardianFn_80204704,
80204860,80204863,initialise,windlift.c
80204864,80204867,release,windlift.c
80204868,80204913,init,windlift.c
80204914,80204DFB,update,windlift.c
80204DFC,80204DFF,hitDetect,windlift.c
80204E00,80204E5B,render,windlift.c
80204E5C,80204E5F,free,windlift.c
80204E60,80204E67,func08,windlift.c
80204E68,80204E6F,getExtraSize,
80204E70,8020536B,FUN_80204e70,
8020536C,802053AF,FUN_8020536c,
802053B0,802053B3,initialise,dll_15E.c
802053B4,802053B7,release,dll_15E.c
802053B8,802054A7,dll_CFPowerBase_init,dll_15E.c
802054A8,8020562B,dll_CFPowerBase_update,dll_15E.c
8020562C,8020562F,hitDetect,dll_15E.c
80205630,8020568B,render,dll_15E.c
8020568C,8020568F,free,dll_15E.c
80205690,80205697,func08,dll_15E.c
80205698,8020569F,getExtraSize,
802056A0,802057FB,fn_802056A0,
802057FC,802057FF,initialise,CFcrystal.c
80205800,80205803,release,CFcrystal.c
80205804,8020589F,init,CFcrystal.c
802058A0,802058FF,update,CFcrystal.c
80205900,80205903,hitDetect,CFcrystal.c
80205904,8020595F,render,CFcrystal.c
80205960,802059AF,free,CFcrystal.c
802059B0,802059B7,func08,CFcrystal.c
802059B8,802059BF,getExtraSize,
802059C0,802065CF,cryActionFn_802059c0,
802065D0,80206667,FUN_802065d0,
80206668,8020666B,initialise,CFBaby.c
8020666C,8020666F,release,CFBaby.c
80206670,80206797,init,CFBaby.c
80206798,802069FF,update,CFBaby.c
80206A00,80206A03,hitDetect,CFBaby.c
80206A04,80206A5F,render,CFBaby.c
80206A60,80206A9F,free,CFBaby.c
80206AA0,80206AA7,func08,CFBaby.c
80206AA8,80206AAF,getExtraSize,CFBaby.c
80206AB0,80206E0B,switchD_80206bf8_switchD,
80206E0C,80206E33,setScale,CFBaby.c
80206E34,80206EEB,flyAway,
80206EEC,80207047,FUN_80206eec,
80207048,8020704B,initialise,laser.c
8020704C,8020704F,release,laser.c
80207050,802070A7,init,laser.c
802070A8,802075D3,update,laser.c
802075D4,802075D7,hitDetect,laser.c
802075D8,8020796F,render,laser.c
80207970,80207973,free,laser.c
80207974,8020797B,func08,laser.c
8020797C,80207983,getExtraSize,
80207984,80207987,initialise,CFPrisonGuard.c
80207988,8020798B,release,CFPrisonGuard.c
8020798C,80207A33,init,CFPrisonGuard.c
80207A34,80207BAB,update,CFPrisonGuard.c
80207BAC,80207C0F,hitDetect,CFPrisonGuard.c
80207C10,80207D2B,render,CFPrisonGuard.c
80207D2C,80207D2F,free,CFPrisonGuard.c
80207D30,80207D37,func08,CFPrisonGuard.c
80207D38,80207D3F,getExtraSize,
80207D40,80208167,switchD_80207ec4_caseD_2,
80208168,8020816B,initialise,dll_163.c
8020816C,8020816F,release,dll_163.c
80208170,802081EF,init,dll_163.c
802081F0,8020840B,update,dll_163.c
8020840C,8020840F,hitDetect,dll_163.c
80208410,802085F7,render,dll_163.c
802085F8,802085FB,free,dll_163.c
802085FC,80208603,func08,dll_163.c
80208604,8020860B,getExtraSize,
8020860C,802086FF,fn_8020860C,
80208700,80208743,FUN_80208700,
80208744,80208747,initialise,dll_164.c
80208748,8020874B,release,dll_164.c
8020874C,8020874F,init,dll_164.c
80208750,80208753,update,dll_164.c
80208754,80208757,hitDetect,dll_164.c
80208758,8020875B,render,dll_164.c
8020875C,80208793,free,dll_164.c
80208794,8020879B,func08,dll_164.c
8020879C,802087A3,getExtraSize,
802087A4,802087A7,initialise,dll_165.c
802087A8,802087AB,release,dll_165.c
802087AC,802087E7,init,dll_165.c
802087E8,80208803,update,dll_165.c
80208804,80208807,hitDetect,dll_165.c
80208808,8020880B,render,dll_165.c
8020880C,8020880F,free,dll_165.c
80208810,80208817,func08,dll_165.c
80208818,8020881F,getExtraSize,
80208820,80208823,initialise,dll_166.c
80208824,80208827,release,dll_166.c
80208828,8020883F,init,dll_166.c
80208840,80208843,update,dll_166.c
80208844,80208847,hitDetect,dll_166.c
80208848,802088A3,render,dll_166.c
802088A4,802088A7,free,dll_166.c
802088A8,802088AF,func08,dll_166.c
802088B0,802088B7,getExtraSize,
802088B8,802088BB,initialise,robotpatrol.c
802088BC,8020890F,release,robotpatrol.c
80208910,80208A2F,init,robotpatrol.c
80208A30,80208BFB,update,robotpatrol.c
80208BFC,80208BFF,hitDetect,robotpatrol.c
80208C00,8020907B,render,robotpatrol.c
8020907C,802090EB,free,robotpatrol.c
802090EC,802090F3,func08,robotpatrol.c
802090F4,802090FB,getExtraSize,
802090FC,8020950F,robotPatrolFn_802090fc,
80209510,802096EF,FUN_80209510,
802096F0,8020975B,FUN_802096f0,
8020975C,8020998B,FUN_8020975c,
8020998C,80209A07,FUN_8020998c,
80209A08,80209C43,FUN_80209a08,
80209C44,80209EDF,FUN_80209c44,
80209EE0,80209F3B,FUN_80209ee0,
80209F3C,8020A30B,FUN_80209f3c,
8020A30C,8020A31F,FUN_8020a30c,
8020A320,8020A3BB,FUN_8020a320,
8020A3BC,8020A643,FUN_8020a3bc,
8020A644,8020A64F,FUN_8020a644,
8020A650,8020A7CF,FUN_8020a650,
8020A7D0,8020AB1F,FUN_8020a7d0,
8020AB20,8020AB73,FUN_8020ab20,
8020AB74,8020AC2F,FUN_8020ab74,
8020AC30,8020AD13,FUN_8020ac30,
8020AD14,8020AD23,fn_8020AD14,
8020AD24,8020AD27,initialise,dll_168.c
8020AD28,8020AD97,release,dll_168.c
8020AD98,8020ADB3,init,dll_168.c
8020ADB4,8020ADC7,update,dll_168.c
8020ADC8,8020AE0F,hitDetect,dll_168.c
8020AE10,8020AE83,render,dll_168.c
8020AE84,8020AE97,free,dll_168.c
8020AE98,8020AE9F,func08,dll_168.c
8020AEA0,8020AEA7,getExtraSize,
8020AEA8,8020AEAB,initialise,dll_169.c
8020AEAC,8020AEAF,release,dll_169.c
8020AEB0,8020AEBB,init,dll_169.c
8020AEBC,8020AF5B,update,dll_169.c
8020AF5C,8020AF5F,hitDetect,dll_169.c
8020AF60,8020AF63,render,dll_169.c
8020AF64,8020AF67,free,dll_169.c
8020AF68,8020AF6F,func08,dll_169.c
8020AF70,8020AF77,getExtraSize,
8020AF78,8020AF7B,initialise,dll_16A.c
8020AF7C,8020AF7F,release,dll_16A.c
8020AF80,8020AF97,init,dll_16A.c
8020AF98,8020B003,update,dll_16A.c
8020B004,8020B007,hitDetect,dll_16A.c
8020B008,8020B00B,render,dll_16A.c
8020B00C,8020B047,free,dll_16A.c
8020B048,8020B04F,func08,dll_16A.c
8020B050,8020B057,getExtraSize,
8020B058,8020B097,fn_8020B058,
8020B098,8020B09B,initialise,dll_16B.c
8020B09C,8020B09F,release,dll_16B.c
8020B0A0,8020B173,init,dll_16B.c
8020B174,8020B1F7,update,dll_16B.c
8020B1F8,8020B1FB,hitDetect,dll_16B.c
8020B1FC,8020B257,render,dll_16B.c
8020B258,8020B25B,free,dll_16B.c
8020B25C,8020B277,func08,dll_16B.c
8020B278,8020B27F,getExtraSize,
8020B280,8020B3C7,fn_8020B280,
8020B3C8,8020B3CB,initialise,CFtoggleswitch.c
8020B3CC,8020B3CF,release,CFtoggleswitch.c
8020B3D0,8020B43F,init,CFtoggleswitch.c
8020B440,8020B60F,update,CFtoggleswitch.c
8020B610,8020B613,hitDetect,CFtoggleswitch.c
8020B614,8020B66F,render,CFtoggleswitch.c
8020B670,8020B673,free,CFtoggleswitch.c
8020B674,8020B67B,func08,CFtoggleswitch.c
8020B67C,8020B683,getExtraSize,
8020B684,8020B72B,FUN_8020b684,
8020B72C,8020B72F,initialise,dll_16E.c
8020B730,8020B733,release,dll_16E.c
8020B734,8020B7B3,init,dll_16E.c
8020B7B4,8020B8F7,update,dll_16E.c
8020B8F8,8020B8FB,hitDetect,dll_16E.c
8020B8FC,8020B957,render,dll_16E.c
8020B958,8020B95B,free,dll_16E.c
8020B95C,8020B963,func08,dll_16E.c
8020B964,8020B96B,getExtraSize,
8020B96C,8020B96F,initialise,DRbarrelplace.c
8020B970,8020B973,release,DRbarrelplace.c
8020B974,8020BAD7,init,DRbarrelplace.c
8020BAD8,8020BF87,update,DRbarrelplace.c
8020BF88,8020C273,hitDetect,DRbarrelplace.c
8020C274,8020C327,render,DRbarrelplace.c
8020C328,8020C3AF,free,DRbarrelplace.c
8020C3B0,8020C3B7,func08,DRbarrelplace.c
8020C3B8,8020C3BF,getExtraSize,DRbarrelplace.c
8020C3C0,8020C99F,FUN_8020c3c0,
8020C9A0,8020CBCF,FUN_8020c9a0,
8020CBD0,8020CEEF,FUN_8020cbd0,
8020CEF0,8020CF87,setScale,
8020CF88,8020D02F,FUN_8020cf88,
8020D030,8020D14B,elevatorFn_8020d030,
8020D14C,8020D237,FUN_8020d14c,
8020D238,8020D23B,initialise,dll_170.c
8020D23C,8020D23F,release,dll_170.c
8020D240,8020D307,init,dll_170.c
8020D308,8020D503,update,dll_170.c
8020D504,8020D507,hitDetect,dll_170.c
8020D508,8020D58B,render,dll_170.c
8020D58C,8020D58F,free,dll_170.c
8020D590,8020D597,func08,dll_170.c
8020D598,8020D59F,getExtraSize,
8020D5A0,8020D6AB,mapPolyFn_8020d5a0,
8020D6AC,8020D6AF,initialise,SimpleExploder.c
8020D6B0,8020D6B3,release,SimpleExploder.c
8020D6B4,8020D777,init,SimpleExploder.c
8020D778,8020D933,update,SimpleExploder.c
8020D934,8020D937,hitDetect,SimpleExploder.c
8020D938,8020D9AB,render,SimpleExploder.c
8020D9AC,8020DA2B,free,SimpleExploder.c
8020DA2C,8020DA33,func08,SimpleExploder.c
8020DA34,8020DA3B,getExtraSize,
8020DA3C,8020DEFF,FUN_8020da3c,
8020DF00,8020E19F,FUN_8020df00,
8020E1A0,8020E423,FUN_8020e1a0,
8020E424,8020E427,initialise,dll_172.c
8020E428,8020E42B,release,dll_172.c
8020E42C,8020E43F,init,dll_172.c
8020E440,8020E453,update,dll_172.c
8020E454,8020E457,hitDetect,dll_172.c
8020E458,8020E4CB,render,dll_172.c
8020E4CC,8020E4CF,free,dll_172.c
8020E4D0,8020E4D7,func08,dll_172.c
8020E4D8,8020E4DF,getExtraSize,
8020E4E0,8020E4E3,initialise,CFforcecontrol.c
8020E4E4,8020E4E7,release,CFforcecontrol.c
8020E4E8,8020E5FF,init,CFforcecontrol.c
8020E600,8020E723,update,CFforcecontrol.c
8020E724,8020E82B,hitDetect,CFforcecontrol.c
8020E82C,8020E893,render,CFforcecontrol.c
8020E894,8020E8CB,free,CFforcecontrol.c
8020E8CC,8020E8D3,func08,CFforcecontrol.c
8020E8D4,8020E8DB,getExtraSize,
8020E8DC,8020E8F7,FUN_8020e8dc,
8020E8F8,8020E90B,FUN_8020e8f8,
8020E90C,8020EA67,FUN_8020e90c,
8020EA68,8020ED53,FUN_8020ea68,
8020ED54,8020EDCB,FUN_8020ed54,
8020EDCC,8020EFC3,FUN_8020edcc,
8020EFC4,8020F0CF,FUN_8020efc4,
8020F0D0,8020F0D3,initialise,dll_174.c
8020F0D4,8020F0D7,release,dll_174.c
8020F0D8,8020F15F,init,dll_174.c
8020F160,8020F20B,update,dll_174.c
8020F20C,8020F20F,hitDetect,dll_174.c
8020F210,8020F26B,render,dll_174.c
8020F26C,8020F26F,free,dll_174.c
8020F270,8020F277,func08,dll_174.c
8020F278,8020F27F,getExtraSize,
8020F280,8020F463,fn_8020F280,
8020F464,8020F467,initialise,dll_175.c
8020F468,8020F46B,release,dll_175.c
8020F46C,8020F567,init,dll_175.c
8020F568,8020F7AF,update,dll_175.c
8020F7B0,8020F7B3,hitDetect,dll_175.c
8020F7B4,8020F80F,render,dll_175.c
8020F810,8020F813,free,dll_175.c
8020F814,8020F81B,func08,dll_175.c
8020F81C,8020F823,getExtraSize,
8020F824,8020F827,initialise,dll_176.c
8020F828,8020F82B,release,dll_176.c
8020F82C,8020F87B,init,dll_176.c
8020F87C,8020F8BF,update,dll_176.c
8020F8C0,8020F8C3,hitDetect,dll_176.c
8020F8C4,8020F91F,render,dll_176.c
8020F920,8020F94B,free,dll_176.c
8020F94C,8020F953,func08,dll_176.c
8020F954,8020F95B,getExtraSize,dll_176.c
8020F95C,8020F98B,setScale,dll_176.c
8020F98C,8020FA4F,func0B,
8020FA50,8020FA53,initialise,robot.c
8020FA54,8020FA57,release,robot.c
8020FA58,8020FB3B,init,robot.c
8020FB3C,802103AF,update,robot.c
802103B0,80210467,hitDetect,robot.c
80210468,802106DB,render,robot.c
802106DC,80210787,FUN_802106dc,
80210788,80210823,kill,robot.c
80210824,8021082B,func08,robot.c
8021082C,80210833,getExtraSize,
80210834,802108C7,fn_80210834,
802108C8,80210953,FUN_802108c8,
80210954,80210AAB,FUN_80210954,
80210AAC,80210BAB,FUN_80210aac,
80210BAC,80210C4B,FUN_80210bac,
80210C4C,80210CFB,FUN_80210c4c,
80210CFC,80210D8B,FUN_80210cfc,
80210D8C,80210D9F,FUN_80210d8c,
80210DA0,80210EF7,FUN_80210da0,
80210EF8,80211183,FUN_80210ef8,
80211184,802111FB,FUN_80211184,
802111FC,8021136F,FUN_802111fc,
80211370,80211373,initialise,treasureRelated0177.c
80211374,80211377,release,treasureRelated0177.c
80211378,8021144B,init,treasureRelated0177.c
8021144C,80211647,update,treasureRelated0177.c
80211648,8021164B,hitDetect,treasureRelated0177.c
8021164C,802116A7,render,treasureRelated0177.c
802116A8,8021171F,free,treasureRelated0177.c
80211720,80211727,func08,treasureRelated0177.c
80211728,8021172F,getExtraSize,treasureRelated0177.c
80211730,80211847,FUN_80211730,
80211848,8021186F,setScale,treasureRelated0177.c
80211870,802118CF,func0B,treasureRelated0177.c
802118D0,80211A13,modelMtxFn,
80211A14,80211C4B,FUN_80211a14,
80211C4C,80211CFF,FUN_80211c4c,
80211D00,80211D83,curvePointFindNodeFn_80211d00,
80211D84,80211D87,initialise,dll_179.c
80211D88,80211D8B,release,dll_179.c
80211D8C,80211D9F,init,dll_179.c
80211DA0,80211EBB,update,dll_179.c
80211EBC,80211EBF,hitDetect,dll_179.c
80211EC0,80211F1B,render,dll_179.c
80211F1C,80211F1F,free,dll_179.c
80211F20,80211F27,func08,dll_179.c
80211F28,80211F2F,getExtraSize,
80211F30,80211F33,initialise,dll_17A.c
80211F34,80211F37,release,dll_17A.c
80211F38,8021206F,init,dll_17A.c
80212070,80212267,update,dll_17A.c
80212268,8021226B,hitDetect,dll_17A.c
8021226C,8021232B,render,dll_17A.c
8021232C,80212357,free,dll_17A.c
80212358,8021235F,func08,dll_17A.c
80212360,80212367,getExtraSize,
80212368,8021236B,initialise,CFlevelControl.c
8021236C,8021236F,release,CFlevelControl.c
80212370,8021240F,init,CFlevelControl.c
80212410,8021265B,update,CFlevelControl.c
8021265C,8021265F,hitDetect,CFlevelControl.c
80212660,802126BB,render,CFlevelControl.c
802126BC,802126FB,free,CFlevelControl.c
802126FC,80212703,func08,CFlevelControl.c
80212704,8021270B,getExtraSize,
8021270C,80212743,FUN_8021270c,
80212744,80212973,loadGroupFn_80212744,
80212974,80212ACB,resetGroupLoadFn_80212974,
80212ACC,80212B77,FUN_80212acc,
80212B78,80212C3F,freeBabyFn_80212b78,
80212C40,80212CD3,FUN_80212c40,
80212CD4,80212D43,FUN_80212cd4,
80212D44,80212D47,nop_80212D44,
80212D48,80212D4B,initialise,CFTreasSharpy.c
80212D4C,80212D4F,release,CFTreasSharpy.c
80212D50,80212E33,init,CFTreasSharpy.c
80212E34,802130FF,update,CFTreasSharpy.c
80213100,802131E3,hitDetect,CFTreasSharpy.c
802131E4,80213377,render,CFTreasSharpy.c
80213378,8021337B,free,CFTreasSharpy.c
8021337C,80213383,func08,CFTreasSharpy.c
80213384,8021338B,getExtraSize,
8021338C,80213423,objNearFn_8021338c,
80213424,80213503,FUN_80213424,
80213504,80213A7F,FUN_80213504,
80213A80,80213B2F,FUN_80213a80,
80213B30,80213BBB,FUN_80213b30,
80213BBC,80213D4B,FUN_80213bbc,
80213D4C,80213E57,FUN_80213d4c,
80213E58,80213F57,FUN_80213e58,
80213F58,8021405F,FUN_80213f58,
80214060,80214063,initialise,CFchuckobj.c
80214064,80214067,release,CFchuckobj.c
80214068,8021413B,init,CFchuckobj.c
8021413C,8021461F,update,CFchuckobj.c
80214620,80214697,hitDetect,CFchuckobj.c
80214698,8021470B,render,CFchuckobj.c
8021470C,8021475F,free,CFchuckobj.c
80214760,80214767,func08,CFchuckobj.c
80214768,8021476F,getExtraSize,
80214770,8021483F,FUN_80214770,
80214840,802148FB,FUN_80214840,
802148FC,8021495F,FUN_802148fc,
80214960,802149B3,FUN_80214960,
802149B4,802149B7,initialise,CFwalltorch.c
802149B8,802149BB,release,CFwalltorch.c
802149BC,80214ADF,init,CFwalltorch.c
80214AE0,80214C0F,update,CFwalltorch.c
80214C10,80214C13,hitDetect,CFwalltorch.c
80214C14,80214C6F,render,CFwalltorch.c
80214C70,80214D23,free,CFwalltorch.c
80214D24,80214D2B,func08,CFwalltorch.c
80214D2C,80214D33,getExtraSize,
80214D34,80214D37,initialise,dll_17F.c
80214D38,80214D3B,release,dll_17F.c
80214D3C,80214DFB,init,dll_17F.c
80214DFC,80214E77,update,dll_17F.c
80214E78,80214EEF,FUN_80214e78,
80214EF0,80215317,FUN_80214ef0,
80215318,8021531B,hitDetect,dll_17F.c
8021531C,80215377,render,dll_17F.c
80215378,802153A3,free,dll_17F.c
802153A4,802153C7,func08,dll_17F.c
802153C8,802153CF,getExtraSize,dll_17F.c
802153D0,802153EB,setScale,
802153EC,802156FB,FUN_802153ec,
802156FC,8021593B,FUN_802156fc,
8021593C,8021593F,initialise,dll_180.c
80215940,80215943,release,dll_180.c
80215944,802159BF,init,dll_180.c
802159C0,80215A1B,update,dll_180.c
80215A1C,80215A1F,hitDetect,dll_180.c
80215A20,80215DAB,FUN_80215a20,
80215DAC,80215E07,render,dll_180.c
80215E08,80215E8F,free,dll_180.c
80215E90,80215E97,func08,dll_180.c
80215E98,80215E9F,getExtraSize,
80215EA0,80215ECB,initialise,holoPoint.c
80215ECC,80215EF7,release,holoPoint.c
80215EF8,80215F83,init,holoPoint.c
80215F84,80215FEF,update,holoPoint.c
80215FF0,80215FF3,hitDetect,holoPoint.c
80215FF4,80215FF7,render,holoPoint.c
80215FF8,80215FFB,free,holoPoint.c
80215FFC,80216003,func08,holoPoint.c
80216004,8021600B,getExtraSize,
8021600C,80216063,fn_8021600C,
80216064,80216067,initialise,dll_182.c
80216068,8021606B,release,dll_182.c
8021606C,8021630F,init,dll_182.c
80216310,80216313,update,dll_182.c
80216314,80216317,hitDetect,dll_182.c
80216318,80216383,render,dll_182.c
80216384,80216387,free,dll_182.c
80216388,8021638F,func08,dll_182.c
80216390,80216397,getExtraSize,
80216398,802163FB,FUN_80216398,
802163FC,802163FF,nop_802163FC,
80216400,80216417,FUN_80216400,
80216418,8021641B,initialise,dll_1A0.c
8021641C,8021646F,release,dll_1A0.c
80216470,8021659B,init,dll_1A0.c
8021659C,8021677F,update,dll_1A0.c
80216780,80216813,hitDetect,dll_1A0.c
80216814,80216CFF,render,dll_1A0.c
80216D00,80216D6F,free,dll_1A0.c
80216D70,80216D77,func08,dll_1A0.c
80216D78,80216D7F,getExtraSize,dll_1A0.c
80216D80,8021712B,robotPatrolFn_80216d80,
8021712C,8021730B,FUN_8021712c,
8021730C,80217377,FUN_8021730c,
80217378,802175A7,FUN_80217378,
802175A8,80217623,FUN_802175a8,
80217624,8021785F,FUN_80217624,
80217860,80217AFB,FUN_80217860,
80217AFC,80217B57,FUN_80217afc,
80217B58,80217F27,FUN_80217b58,
80217F28,80217F3B,FUN_80217f28,
80217F3C,80217FD7,FUN_80217f3c,
80217FD8,8021815B,FUN_80217fd8,
8021815C,80218AB3,FUN_8021815c,
80218AB4,80218D67,FUN_80218ab4,
80218D68,80218FFF,FUN_80218d68,
80219000,8021900B,FUN_80219000,
8021900C,80219183,FUN_8021900c,
80219184,802194DB,FUN_80219184,
802194DC,8021952F,FUN_802194dc,
80219530,802195EB,FUN_80219530,
802195EC,802196CF,FUN_802195ec,
802196D0,802196DF,fn_802196D0,
802196E0,802196FF,setScale,dll_1A0.c
80219700,8021975F,func0B,
80219760,80219773,FUN_80219760,
80219774,802198CB,FUN_80219774,
802198CC,80219B4B,FUN_802198cc,
80219B4C,80219BC3,FUN_80219b4c,
80219BC4,80219D37,FUN_80219bc4,
80219D38,80219D3B,initialise,dll_1A1.c
80219D3C,80219D3F,release,dll_1A1.c
80219D40,80219D43,init,dll_1A1.c
80219D44,80219D47,update,dll_1A1.c
80219D48,80219D4B,hitDetect,dll_1A1.c
80219D4C,80219D4F,render,dll_1A1.c
80219D50,80219D53,free,dll_1A1.c
80219D54,80219D5B,func08,dll_1A1.c
80219D5C,80219D63,getExtraSize,
80219D64,80219D67,initialise,dll_1A2.c
80219D68,80219D6B,release,dll_1A2.c
80219D6C,80219D7F,init,dll_1A2.c
80219D80,80219D83,update,dll_1A2.c
80219D84,80219D9F,hitDetect,dll_1A2.c
80219DA0,80219DFB,render,dll_1A2.c
80219DFC,80219E0F,free,dll_1A2.c
80219E10,80219E17,func08,dll_1A2.c
80219E18,80219E1F,getExtraSize,
80219E20,80219E2B,initialise,mmp_barrel.c
80219E2C,80219E2F,release,mmp_barrel.c
80219E30,8021A003,init,mmp_barrel.c
8021A004,8021A3BF,update,mmp_barrel.c
8021A3C0,8021A3C3,hitDetect,mmp_barrel.c
8021A3C4,8021A43B,render,mmp_barrel.c
8021A43C,8021A4DF,free,mmp_barrel.c
8021A4E0,8021A4E7,func08,mmp_barrel.c
8021A4E8,8021A4EF,getExtraSize,
8021A4F0,8021A63B,FUN_8021a4f0,
8021A63C,8021A63F,initialise,mmp_levelcontrol.c
8021A640,8021A643,release,mmp_levelcontrol.c
8021A644,8021A667,init,mmp_levelcontrol.c
8021A668,8021A733,update,mmp_levelcontrol.c
8021A734,8021A737,hitDetect,mmp_levelcontrol.c
8021A738,8021A793,render,mmp_levelcontrol.c
8021A794,8021A813,free,mmp_levelcontrol.c
8021A814,8021A81B,func08,mmp_levelcontrol.c
8021A81C,8021A823,getExtraSize,
8021A824,8021A923,fn_8021A824,
8021A924,8021A927,initialise,dll_1A5.c
8021A928,8021A92B,release,dll_1A5.c
8021A92C,8021AA03,init,dll_1A5.c
8021AA04,8021AABF,update,dll_1A5.c
8021AAC0,8021AAC3,hitDetect,dll_1A5.c
8021AAC4,8021AB1F,render,dll_1A5.c
8021AB20,8021AB23,free,dll_1A5.c
8021AB24,8021AB2B,func08,dll_1A5.c
8021AB2C,8021AB33,getExtraSize,
8021AB34,8021AC87,fn_8021AB34,
8021AC88,8021AC8B,initialise,MMP_asteroid.c
8021AC8C,8021AC8F,release,MMP_asteroid.c
8021AC90,8021ADFB,init,MMP_asteroid.c
8021ADFC,8021B413,update,MMP_asteroid.c
8021B414,8021B417,hitDetect,MMP_asteroid.c
8021B418,8021B473,render,MMP_asteroid.c
8021B474,8021B477,free,MMP_asteroid.c
8021B478,8021B47F,func08,MMP_asteroid.c
8021B480,8021B487,getExtraSize,
8021B488,8021B64F,fn_8021B488,
8021B650,8021B653,initialise,MMP_moonrock.c
8021B654,8021B657,release,MMP_moonrock.c
8021B658,8021B71F,init,MMP_moonrock.c
8021B720,8021BA97,update,MMP_moonrock.c
8021BA98,8021BA9B,hitDetect,MMP_moonrock.c
8021BA9C,8021BB1B,render,MMP_moonrock.c
8021BB1C,8021BB53,free,MMP_moonrock.c
8021BB54,8021BB5B,func08,MMP_moonrock.c
8021BB5C,8021BB63,getExtraSize,
8021BB64,8021BE6F,FUN_8021bb64,
8021BE70,8021BF3F,FUN_8021be70,
8021BF40,8021BF43,initialise,dll_1A7.c
8021BF44,8021BF47,release,dll_1A7.c
8021BF48,8021BFDB,init,dll_1A7.c
8021BFDC,8021C2CB,update,dll_1A7.c
8021C2CC,8021C2CF,hitDetect,dll_1A7.c
8021C2D0,8021C3DB,render,dll_1A7.c
8021C3DC,8021C413,free,dll_1A7.c
8021C414,8021C41B,func08,dll_1A7.c
8021C41C,8021C423,getExtraSize,
8021C424,8021C427,initialise,MMP_gyservent.c
8021C428,8021C42B,release,MMP_gyservent.c
8021C42C,8021C477,init,MMP_gyservent.c
8021C478,8021C587,update,MMP_gyservent.c
8021C588,8021C58B,hitDetect,MMP_gyservent.c
8021C58C,8021C58F,render,MMP_gyservent.c
8021C590,8021C593,free,MMP_gyservent.c
8021C594,8021C59B,func08,MMP_gyservent.c
8021C59C,8021C5A3,getExtraSize,
8021C5A4,8021C5A7,initialise,dll_1AA.c
8021C5A8,8021C5AB,release,dll_1AA.c
8021C5AC,8021C643,init,dll_1AA.c
8021C644,8021CABF,update,dll_1AA.c
8021CAC0,8021CB0B,hitDetect,dll_1AA.c
8021CB0C,8021CB67,render,dll_1AA.c
8021CB68,8021CB6B,free,dll_1AA.c
8021CB6C,8021CB73,func08,dll_1AA.c
8021CB74,8021CB7B,getExtraSize,
8021CB7C,8021CB7F,initialise,cage.c
8021CB80,8021CB83,release,cage.c
8021CB84,8021CC2F,init,cage.c
8021CC30,8021D38B,update,cage.c
8021D38C,8021D38F,hitDetect,cage.c
8021D390,8021D3EB,render,cage.c
8021D3EC,8021D3EF,free,cage.c
8021D3F0,8021D3F7,func08,cage.c
8021D3F8,8021D3FF,getExtraSize,
8021D400,8021D507,FUN_8021d400,
8021D508,8021D60F,FUN_8021d508,
8021D610,8021D6D3,FUN_8021d610,
8021D6D4,8021D6D7,initialise,dll_1AC.c
8021D6D8,8021D6DB,release,dll_1AC.c
8021D6DC,8021D767,init,dll_1AC.c
8021D768,8021D8A7,update,dll_1AC.c
8021D8A8,8021D8AB,hitDetect,dll_1AC.c
8021D8AC,8021D8AF,render,dll_1AC.c
8021D8B0,8021D8DB,free,dll_1AC.c
8021D8DC,8021D8E3,func08,dll_1AC.c
8021D8E4,8021D8EB,getExtraSize,
8021D8EC,8021D98B,fn_8021D8EC,
8021D98C,8021D98F,initialise,dll_1AD.c
8021D990,8021D993,release,dll_1AD.c
8021D994,8021DA07,init,dll_1AD.c
8021DA08,8021DA0B,update,dll_1AD.c
8021DA0C,8021DA0F,hitDetect,dll_1AD.c
8021DA10,8021DA6B,render,dll_1AD.c
8021DA6C,8021DA97,free,dll_1AD.c
8021DA98,8021DA9F,func08,dll_1AD.c
8021DAA0,8021DAA7,getExtraSize,
8021DAA8,8021DB4F,fn_8021DAA8,
8021DB50,8021DB53,initialise,dll_1AE.c
8021DB54,8021DB57,release,dll_1AE.c
8021DB58,8021DBD3,init,dll_1AE.c
8021DBD4,8021DCD7,update,dll_1AE.c
8021DCD8,8021DCDB,hitDetect,dll_1AE.c
8021DCDC,8021DCDF,render,dll_1AE.c
8021DCE0,8021DCE3,free,dll_1AE.c
8021DCE4,8021DCEB,func08,dll_1AE.c
8021DCEC,8021DCF3,getExtraSize,
8021DCF4,8021DD6F,fn_8021DCF4,
8021DD70,8021DE23,FUN_8021dd70,
8021DE24,8021DE27,initialise,dll_1B0.c
8021DE28,8021DE2B,release,dll_1B0.c
8021DE2C,8021DE4F,init,dll_1B0.c
8021DE50,8021DFC7,update,dll_1B0.c
8021DFC8,8021DFCB,hitDetect,dll_1B0.c
8021DFCC,8021E027,render,dll_1B0.c
8021E028,8021E02B,free,dll_1B0.c
8021E02C,8021E033,func08,dll_1B0.c
8021E034,8021E03B,getExtraSize,
8021E03C,8021E03F,initialise,fireCrystalLightRelated01AF.c
8021E040,8021E043,release,fireCrystalLightRelated01AF.c
8021E044,8021E19F,init,fireCrystalLightRelated01AF.c
8021E1A0,8021E2EB,update,fireCrystalLightRelated01AF.c
8021E2EC,8021E2EF,hitDetect,fireCrystalLightRelated01AF.c
8021E2F0,8021E367,render,fireCrystalLightRelated01AF.c
8021E368,8021E43F,free,fireCrystalLightRelated01AF.c
8021E440,8021E447,func08,fireCrystalLightRelated01AF.c
8021E448,8021E44F,getExtraSize,
8021E450,8021E4A3,FUN_8021e450,
8021E4A4,8021E557,FUN_8021e4a4,
8021E558,8021E593,fn_8021E558,
8021E594,8021E597,initialise,dll_1B1.c
8021E598,8021E59B,release,dll_1B1.c
8021E59C,8021E72B,init,dll_1B1.c
8021E72C,8021E73F,update,dll_1B1.c
8021E740,8021E7CB,FUN_8021e740,
8021E7CC,8021E7CF,hitDetect,dll_1B1.c
8021E7D0,8021E9DF,render,dll_1B1.c
8021E9E0,8021E9E3,free,dll_1B1.c
8021E9E4,8021E9EB,func08,dll_1B1.c
8021E9EC,8021E9F3,getExtraSize,
8021E9F4,8021E9F7,initialise,hightop.c
8021E9F8,8021E9FB,release,hightop.c
8021E9FC,8021EA5F,init,hightop.c
8021EA60,8021EEDB,update,hightop.c
8021EEDC,8021EEDF,hitDetect,hightop.c
8021EEE0,8021EF3B,render,hightop.c
8021EF3C,8021EF3F,free,hightop.c
8021EF40,8021EF47,func08,hightop.c
8021EF48,8021EF4F,getExtraSize,
8021EF50,8021EF7B,fn_8021EF50,
8021EF7C,8021EF7F,initialise,dll_1B3.c
8021EF80,8021EF83,release,dll_1B3.c
8021EF84,8021EFB7,init,dll_1B3.c
8021EFB8,8021EFBB,update,dll_1B3.c
8021EFBC,8021EFBF,hitDetect,dll_1B3.c
8021EFC0,8021F11F,render,dll_1B3.c
8021F120,8021F123,free,dll_1B3.c
8021F124,8021F12B,func08,dll_1B3.c
8021F12C,8021F133,getExtraSize,
8021F134,8021F137,initialise,dll_1B4.c
8021F138,8021F13B,release,dll_1B4.c
8021F13C,8021F1DB,init,dll_1B4.c
8021F1DC,8021F2FB,update,dll_1B4.c
8021F2FC,8021F34F,FUN_8021f2fc,
8021F350,8021F443,FUN_8021f350,
8021F444,8021F69F,FUN_8021f444,
8021F6A0,8021F74F,FUN_8021f6a0,
8021F750,8021FA1B,seqStartFn_8021f750,
8021FA1C,8021FCA7,FUN_8021fa1c,
8021FCA8,8021FCAB,hitDetect,dll_1B4.c
8021FCAC,8021FD07,render,dll_1B4.c
8021FD08,8021FD0B,free,dll_1B4.c
8021FD0C,8021FD13,func08,dll_1B4.c
8021FD14,8021FD1B,getExtraSize,
8021FD1C,8021FF57,fn_8021FD1C,
8021FF58,8021FF5B,nop_8021FF58,
8021FF5C,8021FF5F,nop_8021FF5C,
8021FF60,8021FF63,initialise,dll_1B5.c
8021FF64,8021FF67,release,dll_1B5.c
8021FF68,8021FFE7,init,dll_1B5.c
8021FFE8,80220113,update,dll_1B5.c
80220114,80220117,hitDetect,dll_1B5.c
80220118,8022011F,render,dll_1B5.c
80220120,80220123,free,dll_1B5.c
80220124,8022012B,func08,dll_1B5.c
8022012C,80220133,getExtraSize,
80220134,80220137,initialise,dll_1B6.c
80220138,8022013B,release,dll_1B6.c
8022013C,802201C3,init,dll_1B6.c
802201C4,8022027F,update,dll_1B6.c
80220280,80220283,hitDetect,dll_1B6.c
80220284,80220287,render,dll_1B6.c
80220288,8022028B,free,dll_1B6.c
8022028C,80220293,func08,dll_1B6.c
80220294,8022029B,getExtraSize,
8022029C,802203A7,fn_8022029C,
802203A8,8022040F,FUN_802203a8,
80220410,80220507,FUN_80220410,
80220508,8022050B,initialise,dll_1B7.c
8022050C,8022050F,release,dll_1B7.c
80220510,802205D7,init,dll_1B7.c
802205D8,80220707,update,dll_1B7.c
80220708,8022070B,hitDetect,dll_1B7.c
8022070C,80220767,render,dll_1B7.c
80220768,8022076B,free,dll_1B7.c
8022076C,80220773,func08,dll_1B7.c
80220774,8022077B,getExtraSize,
8022077C,8022077F,initialise,sandwormBoss.c
80220780,80220783,release,sandwormBoss.c
80220784,8022096F,init,sandwormBoss.c
80220970,802209C3,update,sandwormBoss.c
802209C4,80220B63,FUN_802209c4,
80220B64,80220BC7,FUN_80220b64,
80220BC8,80221243,switchD_80220c30_caseD_9,
80221244,80221293,FUN_80221244,
80221294,80221373,FUN_80221294,
80221374,802213C3,FUN_80221374,
802213C4,8022147B,FUN_802213c4,
8022147C,8022156B,FUN_8022147c,
8022156C,802215E3,FUN_8022156c,
802215E4,802216D7,FUN_802215e4,
802216D8,802216DB,hitDetect,sandwormBoss.c
802216DC,802219D7,render,sandwormBoss.c
802219D8,80221A53,free,sandwormBoss.c
80221A54,80221A5B,func08,sandwormBoss.c
80221A5C,80221A63,getExtraSize,
80221A64,80221B1B,fn_80221A64,
80221B1C,80221B1F,initialise,dll_1B9.c
80221B20,80221B23,release,dll_1B9.c
80221B24,80221BBB,init,dll_1B9.c
80221BBC,80221D43,update,dll_1B9.c
80221D44,80221D47,hitDetect,dll_1B9.c
80221D48,80221DA3,render,dll_1B9.c
80221DA4,80221DA7,free,dll_1B9.c
80221DA8,80221DAF,func08,dll_1B9.c
80221DB0,80221DB7,getExtraSize,
80221DB8,80221DBB,initialise,gasvent.c
80221DBC,80221DBF,release,gasvent.c
80221DC0,80221DFF,init,gasvent.c
80221E00,80221EC7,update,gasvent.c
80221EC8,80221ECB,hitDetect,gasvent.c
80221ECC,80221F33,render,gasvent.c
80221F34,80221F5F,free,gasvent.c
80221F60,80221F67,func08,gasvent.c
80221F68,80221F6F,getExtraSize,
80221F70,80221F73,initialise,dll_1BC.c
80221F74,80221F77,release,dll_1BC.c
80221F78,80221F9B,init,dll_1BC.c
80221F9C,80222003,update,dll_1BC.c
80222004,80222007,hitDetect,dll_1BC.c
80222008,8022200B,render,dll_1BC.c
8022200C,8022200F,free,dll_1BC.c
80222010,80222017,func08,dll_1BC.c
80222018,8022201F,getExtraSize,
80222020,80222023,initialise,dll_1BD.c
80222024,80222027,release,dll_1BD.c
80222028,8022203F,init,dll_1BD.c
80222040,8022219F,update,dll_1BD.c
802221A0,802221A3,hitDetect,dll_1BD.c
802221A4,802221FF,render,dll_1BD.c
80222200,80222203,free,dll_1BD.c
80222204,8022220B,func08,dll_1BD.c
8022220C,80222213,getExtraSize,
80222214,80222217,initialise,cannontargetControl.c
80222218,8022221B,release,cannontargetControl.c
8022221C,8022226F,init,cannontargetControl.c
80222270,8022246B,update,cannontargetControl.c
8022246C,8022246F,hitDetect,cannontargetControl.c
80222470,802224CB,render,cannontargetControl.c
802224CC,802224CF,free,cannontargetControl.c
802224D0,802224D7,func08,cannontargetControl.c
802224D8,802224DF,getExtraSize,
802224E0,8022266F,FUN_802224e0,
80222670,80222673,initialise,gasventControl.c
80222674,80222677,release,gasventControl.c
80222678,802226D3,init,gasventControl.c
802226D4,80222907,update,gasventControl.c
80222908,8022290B,hitDetect,gasventControl.c
8022290C,80222967,render,gasventControl.c
80222968,8022296B,free,gasventControl.c
8022296C,80222973,func08,gasventControl.c
80222974,8022297B,getExtraSize,
8022297C,8022297F,initialise,dll_183.c
80222980,80222983,release,dll_183.c
80222984,80222BCB,init,dll_183.c
80222BCC,80222C7F,update,dll_183.c
80222C80,80222C83,hitDetect,dll_183.c
80222C84,80222CDF,render,dll_183.c
80222CE0,80222CE3,free,dll_183.c
80222CE4,80222CEB,func08,dll_183.c
80222CEC,80222CF3,getExtraSize,
80222CF4,80222E1F,fn_80222CF4,
80222E20,80223153,switchD_80222e58_switchD,
80223154,8022327B,FUN_80223154,
8022327C,8022327F,nop_8022327C,
80223280,80223283,nop_80223280,
80223284,80223287,nop_80223284,
80223288,80223293,initialise,IMicicle.c
80223294,802232CB,release,IMicicle.c
802232CC,80223427,init,IMicicle.c
80223428,80223807,update,IMicicle.c
80223808,8022380B,hitDetect,IMicicle.c
8022380C,8022387F,render,IMicicle.c
80223880,80223883,free,IMicicle.c
80223884,8022388B,func08,IMicicle.c
8022388C,80223893,getExtraSize,
80223894,8022398B,FUN_80223894,
8022398C,80223A43,FUN_8022398c,
80223A44,80223A47,initialise,dll_185.c
80223A48,80223A4B,release,dll_185.c
80223A4C,80223B93,init,dll_185.c
80223B94,80223C13,update,dll_185.c
80223C14,80223C17,hitDetect,dll_185.c
80223C18,80223E5F,render,dll_185.c
80223E60,80223ED7,free,dll_185.c
80223ED8,80223EDF,func08,dll_185.c
80223EE0,80223EFB,getExtraSize,
80223EFC,80223FDB,fn_80223EFC,
80223FDC,80223FDF,initialise,dll_186.c
80223FE0,80223FE3,release,dll_186.c
80223FE4,80224053,init,dll_186.c
80224054,80224203,update,dll_186.c
80224204,8022428B,hitDetect,dll_186.c
8022428C,80224417,render,dll_186.c
80224418,80224453,free,dll_186.c
80224454,8022445B,func08,dll_186.c
8022445C,80224463,getExtraSize,
80224464,802245E3,mountFn_80224464,
802245E4,80224733,FUN_802245e4,
80224734,80224857,FUN_80224734,
80224858,8022492B,FUN_80224858,
8022492C,8022492F,initialise,dll_187.c
80224930,80224933,release,dll_187.c
80224934,80224937,init,dll_187.c
80224938,8022493B,update,dll_187.c
8022493C,8022493F,hitDetect,dll_187.c
80224940,8022499B,render,dll_187.c
8022499C,8022499F,free,dll_187.c
802249A0,802249A7,func08,dll_187.c
802249A8,802249AF,getExtraSize,
802249B0,802249B3,initialise,IMspacecraft.c
802249B4,802249B7,release,IMspacecraft.c
802249B8,80224A4B,init,IMspacecraft.c
80224A4C,80224A63,update,IMspacecraft.c
80224A64,80224A67,hitDetect,IMspacecraft.c
80224A68,80224AC3,render,IMspacecraft.c
80224AC4,80224AFB,free,IMspacecraft.c
80224AFC,80224B03,func08,IMspacecraft.c
80224B04,80224B0B,getExtraSize,IMspacecraft.c
80224B0C,80224D2B,SeqFn,
80224D2C,80224D63,setScale,IMspacecraft.c
80224D64,80224D83,func0B,IMspacecraft.c
80224D84,80224E57,modelMtxFn,
80224E58,80224E5B,initialise,dll_189.c
80224E5C,80224E5F,release,dll_189.c
80224E60,80224FDF,init,dll_189.c
80224FE0,80225257,update,dll_189.c
80225258,8022525B,hitDetect,dll_189.c
8022525C,802252B7,render,dll_189.c
802252B8,8022530F,free,dll_189.c
80225310,80225317,func08,dll_189.c
80225318,8022531F,getExtraSize,
80225320,80225323,initialise,dll_18A.c
80225324,80225327,release,dll_18A.c
80225328,8022537B,init,dll_18A.c
8022537C,8022546B,update,dll_18A.c
8022546C,8022546F,hitDetect,dll_18A.c
80225470,802254CB,render,dll_18A.c
802254CC,802254CF,free,dll_18A.c
802254D0,802254D7,func08,dll_18A.c
802254D8,802254DF,getExtraSize,
802254E0,802254E3,initialise,dll_18B.c
802254E4,802254E7,release,dll_18B.c
802254E8,802254F3,init,dll_18B.c
802254F4,802257C3,update,dll_18B.c
802257C4,802257C7,hitDetect,dll_18B.c
802257C8,80225847,render,dll_18B.c
80225848,8022584B,free,dll_18B.c
8022584C,80225853,func08,dll_18B.c
80225854,8022585B,getExtraSize,
8022585C,8022585F,initialise,DIMlavaball.c
80225860,80225863,release,DIMlavaball.c
80225864,80225A17,init,DIMlavaball.c
80225A18,80225C7F,update,DIMlavaball.c
80225C80,80225C83,hitDetect,DIMlavaball.c
80225C84,80225D5B,render,DIMlavaball.c
80225D5C,80225DE7,free,DIMlavaball.c
80225DE8,80225E03,func08,DIMlavaball.c
80225E04,80225E1F,getExtraSize,DIMlavaball.c
80225E20,80225E3F,func0B,
80225E40,80225FD7,setScale,DIMlavaball.c
80225FD8,80226077,FUN_80225fd8,
80226078,8022612F,FUN_80226078,
80226130,8022623F,FUN_80226130,
80226240,80226243,initialise,dimlavagen.c
80226244,80226247,release,dimlavagen.c
80226248,80226323,dll_DIMLavaBallGenerator_init,dimlavagen.c
80226324,8022652F,update,dimlavagen.c
80226530,80226533,hitDetect,dimlavagen.c
80226534,8022658F,render,dimlavagen.c
80226590,80226623,free,dimlavagen.c
80226624,8022662B,func08,dimlavagen.c
8022662C,80226633,getExtraSize,dimlavagen.c
80226634,8022667F,setScale,dimlavagen.c
80226680,802266B7,func0B,
802266B8,802266BB,initialise,DIMlogfire.c
802266BC,802266BF,release,DIMlogfire.c
802266C0,80226757,init,DIMlogfire.c
80226758,8022698B,update,DIMlogfire.c
8022698C,8022698F,hitDetect,DIMlogfire.c
80226990,80226A53,render,DIMlogfire.c
80226A54,80226ADF,free,DIMlogfire.c
80226AE0,80226AE7,func08,DIMlogfire.c
80226AE8,80226AEF,getExtraSize,DIMlogfire.c
80226AF0,80226B2B,setScale,
80226B2C,80226C8B,SeqFn,
80226C8C,80226C8F,initialise,DIMsnowball.c
80226C90,80226C93,release,DIMsnowball.c
80226C94,80226D1B,init,DIMsnowball.c
80226D1C,802271D7,update,DIMsnowball.c
802271D8,80227207,hitDetect,DIMsnowball.c
80227208,80227263,render,DIMsnowball.c
80227264,80227267,free,DIMsnowball.c
80227268,8022726F,func08,DIMsnowball.c
80227270,80227277,getExtraSize,
80227278,8022727B,initialise,dll_204.c
8022727C,8022727F,release,dll_204.c
80227280,802272C3,init,dll_204.c
802272C4,802273EF,update,dll_204.c
802273F0,802273F3,hitDetect,dll_204.c
802273F4,8022744F,render,dll_204.c
80227450,80227453,free,dll_204.c
80227454,8022745B,func08,dll_204.c
8022745C,80227463,getExtraSize,
80227464,80227467,initialise,dll_205.c
80227468,8022746B,release,dll_205.c
8022746C,8022749B,init,dll_205.c
8022749C,802275DF,update,dll_205.c
802275E0,802275E3,hitDetect,dll_205.c
802275E4,8022763F,render,dll_205.c
80227640,80227643,free,dll_205.c
80227644,8022764B,func08,dll_205.c
8022764C,80227653,getExtraSize,
80227654,8022765B,fn_80227654,
8022765C,8022765F,initialise,dll_206.c
80227660,80227663,release,dll_206.c
80227664,802276D7,init,dll_206.c
802276D8,802277FF,update,dll_206.c
80227800,80227803,hitDetect,dll_206.c
80227804,802278CB,render,dll_206.c
802278CC,8022790B,free,dll_206.c
8022790C,80227913,func08,dll_206.c
80227914,8022791B,getExtraSize,dll_206.c
8022791C,80227957,setScale,
80227958,8022795B,initialise,DIMboulder.c
8022795C,8022795F,release,DIMboulder.c
80227960,80227A0B,init,DIMboulder.c
80227A0C,80227E8B,update,DIMboulder.c
80227E8C,80227E8F,hitDetect,DIMboulder.c
80227E90,80227EEB,render,DIMboulder.c
80227EEC,80227EEF,free,DIMboulder.c
80227EF0,80227EF7,func08,DIMboulder.c
80227EF8,80227EFF,getExtraSize,
80227F00,80227F03,initialise,DIMcannon.c
80227F04,80227F07,release,DIMcannon.c
80227F08,80227FFB,init,DIMcannon.c
80227FFC,8022864B,update,DIMcannon.c
8022864C,8022864F,hitDetect,DIMcannon.c
80228650,80228703,render,DIMcannon.c
80228704,8022875F,free,DIMcannon.c
80228760,8022877B,func08,DIMcannon.c
8022877C,80228797,getExtraSize,
80228798,80228B47,FUN_80228798,
80228B48,80228E5F,FUN_80228b48,
80228E60,80229043,FUN_80228e60,
80229044,802291C7,FUN_80229044,
802291C8,8022933F,FUN_802291c8,
80229340,80229397,FUN_80229340,
80229398,80229427,FUN_80229398,
80229428,8022942B,initialise,DIMlavasmash.c
8022942C,8022942F,release,DIMlavasmash.c
80229430,802294DB,init,DIMlavasmash.c
802294DC,8022956F,update,DIMlavasmash.c
80229570,80229573,hitDetect,DIMlavasmash.c
80229574,802295F3,render,DIMlavasmash.c
802295F4,802295F7,free,DIMlavasmash.c
802295F8,802295FF,func08,DIMlavasmash.c
80229600,80229607,getExtraSize,
80229608,8022970F,SeqFn,
80229710,80229713,nop_80229710,
80229714,80229717,initialise,dll_20A.c
80229718,8022971B,release,dll_20A.c
8022971C,8022979B,init,dll_20A.c
8022979C,802298FF,update,dll_20A.c
80229900,80229903,hitDetect,dll_20A.c
80229904,8022995F,render,dll_20A.c
80229960,8022998B,free,dll_20A.c
8022998C,80229993,func08,dll_20A.c
80229994,8022999B,getExtraSize,
8022999C,80229A07,fn_8022999C,
80229A08,80229A0B,initialise,dll_20B.c
80229A0C,80229A0F,release,dll_20B.c
80229A10,80229B0F,init,dll_20B.c
80229B10,80229B13,update,dll_20B.c
80229B14,80229B17,hitDetect,dll_20B.c
80229B18,80229B73,render,dll_20B.c
80229B74,80229B9F,free,dll_20B.c
80229BA0,80229BA7,func08,dll_20B.c
80229BA8,80229BAF,getExtraSize,dll_20B.c
80229BB0,80229C57,setScale,dll_20B.c
80229C58,80229CA3,func0B,
80229CA4,80229CA7,initialise,DIMExplosion.c
80229CA8,80229CAB,release,DIMExplosion.c
80229CAC,80229D87,init,DIMExplosion.c
80229D88,80229EA7,update,DIMExplosion.c
80229EA8,80229EAB,hitDetect,DIMExplosion.c
80229EAC,80229F07,render,DIMExplosion.c
80229F08,80229F0B,free,DIMExplosion.c
80229F0C,80229F13,func08,DIMExplosion.c
80229F14,80229F1B,getExtraSize,
80229F1C,8022A07F,dimExplosionFn_80229f1c,DIMexplosion.c
8022A080,8022A083,initialise,DIMwooddoor.c
8022A084,8022A087,release,DIMwooddoor.c
8022A088,8022A10F,init,DIMwooddoor.c
8022A110,8022A27B,update,DIMwooddoor.c
8022A27C,8022A27F,hitDetect,DIMwooddoor.c
8022A280,8022A2DB,render,DIMwooddoor.c
8022A2DC,8022A2DF,free,DIMwooddoor.c
8022A2E0,8022A2E7,func08,DIMwooddoor.c
8022A2E8,8022A2EF,getExtraSize,
8022A2F0,8022A2F3,initialise,dll_210.c
8022A2F4,8022A2F7,release,dll_210.c
8022A2F8,8022A397,init,dll_210.c
8022A398,8022A5BB,update,dll_210.c
8022A5BC,8022A5BF,hitDetect,dll_210.c
8022A5C0,8022A64B,render,dll_210.c
8022A64C,8022A683,free,dll_210.c
8022A684,8022A68B,func08,dll_210.c
8022A68C,8022A693,getExtraSize,
8022A694,8022AB33,FUN_8022a694,
8022AB34,8022AB37,initialise,dll_20E.c
8022AB38,8022AB3B,release,dll_20E.c
8022AB3C,8022ACFF,init,dll_20E.c
8022AD00,8022ADD3,dll_DIMMagicBridge_update,dll_20E.c
8022ADD4,8022ADD7,hitDetect,dll_20E.c
8022ADD8,8022AE33,render,dll_20E.c
8022AE34,8022AE37,free,dll_20E.c
8022AE38,8022AE3F,func08,dll_20E.c
8022AE40,8022AE47,getExtraSize,
8022AE48,8022AFB7,fn_8022AE48,
8022AFB8,8022B0FB,FUN_8022afb8,
8022B0FC,8022B0FF,nop_8022B0FC,
8022B100,8022B103,initialise,DIMlevcontrol.c
8022B104,8022B107,release,DIMlevcontrol.c
8022B108,8022B1B7,init,DIMlevcontrol.c
8022B1B8,8022B29B,update,DIMlevcontrol.c
8022B29C,8022B29F,hitDetect,DIMlevcontrol.c
8022B2A0,8022B2FB,render,DIMlevcontrol.c
8022B2FC,8022B2FF,free,DIMlevcontrol.c
8022B300,8022B307,func08,DIMlevcontrol.c
8022B308,8022B30F,getExtraSize,
8022B310,8022B313,initialise,dll_211.c
8022B314,8022B317,release,dll_211.c
8022B318,8022B38F,init,dll_211.c
8022B390,8022B393,update,dll_211.c
8022B394,8022B397,hitDetect,dll_211.c
8022B398,8022B3F3,render,dll_211.c
8022B3F4,8022B3F7,free,dll_211.c
8022B3F8,8022B3FF,func08,dll_211.c
8022B400,8022B407,getExtraSize,
8022B408,8022B40B,initialise,DIM2conveyor.c
8022B40C,8022B40F,release,DIM2conveyor.c
8022B410,8022B513,init,DIM2conveyor.c
8022B514,8022B557,update,DIM2conveyor.c
8022B558,8022B55B,hitDetect,DIM2conveyor.c
8022B55C,8022B5B7,render,DIM2conveyor.c
8022B5B8,8022B5BB,free,DIM2conveyor.c
8022B5BC,8022B5C3,func08,DIM2conveyor.c
8022B5C4,8022B5CB,getExtraSize,DIM2conveyor.c
8022B5CC,8022B627,setScale,
8022B628,8022B62B,initialise,DIM2flameburst.c
8022B62C,8022B62F,release,DIM2flameburst.c
8022B630,8022B84B,init,DIM2flameburst.c
8022B84C,8022BD73,update,DIM2flameburst.c
8022BD74,8022BD77,hitDetect,DIM2flameburst.c
8022BD78,8022BDD3,render,DIM2flameburst.c
8022BDD4,8022BE3B,free,DIM2flameburst.c
8022BE3C,8022BE43,func08,DIM2flameburst.c
8022BE44,8022BE4B,getExtraSize,
8022BE4C,8022BE4F,nop_8022BE4C,
8022BE50,8022BE53,initialise,DIM2snowball.c
8022BE54,8022BE57,release,DIM2snowball.c
8022BE58,8022BF13,init,DIM2snowball.c
8022BF14,8022C45F,update,DIM2snowball.c
8022C460,8022C463,hitDetect,DIM2snowball.c
8022C464,8022C4CF,render,DIM2snowball.c
8022C4D0,8022C4D3,free,DIM2snowball.c
8022C4D4,8022C4DB,func08,DIM2snowball.c
8022C4DC,8022C4E3,getExtraSize,
8022C4E4,8022C563,FUN_8022c4e4,
8022C564,8022C567,initialise,DIM2generator.c
8022C568,8022C56B,release,DIM2generator.c
8022C56C,8022C5E3,init,DIM2generator.c
8022C5E4,8022C957,update,DIM2generator.c
8022C958,8022C95B,hitDetect,DIM2generator.c
8022C95C,8022C9C3,render,DIM2generator.c
8022C9C4,8022C9C7,free,DIM2generator.c
8022C9C8,8022C9CF,func08,DIM2generator.c
8022C9D0,8022C9D7,getExtraSize,DIM2generator.c
8022C9D8,8022CA1B,setScale,
8022CA1C,8022CA3B,initialise,dll_219.c
8022CA3C,8022CA3F,release,dll_219.c
8022CA40,8022CAFF,init,dll_219.c
8022CB00,8022CBE3,update,dll_219.c
8022CBE4,8022CC7B,FUN_8022cbe4,
8022CC7C,8022CC7F,hitDetect,dll_219.c
8022CC80,8022CCDB,render,dll_219.c
8022CCDC,8022CCDF,free,dll_219.c
8022CCE0,8022CCE7,func08,dll_219.c
8022CCE8,8022CCEF,getExtraSize,
8022CCF0,8022CD5B,fn_8022CCF0,
8022CD5C,8022CD8F,FUN_8022cd5c,
8022CD90,8022CE23,fn_8022CD90,
8022CE24,8022CEDB,fn_8022CE24,
8022CEDC,8022CF7B,fn_8022CEDC,
8022CF7C,8022D01F,fn_8022CF7C,
8022D020,8022D027,fn_8022D020,
8022D028,8022D07F,FUN_8022d028,
8022D080,8022D083,initialise,DIM2projrock.c
8022D084,8022D087,release,DIM2projrock.c
8022D088,8022D0B7,init,DIM2projrock.c
8022D0B8,8022D417,update,DIM2projrock.c
8022D418,8022D517,hitDetect,DIM2projrock.c
8022D518,8022D573,render,DIM2projrock.c
8022D574,8022D577,free,DIM2projrock.c
8022D578,8022D57F,func08,DIM2projrock.c
8022D580,8022D587,getExtraSize,
8022D588,8022D58B,initialise,DIM2lift.c
8022D58C,8022D58F,release,DIM2lift.c
8022D590,8022D603,init,DIM2lift.c
8022D604,8022D997,update,DIM2lift.c
8022D998,8022D99B,hitDetect,DIM2lift.c
8022D99C,8022D9F7,render,DIM2lift.c
8022D9F8,8022D9FB,free,DIM2lift.c
8022D9FC,8022DA03,func08,DIM2lift.c
8022DA04,8022DA0B,getExtraSize,
8022DA0C,8022DA0F,initialise,DIM2icefloe.c
8022DA10,8022DA13,release,DIM2icefloe.c
8022DA14,8022DBEF,init,DIM2icefloe.c
8022DBF0,8022DDD3,update,DIM2icefloe.c
8022DDD4,8022DDD7,hitDetect,DIM2icefloe.c
8022DDD8,8022DE33,render,DIM2icefloe.c
8022DE34,8022DE37,free,DIM2icefloe.c
8022DE38,8022DE3F,func08,DIM2icefloe.c
8022DE40,8022DE47,getExtraSize,
8022DE48,8022DE4B,initialise,DIM2icicle.c
8022DE4C,8022DE4F,release,DIM2icicle.c
8022DE50,8022DEDB,init,DIM2icicle.c
8022DEDC,8022E267,update,DIM2icicle.c
8022E268,8022E26B,hitDetect,DIM2icicle.c
8022E26C,8022E2C7,render,DIM2icicle.c
8022E2C8,8022E2CB,free,DIM2icicle.c
8022E2CC,8022E2D3,func08,DIM2icicle.c
8022E2D4,8022E2DB,getExtraSize,
8022E2DC,8022E2DF,initialise,dll_21E.c
8022E2E0,8022E2E3,release,dll_21E.c
8022E2E4,8022E38B,init,dll_21E.c
8022E38C,8022E38F,update,dll_21E.c
8022E390,8022E393,hitDetect,dll_21E.c
8022E394,8022E3EF,render,dll_21E.c
8022E3F0,8022E3F3,free,dll_21E.c
8022E3F4,8022E3FB,func08,dll_21E.c
8022E3FC,8022E403,getExtraSize,dll_21E.c
8022E404,8022E48F,setScale,
8022E490,8022E60B,FUN_8022e490,
8022E60C,8022E60F,initialise,dll_21F.c
8022E610,8022E613,release,dll_21F.c
8022E614,8022E6D3,init,dll_21F.c
8022E6D4,8022EB03,update,dll_21F.c
8022EB04,8022EB07,hitDetect,dll_21F.c
8022EB08,8022EB63,render,dll_21F.c
8022EB64,8022EB67,free,dll_21F.c
8022EB68,8022EB6F,func08,dll_21F.c
8022EB70,8022EB77,getExtraSize,
8022EB78,8022EB97,initialise,DIMboss.c
8022EB98,8022EB9B,release,DIMboss.c
8022EB9C,8022EF9B,init,DIMboss.c
8022EF9C,8022F1FB,update,DIMboss.c
8022F1FC,8022F247,hitDetect,DIMboss.c
8022F248,8022F36B,render,DIMboss.c
8022F36C,8022F447,free,DIMboss.c
8022F448,8022F44F,func08,DIMboss.c
8022F450,8022F457,getExtraSize,DIMboss.c
8022F458,8022F477,setScale,DIMboss.c
8022F478,8022F47B,func0B,
8022F47C,8022F917,bossFn_8022f47c,
8022F918,8022F933,FUN_8022f918,
8022F934,8022FCEF,FUN_8022f934,
8022FCF0,8023013B,dimBossFn_8022fcf0,
8023013C,802301EF,dimBossFn_8023013c,
802301F0,80230A97,DIMboss_loadLevel,
80230A98,80230E97,FUN_80230a98,
80230E98,80230F57,objSpawnHugeExplosion,
80230F58,80230FD3,FUN_80230f58,
80230FD4,80231087,FUN_80230fd4,
80231088,80231183,func8,
80231184,802312EB,func9,
802312EC,80231423,func10,
80231424,8023154F,func11,
80231550,80231667,func12,
80231668,80231753,func13,
80231754,8023186F,func14,
80231870,80231943,FUN_80231870,
80231944,80231A4F,func16,
80231A50,80231B87,func17,
80231B88,80231BFB,FUN_80231b88,
80231BFC,80231C57,FUN_80231bfc,
80231C58,80231C73,FUN_80231c58,
80231C74,80231D57,FUN_80231c74,
80231D58,80231FDF,func4,
80231FE0,80232327,func5,
80232328,8023241B,FUN_80232328,
8023241C,8023241F,initialise,dll_221.c
80232420,80232423,release,dll_221.c
80232424,8023248B,init,dll_221.c
8023248C,8023248F,update,dll_221.c
80232490,80232493,hitDetect,dll_221.c
80232494,8023250B,render,dll_221.c
8023250C,8023250F,free,dll_221.c
80232510,80232517,func08,dll_221.c
80232518,8023251F,getExtraSize,
80232520,80232537,fn_80232520,
80232538,80232557,initialise,DIMbosstonsil.c
80232558,8023255B,release,DIMbosstonsil.c
8023255C,8023268B,init,DIMbosstonsil.c
8023268C,802327BF,update,DIMbosstonsil.c
802327C0,80232807,hitDetect,DIMbosstonsil.c
80232808,802329A7,render,DIMbosstonsil.c
802329A8,80232A1B,free,DIMbosstonsil.c
80232A1C,80232A23,func08,DIMbosstonsil.c
80232A24,80232A2B,getExtraSize,DIMbosstonsil.c
80232A2C,80232A4B,setScale,DIMbosstonsil.c
80232A4C,80232A4F,func0B,
80232A50,80232D5F,objSeqFn_801be44c,
80232D60,8023301B,FUN_80232d60,
8023301C,8023329B,FUN_8023301c,
8023329C,8023331F,fn_8023329C,
80233320,80233513,dimBossTonsil_newState_hitFightMain,
80233514,8023359B,fn_80233514,
8023359C,8023362F,fn_8023359C,
80233630,8023366B,FUN_80233630,
8023366C,8023366F,initialise,dll_223.c
80233670,80233673,release,dll_223.c
80233674,80233873,init,dll_223.c
80233874,80233977,update,dll_223.c
80233978,8023397B,hitDetect,dll_223.c
8023397C,802339D7,render,dll_223.c
802339D8,80233A57,free,dll_223.c
80233A58,80233A5F,func08,dll_223.c
80233A60,80233A67,getExtraSize,dll_223.c
80233A68,80233A6F,setScale,dll_223.c
80233A70,80233A73,func0B,
80233A74,80233CE3,FUN_80233a74,
80233CE4,80233E87,FUN_80233ce4,
80233E88,8023403B,dll_DIM_BossGutSpik_update,
8023403C,8023403F,initialise,DIMbossspit.c
80234040,80234043,release,DIMbossspit.c
80234044,802340B7,init,DIMbossspit.c
802340B8,8023416F,update,DIMbossspit.c
80234170,80234173,hitDetect,DIMbossspit.c
80234174,802341CF,render,DIMbossspit.c
802341D0,80234227,free,DIMbossspit.c
80234228,8023422F,func08,DIMbossspit.c
80234230,80234237,getExtraSize,
80234238,802342B7,FUN_80234238,
802342B8,80234477,FUN_802342b8,
80234478,8023472F,FUN_80234478,
80234730,80234733,initialise,dll_224.c
80234734,80234737,release,dll_224.c
80234738,8023473B,init,dll_224.c
8023473C,802348D3,update,dll_224.c
802348D4,802348D7,hitDetect,dll_224.c
802348D8,80234933,render,dll_224.c
80234934,80234937,free,dll_224.c
80234938,8023493F,func08,dll_224.c
80234940,80234947,getExtraSize,
80234948,8023494B,initialise,dll_226.c
8023494C,8023494F,release,dll_226.c
80234950,802349AB,init,dll_226.c
802349AC,80234A43,update,dll_226.c
80234A44,80234A47,hitDetect,dll_226.c
80234A48,80234AAF,render,dll_226.c
80234AB0,80234AE7,free,dll_226.c
80234AE8,80234AEF,func08,dll_226.c
80234AF0,80234AF7,getExtraSize,
80234AF8,80234B9B,fn_80234AF8,
80234B9C,80234B9F,initialise,dll_227.c
80234BA0,80234BA3,release,dll_227.c
80234BA4,80234BA7,init,dll_227.c
80234BA8,80234E73,update,dll_227.c
80234E74,80234E77,hitDetect,dll_227.c
80234E78,80234EDF,render,dll_227.c
80234EE0,80234F3F,free,dll_227.c
80234F40,80234F47,func08,dll_227.c
80234F48,80234F4F,getExtraSize,
80234F50,80234F53,initialise,riverFlowRelated018D.c
80234F54,80234F57,release,riverFlowRelated018D.c
80234F58,8023501B,init,riverFlowRelated018D.c
8023501C,802350BB,update,riverFlowRelated018D.c
802350BC,802350BF,hitDetect,riverFlowRelated018D.c
802350C0,80235177,render,riverFlowRelated018D.c
80235178,802351BB,free,riverFlowRelated018D.c
802351BC,802351C3,func08,riverFlowRelated018D.c
802351C4,802351CB,getExtraSize,
802351CC,802351CF,initialise,dll_18E.c
802351D0,802351D3,release,dll_18E.c
802351D4,80235223,init,dll_18E.c
80235224,802352E7,update,dll_18E.c
802352E8,802352EB,hitDetect,dll_18E.c
802352EC,802353AF,render,dll_18E.c
802353B0,802353DB,free,dll_18E.c
802353DC,802353E3,func08,dll_18E.c
802353E4,802353EB,getExtraSize,
802353EC,802353EF,initialise,rope.c
802353F0,802353F3,release,rope.c
802353F4,8023546B,init,rope.c
8023546C,8023580B,update,rope.c
8023580C,8023580F,hitDetect,rope.c
80235810,80235BC3,render,rope.c
80235BC4,80235C97,free,rope.c
80235C98,80235C9F,func08,rope.c
80235CA0,80235CA7,getExtraSize,rope.c
80235CA8,80235F63,fn_80235CA8,
80235F64,80235F9B,setScale,rope.c
80235F9C,8023610F,func0B,rope.c
80236110,80236253,modelMtxFn,rope.c
80236254,80236313,render2,rope.c
80236314,80236567,func0E,rope.c
80236568,8023663B,FUN_80236568,
8023663C,8023665B,func13,
8023665C,80236677,func0F,rope.c
80236678,802366C3,func10,rope.c
802366C4,802366EF,func11,rope.c
802366F0,8023670B,func12,rope.c
8023670C,80236B33,FUN_8023670c,
80236B34,80236B6B,FUN_80236b34,
80236B6C,80236C27,vtxAttachSpring_80236b6c,
80236C28,80236CC3,FUN_80236c28,
80236CC4,80236E4B,FUN_80236cc4,
80236E4C,8023708B,FUN_80236e4c,
8023708C,80237153,FUN_8023708c,
80237154,80237157,initialise,DFcradle.c
80237158,8023715B,release,DFcradle.c
8023715C,8023734F,init,DFcradle.c
80237350,80237913,update,DFcradle.c
80237914,80237917,hitDetect,DFcradle.c
80237918,80237973,render,DFcradle.c
80237974,80237977,free,DFcradle.c
80237978,8023797F,func08,DFcradle.c
80237980,80237987,getExtraSize,
80237988,80237A67,FUN_80237988,
80237A68,80237A6B,initialise,DFpulley.c
80237A6C,80237A6F,release,DFpulley.c
80237A70,80237B27,init,DFpulley.c
80237B28,80237D53,update,DFpulley.c
80237D54,80237D57,hitDetect,DFpulley.c
80237D58,80237DB3,render,DFpulley.c
80237DB4,80237DFB,free,DFpulley.c
80237DFC,80237E03,func08,DFpulley.c
80237E04,80237E0B,getExtraSize,
80237E0C,80237E0F,initialise,DFbarrel.c
80237E10,80237E13,release,DFbarrel.c
80237E14,80237E8B,init,DFbarrel.c
80237E8C,80237F63,update,DFbarrel.c
80237F64,80237F67,hitDetect,DFbarrel.c
80237F68,80237FF7,render,DFbarrel.c
80237FF8,80238043,free,DFbarrel.c
80238044,8023804B,func08,DFbarrel.c
8023804C,80238053,getExtraSize,
80238054,80238467,FUN_80238054,
80238468,8023862B,FUN_80238468,
8023862C,8023862F,initialise,DFbarrelanim.c
80238630,80238633,release,DFbarrelanim.c
80238634,8023878B,init,DFbarrelanim.c
8023878C,802389E3,update,DFbarrelanim.c
802389E4,802389E7,hitDetect,DFbarrelanim.c
802389E8,80238A43,render,DFbarrelanim.c
80238A44,80238AB7,free,DFbarrelanim.c
80238AB8,80238ABF,func08,DFbarrelanim.c
80238AC0,80238AC7,getExtraSize,
80238AC8,80238ACB,initialise,dll_194.c
80238ACC,80238ACF,release,dll_194.c
80238AD0,80238AD3,init,dll_194.c
80238AD4,80238BC7,update,dll_194.c
80238BC8,80238BCB,hitDetect,dll_194.c
80238BCC,80238C93,render,dll_194.c
80238C94,80238C97,free,dll_194.c
80238C98,80238C9F,func08,dll_194.c
80238CA0,80238CA7,getExtraSize,
80238CA8,80238CAB,initialise,dll_195.c
80238CAC,80238CAF,release,dll_195.c
80238CB0,80238CE3,init,dll_195.c
80238CE4,80238D33,update,dll_195.c
80238D34,80238D37,hitDetect,dll_195.c
80238D38,80238D93,render,dll_195.c
80238D94,80238D97,free,dll_195.c
80238D98,80238D9F,func08,dll_195.c
80238DA0,80238DA7,getExtraSize,
80238DA8,80238DAB,initialise,dll_196.c
80238DAC,80238DAF,release,dll_196.c
80238DB0,80238E27,init,dll_196.c
80238E28,80238FA7,update,dll_196.c
80238FA8,80238FAB,hitDetect,dll_196.c
80238FAC,80239007,render,dll_196.c
80239008,8023900B,free,dll_196.c
8023900C,80239013,func08,dll_196.c
80239014,8023901B,getExtraSize,
8023901C,80239077,FUN_8023901c,
80239078,802390FF,FUN_80239078,
80239100,8023911F,initialise,DFmole.c
80239120,80239123,release,DFmole.c
80239124,802391D7,init,DFmole.c
802391D8,8023928B,update,DFmole.c
8023928C,802392D7,hitDetect,DFmole.c
802392D8,802393B7,render,DFmole.c
802393B8,8023942B,free,DFmole.c
8023942C,80239433,func08,DFmole.c
80239434,8023943B,getExtraSize,
8023943C,80239443,fn_8023943C,
80239444,802395D3,FUN_80239444,
802395D4,80239677,FUN_802395d4,
80239678,8023970F,FUN_80239678,
80239710,80239877,FUN_80239710,
80239878,80239907,FUN_80239878,
80239908,8023998B,FUN_80239908,
8023998C,80239A8B,FUN_8023998c,
80239A8C,80239B57,FUN_80239a8c,
80239B58,80239CEB,FUN_80239b58,
80239CEC,80239DE3,FUN_80239cec,
80239DE4,80239EE7,FUN_80239de4,
80239EE8,8023A05F,FUN_80239ee8,
8023A060,8023A067,ret6_8023A060,
8023A068,8023A06F,ret0_8023A068,
8023A070,8023A257,FUN_8023a070,
8023A258,8023A2CB,FUN_8023a258,
8023A2CC,8023A4BB,FUN_8023a2cc,
8023A4BC,8023A553,FUN_8023a4bc,
8023A554,8023A623,FUN_8023a554,
8023A624,8023A627,initialise,DFwhirlpool.c
8023A628,8023A62B,release,DFwhirlpool.c
8023A62C,8023A6A7,init,DFwhirlpool.c
8023A6A8,8023A827,update,DFwhirlpool.c
8023A828,8023A82B,hitDetect,DFwhirlpool.c
8023A82C,8023A887,render,DFwhirlpool.c
8023A888,8023A88B,free,DFwhirlpool.c
8023A88C,8023A893,func08,DFwhirlpool.c
8023A894,8023A89B,getExtraSize,
8023A89C,8023A89F,initialise,dll_198.c
8023A8A0,8023A8A3,release,dll_198.c
8023A8A4,8023A9EB,init,dll_198.c
8023A9EC,8023AAA3,update,dll_198.c
8023AAA4,8023AAA7,hitDetect,dll_198.c
8023AAA8,8023AB03,render,dll_198.c
8023AB04,8023AB07,free,dll_198.c
8023AB08,8023AB0F,func08,dll_198.c
8023AB10,8023AB17,getExtraSize,
8023AB18,8023AD6B,fn_8023AB18,
8023AD6C,8023AD6F,initialise,dll_199.c
8023AD70,8023AD73,release,dll_199.c
8023AD74,8023AE1B,init,dll_199.c
8023AE1C,8023AE1F,update,dll_199.c
8023AE20,8023AE23,hitDetect,dll_199.c
8023AE24,8023AE7F,render,dll_199.c
8023AE80,8023AE83,free,dll_199.c
8023AE84,8023AE8B,func08,dll_199.c
8023AE8C,8023AE93,getExtraSize,
8023AE94,8023AFCF,fn_8023AE94,
8023AFD0,8023AFD3,initialise,DFlantern.c
8023AFD4,8023AFD7,release,DFlantern.c
8023AFD8,8023B103,init,DFlantern.c
8023B104,8023B4BB,update,DFlantern.c
8023B4BC,8023B4BF,hitDetect,DFlantern.c
8023B4C0,8023B687,render,DFlantern.c
8023B688,8023B6F3,free,DFlantern.c
8023B6F4,8023B6FB,func08,DFlantern.c
8023B6FC,8023B703,getExtraSize,
8023B704,8023B707,initialise,dll_19C.c
8023B708,8023B70B,release,dll_19C.c
8023B70C,8023B857,init,dll_19C.c
8023B858,8023C1F3,update,dll_19C.c
8023C1F4,8023C1F7,hitDetect,dll_19C.c
8023C1F8,8023C2B3,render,dll_19C.c
8023C2B4,8023C323,free,dll_19C.c
8023C324,8023C32B,func08,dll_19C.c
8023C32C,8023C333,getExtraSize,
8023C334,8023C5F3,switchD_8023c424_caseD_0,
8023C5F4,8023C687,FUN_8023c5f4,
8023C688,8023C68B,initialise,dll_19E.c
8023C68C,8023C68F,release,dll_19E.c
8023C690,8023C837,init,dll_19E.c
8023C838,8023CB97,update,dll_19E.c
8023CB98,8023CB9B,hitDetect,dll_19E.c
8023CB9C,8023CDB7,render,dll_19E.c
8023CDB8,8023CE97,free,dll_19E.c
8023CE98,8023CE9F,func08,dll_19E.c
8023CEA0,8023CEA7,getExtraSize,
8023CEA8,8023CEAB,initialise,creator19D.c
8023CEAC,8023CEAF,release,creator19D.c
8023CEB0,8023CF03,init,creator19D.c
8023CF04,8023D217,update,creator19D.c
8023D218,8023D21B,hitDetect,creator19D.c
8023D21C,8023D277,render,creator19D.c
8023D278,8023D27B,free,creator19D.c
8023D27C,8023D283,func08,creator19D.c
8023D284,8023D28B,getExtraSize,
8023D28C,8023D28F,initialise,laser19F.c
8023D290,8023D293,release,laser19F.c
8023D294,8023D33F,init,laser19F.c
8023D340,8023DA5B,update,laser19F.c
8023DA5C,8023DA5F,hitDetect,laser19F.c
8023DA60,8023DD77,render,laser19F.c
8023DD78,8023DDE7,free,laser19F.c
8023DDE8,8023DDEF,func08,laser19F.c
8023DDF0,8023DDF7,getExtraSize,
8023DDF8,8023DDFB,initialise,mmshrine.c
8023DDFC,8023DDFF,release,mmshrine.c
8023DE00,8023DED3,init,mmshrine.c
8023DED4,8023E3BF,update,mmshrine.c
8023E3C0,8023E3C3,hitDetect,mmshrine.c
8023E3C4,8023E47F,render,mmshrine.c
8023E480,8023E4BF,free,mmshrine.c
8023E4C0,8023E4C7,func08,mmshrine.c
8023E4C8,8023E4CF,getExtraSize,
8023E4D0,8023E733,shrineFn_8023e4d0,
8023E734,8023E79B,FUN_8023e734,
8023E79C,8023E79F,initialise,animobj1C0.c
8023E7A0,8023E7A3,release,animobj1C0.c
8023E7A4,8023E93B,init,animobj1C0.c
8023E93C,8023EAAB,update,animobj1C0.c
8023EAAC,8023EAAF,hitDetect,animobj1C0.c
8023EAB0,8023EB0B,render,animobj1C0.c
8023EB0C,8023EBA3,free,animobj1C0.c
8023EBA4,8023EBAB,func08,animobj1C0.c
8023EBAC,8023EBB3,getExtraSize,
8023EBB4,8023EBB7,initialise,torch1C1.c
8023EBB8,8023EBBB,release,torch1C1.c
8023EBBC,8023ED2F,init,torch1C1.c
8023ED30,8023F0EF,update,torch1C1.c
8023F0F0,8023F0F3,hitDetect,torch1C1.c
8023F0F4,8023F3CF,render,torch1C1.c
8023F3D0,8023F427,free,torch1C1.c
8023F428,8023F42F,func08,torch1C1.c
8023F430,8023F437,getExtraSize,
8023F438,8023F43B,initialise,shrine1C2.c
8023F43C,8023F43F,release,shrine1C2.c
8023F440,8023F5E3,init,shrine1C2.c
8023F5E4,8024034F,update,shrine1C2.c
80240350,80240353,hitDetect,shrine1C2.c
80240354,8024040F,render,shrine1C2.c
80240410,80240493,free,shrine1C2.c
80240494,8024049B,func08,shrine1C2.c
8024049C,802404A3,getExtraSize,shrine1C2.c
802404A4,802404D3,setScale,shrine1C2.c
802404D4,80240533,func0B,shrine1C2.c
80240534,8024056B,modelMtxFn,shrine1C2.c
8024056C,802405C3,render2,shrine1C2.c
802405C4,8024060F,func0E,
80240610,802408A3,switchD_80240708_switchD,
802408A4,80240937,FUN_802408a4,
80240938,8024093B,initialise,creator1C4.c
8024093C,8024093F,release,creator1C4.c
80240940,802409B3,init,creator1C4.c
802409B4,80240C07,update,creator1C4.c
80240C08,80240C0B,hitDetect,creator1C4.c
80240C0C,80240C67,render,creator1C4.c
80240C68,80240C6B,free,creator1C4.c
80240C6C,80240C73,func08,creator1C4.c
80240C74,80240C7B,getExtraSize,
80240C7C,80240C7F,initialise,dll_1C5.c
80240C80,80240C83,release,dll_1C5.c
80240C84,80240E67,init,dll_1C5.c
80240E68,802416F7,update,dll_1C5.c
802416F8,802416FB,hitDetect,dll_1C5.c
802416FC,802417B7,render,dll_1C5.c
802417B8,80241827,free,dll_1C5.c
80241828,8024182F,func08,dll_1C5.c
80241830,80241837,getExtraSize,
80241838,80241B23,switchD_80241938_caseD_8,
80241B24,80241BB7,FUN_80241b24,
80241BB8,80241BBB,initialise,creator1C6.c
80241BBC,80241BBF,release,creator1C6.c
80241BC0,80241C53,init,creator1C6.c
80241C54,80241FDB,update,creator1C6.c
80241FDC,80241FDF,hitDetect,creator1C6.c
80241FE0,8024203B,render,creator1C6.c
8024203C,8024203F,free,creator1C6.c
80242040,80242047,func08,creator1C6.c
80242048,8024204F,getExtraSize,
80242050,80242053,initialise,scene1C7.c
80242054,80242057,release,scene1C7.c
80242058,802420D7,dll_GPSH_Scene_init,scene1C7.c
802420D8,80242217,update,scene1C7.c
80242218,8024221B,hitDetect,scene1C7.c
8024221C,802422C7,render,scene1C7.c
802422C8,802422CB,free,scene1C7.c
802422CC,802422D3,func08,scene1C7.c
802422D4,802422DB,getExtraSize,
802422DC,802422DF,initialise,flybaddie.c
802422E0,802422E3,release,flybaddie.c
802422E4,8024244F,init,flybaddie.c
80242450,80242767,update,flybaddie.c
80242768,8024276B,hitDetect,flybaddie.c
8024276C,8024282F,render,flybaddie.c
80242830,80242833,free,flybaddie.c
80242834,8024283B,func08,flybaddie.c
8024283C,80242843,getExtraSize,
80242844,802429D3,FUN_80242844,
802429D4,80242BFF,FUN_802429d4,
80242C00,80242C03,initialise,colrise.c
80242C04,80242C07,release,colrise.c
80242C08,80242C47,init,colrise.c
80242C48,80242E03,dll_GPSH_Colrise_update,colrise.c
80242E04,80242E07,hitDetect,colrise.c
80242E08,80242E63,render,colrise.c
80242E64,80242E67,free,colrise.c
80242E68,80242E6F,func08,colrise.c
80242E70,80242E77,getExtraSize,
80242E78,80242E8F,fn_80242E78,
80242E90,80242E93,initialise,cup1C3.c
80242E94,80242E97,release,cup1C3.c
80242E98,80242F97,init,cup1C3.c
80242F98,802435B7,update,cup1C3.c
802435B8,802435BB,hitDetect,cup1C3.c
802435BC,80243657,render,cup1C3.c
80243658,8024368F,free,cup1C3.c
80243690,80243697,func08,cup1C3.c
80243698,8024369F,getExtraSize,
802436A0,802436A3,initialise,dll_1CA.c
802436A4,802436A7,release,dll_1CA.c
802436A8,80243873,init,dll_1CA.c
80243874,80244053,update,dll_1CA.c
80244054,80244057,hitDetect,dll_1CA.c
80244058,80244103,render,dll_1CA.c
80244104,80244173,free,dll_1CA.c
80244174,8024417B,func08,dll_1CA.c
8024417C,80244183,getExtraSize,
80244184,80244437,switchD_8024427c_caseD_4,
80244438,802444FB,FUN_80244438,
802444FC,802444FF,initialise,symbol.c
80244500,80244503,release,symbol.c
80244504,802445A7,init,symbol.c
802445A8,802449CB,dll_DBSH_Symbol_update,symbol.c
802449CC,802449CF,hitDetect,symbol.c
802449D0,80244A1B,render,symbol.c
80244A1C,80244A3B,free,symbol.c
80244A3C,80244A43,func08,symbol.c
80244A44,80244A4B,getExtraSize,
80244A4C,8024503B,fn_80244A4C,
8024503C,8024503F,initialise,dll_1CC.c
80245040,80245043,release,dll_1CC.c
80245044,802450DF,init,dll_1CC.c
802450E0,802452EF,update,dll_1CC.c
802452F0,802452F3,hitDetect,dll_1CC.c
802452F4,80245383,render,dll_1CC.c
80245384,802453C3,free,dll_1CC.c
802453C4,802453CB,func08,dll_1CC.c
802453CC,802453D3,getExtraSize,
802453D4,802453D7,initialise,torch1CD.c
802453D8,802453DB,release,torch1CD.c
802453DC,8024555F,init,torch1CD.c
80245560,80245A37,dll_WGSH_Torch_update,torch1CD.c
80245A38,80245A3B,hitDetect,torch1CD.c
80245A3C,80245D17,render,torch1CD.c
80245D18,80245D6F,free,torch1CD.c
80245D70,80245D77,func08,torch1CD.c
80245D78,80245D7F,getExtraSize,
80245D80,80245D83,initialise,shrine1CE.c
80245D84,80245D87,release,shrine1CE.c
80245D88,80245F0B,init,shrine1CE.c
80245F0C,8024664F,update,shrine1CE.c
80246650,80246653,hitDetect,shrine1CE.c
80246654,802466FF,render,shrine1CE.c
80246700,8024676F,free,shrine1CE.c
80246770,80246777,func08,shrine1CE.c
80246778,8024677F,getExtraSize,
80246780,80246B07,switchD_80246870_switchD,
80246B08,80246B9B,FUN_80246b08,
80246B9C,80246B9F,initialise,creator1CF.c
80246BA0,80246BA3,release,creator1CF.c
80246BA4,80246C1B,init,creator1CF.c
80246C1C,80246F7F,update,creator1CF.c
80246F80,80246F83,hitDetect,creator1CF.c
80246F84,80246FEB,render,creator1CF.c
80246FEC,80246FEF,free,creator1CF.c
80246FF0,80246FF7,func08,creator1CF.c
80246FF8,80246FFF,getExtraSize,
80247000,80247003,initialise,dll_1D0.c
80247004,80247007,release,dll_1D0.c
80247008,802470A7,init,dll_1D0.c
802470A8,80247353,update,dll_1D0.c
80247354,80247357,hitDetect,dll_1D0.c
80247358,80247403,render,dll_1D0.c
80247404,8024743B,free,dll_1D0.c
8024743C,80247443,func08,dll_1D0.c
80247444,8024744B,getExtraSize,
8024744C,8024744F,initialise,dll_1D1.c
80247450,80247453,release,dll_1D1.c
80247454,80247513,init,dll_1D1.c
80247514,8024759F,update,dll_1D1.c
802475A0,802475A3,hitDetect,dll_1D1.c
802475A4,8024766B,render,dll_1D1.c
8024766C,802476A3,free,dll_1D1.c
802476A4,802476AB,func08,dll_1D1.c
802476AC,802476B3,getExtraSize,
802476B4,802476B7,initialise,ped.c
802476B8,802476BB,release,ped.c
802476BC,8024784B,init,ped.c
8024784C,80247C0F,update,ped.c
80247C10,80247C13,hitDetect,ped.c
80247C14,80247C5F,render,ped.c
80247C60,80247C63,free,ped.c
80247C64,80247C6B,func08,ped.c
80247C6C,80247C73,getExtraSize,
80247C74,80247C77,initialise,dll_1D3.c
80247C78,80247C7B,release,dll_1D3.c
80247C7C,80247DF3,dll_CCSH_Shrine_init,dll_1D3.c
80247DF4,8024866F,update,dll_1D3.c
80248670,80248673,hitDetect,dll_1D3.c
80248674,8024872F,render,dll_1D3.c
80248730,8024879F,free,dll_1D3.c
802487A0,802487A7,func08,dll_1D3.c
802487A8,802487AF,getExtraSize,
802487B0,80248ACF,switchD_802488a8_switchD,
80248AD0,80248B63,FUN_80248ad0,
80248B64,80248B67,initialise,creator1D4.c
80248B68,80248B6B,release,creator1D4.c
80248B6C,80248BBF,init,creator1D4.c
80248BC0,80248E1F,update,creator1D4.c
80248E20,80248E23,hitDetect,creator1D4.c
80248E24,80248E7F,render,creator1D4.c
80248E80,80248E83,free,creator1D4.c
80248E84,80248E8B,func08,creator1D4.c
80248E8C,80248E93,getExtraSize,
80248E94,80248E97,initialise,dll_1D5.c
80248E98,80248E9B,release,dll_1D5.c
80248E9C,80249053,dll_WGSH_Shrine_init,dll_1D5.c
80249054,802497FB,update,dll_1D5.c
802497FC,802497FF,hitDetect,dll_1D5.c
80249800,802498BB,render,dll_1D5.c
802498BC,802498F3,free,dll_1D5.c
802498F4,802498FB,func08,dll_1D5.c
802498FC,80249903,getExtraSize,
80249904,80249B93,switchD_802499fc_switchD,
80249B94,80249C27,FUN_80249b94,
80249C28,80249C2B,initialise,creator1D6.c
80249C2C,80249C2F,release,creator1D6.c
80249C30,80249C8B,init,creator1D6.c
80249C8C,80249E63,update,creator1D6.c
80249E64,80249E67,hitDetect,creator1D6.c
80249E68,80249EC3,render,creator1D6.c
80249EC4,80249EC7,free,creator1D6.c
80249EC8,80249ECF,func08,creator1D6.c
80249ED0,80249ED7,getExtraSize,
80249ED8,80249EDB,initialise,flybaddie1D7.c
80249EDC,80249EDF,release,flybaddie1D7.c
80249EE0,8024A05B,init,flybaddie1D7.c
8024A05C,8024A3D3,dll_WGSH_flybaddie_update,flybaddie1D7.c
8024A3D4,8024A3D7,hitDetect,flybaddie1D7.c
8024A3D8,8024A49B,render,flybaddie1D7.c
8024A49C,8024A49F,free,flybaddie1D7.c
8024A4A0,8024A4A7,func08,flybaddie1D7.c
8024A4A8,8024A4AF,getExtraSize,
8024A4B0,8024A63F,FUN_8024a4b0,
8024A640,8024A857,FUN_8024a640,
8024A858,8024A85B,initialise,projball1D8.c
8024A85C,8024A85F,release,projball1D8.c
8024A860,8024A927,init,projball1D8.c
8024A928,8024ACAB,dll_WGSH_projball_update,projball1D8.c
8024ACAC,8024ADCB,hitDetect,projball1D8.c
8024ADCC,8024AE33,render,projball1D8.c
8024AE34,8024AEAB,free,projball1D8.c
8024AEAC,8024AEB3,func08,projball1D8.c
8024AEB4,8024AEBB,getExtraSize,
8024AEBC,8024AEBF,initialise,torch1D9.c
8024AEC0,8024AEC3,release,torch1D9.c
8024AEC4,8024B047,init,torch1D9.c
8024B048,8024B49F,dll_WGSH_Torch_update,torch1D9.c
8024B4A0,8024B4A3,hitDetect,torch1D9.c
8024B4A4,8024B747,dll_WGSH_Torch_render,torch1D9.c
8024B748,8024B79F,free,torch1D9.c
8024B7A0,8024B7A7,func08,torch1D9.c
8024B7A8,8024B7AF,getExtraSize,
8024B7B0,8024B7B3,initialise,NWsfx.c
8024B7B4,8024B7B7,release,NWsfx.c
8024B7B8,8024B807,init,NWsfx.c
8024B808,8024B8CB,update,NWsfx.c
8024B8CC,8024B8CF,hitDetect,NWsfx.c
8024B8D0,8024B92B,render,NWsfx.c
8024B92C,8024B92F,free,NWsfx.c
8024B930,8024B937,func08,NWsfx.c
8024B938,8024B93F,getExtraSize,
8024B940,8024B943,initialise,dll_1DB.c
8024B944,8024B947,release,dll_1DB.c
8024B948,8024B9D7,init,dll_1DB.c
8024B9D8,8024BAA7,dll_NW_treebridge_update,dll_1DB.c
8024BAA8,8024BAAB,hitDetect,dll_1DB.c
8024BAAC,8024BB5F,render,dll_1DB.c
8024BB60,8024BB63,free,dll_1DB.c
8024BB64,8024BB6B,func08,dll_1DB.c
8024BB6C,8024BB73,getExtraSize,
8024BB74,8024BE33,fn_8024BB74,
8024BE34,8024BE4F,init,dll_1DC.c
8024BE50,8024BECF,update,dll_1DC.c
8024BED0,8024BED3,free,dll_1DC.c
8024BED4,8024BEDB,func08,dll_1DC.c
8024BEDC,8024BEE3,getExtraSize,
8024BEE4,8024BFD3,fn_8024BEE4,
8024BFD4,8024BFD7,initialise,NWmammoth.c
8024BFD8,8024BFDB,release,NWmammoth.c
8024BFDC,8024C1AF,init,NWmammoth.c
8024C1B0,8024C5BB,update,NWmammoth.c
8024C5BC,8024C5BF,hitDetect,NWmammoth.c
8024C5C0,8024C6FB,render,NWmammoth.c
8024C6FC,8024C707,free,NWmammoth.c
8024C708,8024C70F,func08,NWmammoth.c
8024C710,8024C717,getExtraSize,
8024C718,8024C7EB,fn_8024C718,
8024C7EC,8024CA67,FUN_8024c7ec,
8024CA68,8024CAF3,FUN_8024ca68,
8024CAF4,8024CB13,FUN_8024caf4,
8024CB14,8024CDD3,switchD_8024cc14_caseD_4,
8024CDD4,8024CDE3,FUN_8024cdd4,
8024CDE4,8024D33F,FUN_8024cde4,
8024D340,8024D503,FUN_8024d340,
8024D504,8024D77B,FUN_8024d504,
8024D77C,8024D807,FUN_8024d77c,
8024D808,8024DBDF,switchD_8024d84c_switchD,
8024DBE0,8024DBF3,FUN_8024dbe0,
8024DBF4,8024DBF7,nop_8024DBF4,
8024DBF8,8024DBFB,initialise,NWtricky.c
8024DBFC,8024DBFF,release,NWtricky.c
8024DC00,8024DCD7,init,NWtricky.c
8024DCD8,8024DED7,update,NWtricky.c
8024DED8,8024DEDB,hitDetect,NWtricky.c
8024DEDC,8024DF37,render,NWtricky.c
8024DF38,8024DF8B,free,NWtricky.c
8024DF8C,8024DF93,func08,NWtricky.c
8024DF94,8024DF9B,getExtraSize,
8024DF9C,8024E233,NWtricky_debugFn,
8024E234,8024E237,initialise,dll_1DF.c
8024E238,8024E23B,release,dll_1DF.c
8024E23C,8024E287,init,dll_1DF.c
8024E288,8024E28B,update,dll_1DF.c
8024E28C,8024E28F,hitDetect,dll_1DF.c
8024E290,8024E293,render,dll_1DF.c
8024E294,8024E2BF,free,dll_1DF.c
8024E2C0,8024E2C7,func08,dll_1DF.c
8024E2C8,8024E2CF,getExtraSize,
8024E2D0,8024E2D7,fn_8024E2D0,
8024E2D8,8024E2DB,initialise,dll_1E0.c
8024E2DC,8024E2DF,release,dll_1E0.c
8024E2E0,8024E32B,init,dll_1E0.c
8024E32C,8024E477,update,dll_1E0.c
8024E478,8024E47B,hitDetect,dll_1E0.c
8024E47C,8024E47F,render,dll_1E0.c
8024E480,8024E4AB,free,dll_1E0.c
8024E4AC,8024E4B3,func08,dll_1E0.c
8024E4B4,8024E4BB,getExtraSize,
8024E4BC,8024E4BF,initialise,dll_1E1.c
8024E4C0,8024E4C3,release,dll_1E1.c
8024E4C4,8024E5A3,init,dll_1E1.c
8024E5A4,8024E6C3,update,dll_1E1.c
8024E6C4,8024E6C7,hitDetect,dll_1E1.c
8024E6C8,8024E6CB,render,dll_1E1.c
8024E6CC,8024E6CF,free,dll_1E1.c
8024E6D0,8024E6D7,func08,dll_1E1.c
8024E6D8,8024E6DF,getExtraSize,
8024E6E0,8024E7A3,FUN_8024e6e0,
8024E7A4,8024E7A7,initialise,dll_1E2.c
8024E7A8,8024E7AB,release,dll_1E2.c
8024E7AC,8024E813,init,dll_1E2.c
8024E814,8024E8D7,update,dll_1E2.c
8024E8D8,8024E8DB,hitDetect,dll_1E2.c
8024E8DC,8024E937,render,dll_1E2.c
8024E938,8024E93B,free,dll_1E2.c
8024E93C,8024E943,func08,dll_1E2.c
8024E944,8024E94B,getExtraSize,
8024E94C,8024EBC3,init,SHmushroom.c
8024EBC4,8024EEEB,update,SHmushroom.c
8024EEEC,8024EEEF,render,SHmushroom.c
8024EEF0,8024EF1B,free,SHmushroom.c
8024EF1C,8024EF23,getExtraSize,
8024EF24,8024F21B,mushroomFn_8024ef24,
8024F21C,8024F2EB,mushroomFn_8024f21c,
8024F2EC,8024FBCF,switchD_8024f380_switchD,
8024FBD0,8024FBD3,initialise,SHkillermushroom.c
8024FBD4,8024FBD7,release,SHkillermushroom.c
8024FBD8,8024FC87,init,SHkillermushroom.c
8024FC88,802504FB,update,SHkillermushroom.c
802504FC,802504FF,hitDetect,SHkillermushroom.c
80250500,802505EF,render,SHkillermushroom.c
802505F0,80250627,free,SHkillermushroom.c
80250628,8025064B,func08,SHkillermushroom.c
8025064C,80250653,getExtraSize,
80250654,80250797,objDoSpawnAnim,
80250798,8025079B,initialise,SHrocketmushroom.c
8025079C,8025079F,release,SHrocketmushroom.c
802507A0,8025085B,init,SHrocketmushroom.c
8025085C,80250C0F,update,SHrocketmushroom.c
80250C10,80250CFB,FUN_80250c10,
80250CFC,80250DE7,FUN_80250cfc,
80250DE8,80250E8F,FUN_80250de8,
80250E90,80250F37,FUN_80250e90,
80250F38,80250F4B,FUN_80250f38,
80250F4C,80250F4F,hitDetect,SHrocketmushroom.c
80250F50,80250F9B,render,SHrocketmushroom.c
80250F9C,80250F9F,free,SHrocketmushroom.c
80250FA0,80250FA7,func08,SHrocketmushroom.c
80250FA8,80250FAF,getExtraSize,
80250FB0,802510F3,bombPlantThrowSpore,
802510F4,80251107,FUN_802510f4,
80251108,802511AB,FUN_80251108,
802511AC,802511EB,FUN_802511ac,
802511EC,80251257,fn_802511EC,
80251258,8025125B,initialise,SHspore.c
8025125C,8025125F,release,SHspore.c
80251260,80251387,init,SHspore.c
80251388,802517E3,update,SHspore.c
802517E4,80251A8B,FUN_802517e4,
80251A8C,80251C4F,FUN_80251a8c,
80251C50,80251C53,hitDetect,SHspore.c
80251C54,80251C57,render,SHspore.c
80251C58,80251C8F,free,SHspore.c
80251C90,80251C97,func08,SHspore.c
80251C98,80251C9F,getExtraSize,
80251CA0,80251CA3,initialise,dll_1E7.c
80251CA4,80251CA7,release,dll_1E7.c
80251CA8,80251CB7,init,dll_1E7.c
80251CB8,80251DD7,update,dll_1E7.c
80251DD8,80251DDB,hitDetect,dll_1E7.c
80251DDC,80251DDF,render,dll_1E7.c
80251DE0,80251DE3,free,dll_1E7.c
80251DE4,80251DEB,func08,dll_1E7.c
80251DEC,80251DF3,getExtraSize,
80251DF4,80251DF7,initialise,lily.c
80251DF8,80251DFB,release,lily.c
80251DFC,80251ECF,init,lily.c
80251ED0,80252037,update,lily.c
80252038,8025203B,hitDetect,lily.c
8025203C,80252097,render,lily.c
80252098,8025209B,free,lily.c
8025209C,802520A3,func08,lily.c
802520A4,802520AB,getExtraSize,
802520AC,802520AF,initialise,dll_1E8.c
802520B0,802520B3,release,dll_1E8.c
802520B4,8025211F,init,dll_1E8.c
80252120,802523BB,update,dll_1E8.c
802523BC,802523BF,hitDetect,dll_1E8.c
802523C0,8025241B,render,dll_1E8.c
8025241C,8025241F,free,dll_1E8.c
80252420,80252427,func08,dll_1E8.c
80252428,8025242F,getExtraSize,
80252430,80252547,fn_80252430,
80252548,8025254B,initialise,SHthorntail.c
8025254C,8025254F,release,SHthorntail.c
80252550,802526A3,init,SHthorntail.c
802526A4,80252883,update,SHthorntail.c
80252884,80252887,hitDetect,SHthorntail.c
80252888,802528F3,render,SHthorntail.c
802528F4,802528F7,free,SHthorntail.c
802528F8,802528FF,func08,SHthorntail.c
80252900,80252907,getExtraSize,
80252908,802529EF,FUN_80252908,
802529F0,80252A83,fn_802529F0,
80252A84,80252AD7,FUN_80252a84,
80252AD8,80252BD7,thornTailFindNodeFn_80252ad8,
80252BD8,80252C7F,FUN_80252bd8,
80252C80,80253A1B,thornTailNetworkFn_80252c80,SHthorntail.c
80253A1C,80253A1F,nop_80253A1C,
80253A20,80253A23,nop_80253A20,
80253A24,80253A27,nop_80253A24,
80253A28,80253A6F,FUN_80253a28,
80253A70,80253B73,thornTailFindNodeFn_80253a70,
80253B74,80253C1B,FUN_80253b74,
80253C1C,80253CEB,FUN_80253c1c,
80253CEC,80253CEF,nop_80253CEC,
80253CF0,80253CF3,nop_80253CF0,
80253CF4,80253CF7,nop_80253CF4,
80253CF8,80253D53,FUN_80253cf8,
80253D54,80253DA3,FUN_80253d54,
80253DA4,80253E5B,FUN_80253da4,
80253E5C,80253E5F,nop_80253E5C,
80253E60,80253E63,nop_80253E60,
80253E64,80253E67,nop_80253E64,
80253E68,80253E6B,nop_80253E68,
80253E6C,80253E6F,initialise,SHroot.c
80253E70,80253E73,release,SHroot.c
80253E74,80253F1B,init,SHroot.c
80253F1C,8025435B,update,SHroot.c
8025435C,8025435F,hitDetect,SHroot.c
80254360,802543BB,render,SHroot.c
802543BC,802543BF,free,SHroot.c
802543C0,802543C7,func08,SHroot.c
802543C8,802543CF,getExtraSize,
802543D0,802543D3,initialise,dll_1EC.c
802543D4,802543D7,release,dll_1EC.c
802543D8,802543DB,init,dll_1EC.c
802543DC,80254467,update,dll_1EC.c
80254468,8025446B,hitDetect,dll_1EC.c
8025446C,802544C7,render,dll_1EC.c
802544C8,802544CB,free,dll_1EC.c
802544CC,802544D3,func08,dll_1EC.c
802544D4,802544DB,getExtraSize,
802544DC,802544DF,initialise,dll_1F0.c
802544E0,802544E3,release,dll_1F0.c
802544E4,802545D7,init,dll_1F0.c
802545D8,802546BB,update,dll_1F0.c
802546BC,802546BF,hitDetect,dll_1F0.c
802546C0,8025479F,render,dll_1F0.c
802547A0,802547A3,free,dll_1F0.c
802547A4,802547AB,func08,dll_1F0.c
802547AC,802547B3,getExtraSize,
802547B4,80254873,fn_802547B4,
80254874,80254C07,dll_1EC_setScale,
802548A0,80254C53,dll_1EC_setScale,
80254C54,80254C77,fn_80254C54,
80254C78,80254DAF,FUN_80254c78,
80254DB0,80254E8F,FUN_80254db0,
80254E90,80254EDF,FUN_80254e90,
80254EE0,80254EE3,initialise,dll_1EE.c
80254EE4,80254EE7,release,dll_1EE.c
80254EE8,80254F33,init,dll_1EE.c
80254F34,80254F37,update,dll_1EE.c
80254F38,80254F3B,hitDetect,dll_1EE.c
80254F3C,80254FFB,render,dll_1EE.c
80254FFC,80254FFF,free,dll_1EE.c
80255000,80255007,func08,dll_1EE.c
80255008,8025500F,getExtraSize,
80255010,80255013,initialise,dll_1ED.c
80255014,80255017,release,dll_1ED.c
80255018,80255103,init,dll_1ED.c
80255104,8025517B,update,dll_1ED.c
8025517C,8025517F,hitDetect,dll_1ED.c
80255180,80255183,render,dll_1ED.c
80255184,802551B7,free,dll_1ED.c
802551B8,802551BF,func08,dll_1ED.c
802551C0,802551C7,getExtraSize,
802551C8,802551CB,initialise,dll_1EF.c
802551CC,802551CF,release,dll_1EF.c
802551D0,8025522F,init,dll_1EF.c
80255230,8025530F,update,dll_1EF.c
80255310,80255313,hitDetect,dll_1EF.c
80255314,8025536F,render,dll_1EF.c
80255370,80255373,free,dll_1EF.c
80255374,8025537B,func08,dll_1EF.c
8025537C,80255383,getExtraSize,
80255384,80255393,init,dll_1F1.c
80255394,8025550B,update,dll_1F1.c
8025550C,80255587,FUN_8025550c,
80255588,80255703,fn_80255588,
80255704,802558D7,render,dll_1F1.c
802558D8,8025592B,free,dll_1F1.c
8025592C,80255933,getExtraSize,
80255934,80255937,initialise,SClevelcontrol.c
80255938,8025593B,release,SClevelcontrol.c
8025593C,80255997,init,SClevelcontrol.c
80255998,80255C27,update,SClevelcontrol.c
80255C28,80255C2B,hitDetect,SClevelcontrol.c
80255C2C,80255C87,render,SClevelcontrol.c
80255C88,80255DF7,free,SClevelcontrol.c
80255DF8,80255DFF,func08,SClevelcontrol.c
80255E00,80255E07,getExtraSize,SClevelcontrol.c
80255E08,80255FBB,setScale,SClevelcontrol.c
80255FBC,80255FD7,func0B,
80255FD8,8025620F,switchD_8025606c_caseD_9,
80256210,80256707,FUN_80256210,
80256708,8025679B,FUN_80256708,
8025679C,80256813,fn_8025679C,
80256814,80256833,initialise,SClightfoot.c
80256834,80256837,release,SClightfoot.c
80256838,8025696F,init,SClightfoot.c
80256970,802569FF,update,SClightfoot.c
80256A00,80256A03,hitDetect,SClightfoot.c
80256A04,80256BA3,render,SClightfoot.c
80256BA4,80256C13,free,SClightfoot.c
80256C14,80256C1B,func08,SClightfoot.c
80256C1C,80256C23,getExtraSize,
80256C24,80256C67,FUN_80256c24,
80256C68,80256D7B,FUN_80256c68,
80256D7C,80256F7F,scLightFootFn_80256d7c,
80256F80,802570EF,FUN_80256f80,
802570F0,80257223,FUN_802570f0,
80257224,802573F7,FUN_80257224,
802573F8,8025770B,FUN_802573f8,
8025770C,8025786B,FUN_8025770c,
8025786C,8025796B,FUN_8025786c,
8025796C,80257A83,FUN_8025796c,
80257A84,80257BF3,FUN_80257a84,
80257BF4,80257D37,FUN_80257bf4,
80257D38,80257EA3,FUN_80257d38,
80257EA4,80257F2B,FUN_80257ea4,
80257F2C,80257F4B,initialise,dll_1F3.c
80257F4C,80257F4F,release,dll_1F3.c
80257F50,80258023,init,dll_1F3.c
80258024,80258097,update,dll_1F3.c
80258098,8025809B,hitDetect,dll_1F3.c
8025809C,8025817B,render,dll_1F3.c
8025817C,802581D3,free,dll_1F3.c
802581D4,802581DB,func08,dll_1F3.c
802581DC,802581E3,getExtraSize,
802581E4,80258227,FUN_802581e4,
80258228,80258327,FUN_80258228,
80258328,80258443,fn_80258328,
80258444,802585FF,fn_80258444,
80258600,8025872F,fn_80258600,
80258730,8025875B,FUN_80258730,
8025875C,8025877B,initialise,SCchieflightfoot.c
8025877C,8025877F,release,SCchieflightfoot.c
80258780,802588AB,init,SCchieflightfoot.c
802588AC,802589A3,update,SCchieflightfoot.c
802589A4,802589A7,hitDetect,SCchieflightfoot.c
802589A8,80258A87,render,SCchieflightfoot.c
80258A88,80258ADF,free,SCchieflightfoot.c
80258AE0,80258AE7,func08,SCchieflightfoot.c
80258AE8,80258AEF,getExtraSize,
80258AF0,80258C2F,fn_80258AF0,
80258C30,80258D7F,FUN_80258c30,
80258D80,80258E93,FUN_80258d80,
80258E94,80258F53,FUN_80258e94,
80258F54,80259077,fn_80258F54,
80259078,8025921F,fn_80259078,
80259220,80259437,fn_80259220,
80259438,802595A7,fn_80259438,
802595A8,8025971F,fn_802595A8,
80259720,8025977B,FUN_80259720,
8025977C,8025977F,initialise,SCbirchtree.c
80259780,80259783,release,SCbirchtree.c
80259784,802598B3,init,SCbirchtree.c
802598B4,80259D83,update,SCbirchtree.c
80259D84,80259D87,hitDetect,SCbirchtree.c
80259D88,80259ECB,render,SCbirchtree.c
80259ECC,80259ECF,free,SCbirchtree.c
80259ED0,80259ED7,func08,SCbirchtree.c
80259ED8,80259EDF,getExtraSize,
80259EE0,8025A11B,FUN_80259ee0,
8025A11C,8025A30F,FUN_8025a11c,
8025A310,8025A407,FUN_8025a310,
8025A408,8025A533,FUN_8025a408,
8025A534,8025A537,initialise,SCtotempole.c
8025A538,8025A53B,release,SCtotempole.c
8025A53C,8025A5C3,init,SCtotempole.c
8025A5C4,8025A81B,update,SCtotempole.c
8025A81C,8025A81F,hitDetect,SCtotempole.c
8025A820,8025A8EF,render,SCtotempole.c
8025A8F0,8025A8F3,free,SCtotempole.c
8025A8F4,8025A8FB,func08,SCtotempole.c
8025A8FC,8025A903,getExtraSize,
8025A904,8025A9B3,SCTotemPoleFn_8025a904,
8025A9B4,8025A9B7,initialise,SClantern.c
8025A9B8,8025A9BB,release,SClantern.c
8025A9BC,8025AAF3,init,SClantern.c
8025AAF4,8025AEAB,update,SClantern.c
8025AEAC,8025AEAF,hitDetect,SClantern.c
8025AEB0,8025B04F,render,SClantern.c
8025B050,8025B0BB,free,SClantern.c
8025B0BC,8025B0C3,func08,SClantern.c
8025B0C4,8025B0CB,getExtraSize,
8025B0CC,8025B0CF,initialise,SCcollectables.c
8025B0D0,8025B0D3,release,SCcollectables.c
8025B0D4,8025B29F,init,SCcollectables.c
8025B2A0,8025B523,update,SCcollectables.c
8025B524,8025B527,hitDetect,SCcollectables.c
8025B528,8025B637,render,SCcollectables.c
8025B638,8025B663,free,SCcollectables.c
8025B664,8025B66B,func08,SCcollectables.c
8025B66C,8025B673,getExtraSize,SCcollectables.c
8025B674,8025B8B7,FUN_8025b674,
8025B8B8,8025B947,FUN_8025b8b8,
8025B948,8025B96B,setScale,SCcollectables.c
8025B96C,8025B99F,func0B,
8025B9A0,8025B9A3,initialise,SCanimobj.c
8025B9A4,8025B9A7,release,SCanimobj.c
8025B9A8,8025BB07,init,SCanimobj.c
8025BB08,8025BD07,update,SCanimobj.c
8025BD08,8025BD0B,hitDetect,SCanimobj.c
8025BD0C,8025C097,render,SCanimobj.c
8025C098,8025C10B,free,SCanimobj.c
8025C10C,8025C113,func08,SCanimobj.c
8025C114,8025C11B,getExtraSize,
8025C11C,8025C11F,initialise,SCtotemlogpuz.c
8025C120,8025C123,release,SCtotemlogpuz.c
8025C124,8025C20B,init,SCtotemlogpuz.c
8025C20C,8025C57F,update,SCtotemlogpuz.c
8025C580,8025C583,hitDetect,SCtotemlogpuz.c
8025C584,8025C5DF,render,SCtotemlogpuz.c
8025C5E0,8025C5E3,free,SCtotemlogpuz.c
8025C5E4,8025C5EB,func08,SCtotemlogpuz.c
8025C5EC,8025C5F3,getExtraSize,
8025C5F4,8025C737,FUN_8025c5f4,
8025C738,8025C77B,fn_8025C738,
8025C77C,8025C77F,initialise,SCtumbleweedmeter.c
8025C780,8025C783,release,SCtumbleweedmeter.c
8025C784,8025C837,init,SCtumbleweedmeter.c
8025C838,8025C92B,update,SCtumbleweedmeter.c
8025C92C,8025C92F,hitDetect,SCtumbleweedmeter.c
8025C930,8025C98B,render,SCtumbleweedmeter.c
8025C98C,8025C9C7,free,SCtumbleweedmeter.c
8025C9C8,8025C9CF,func08,SCtumbleweedmeter.c
8025C9D0,8025C9D7,getExtraSize,
8025C9D8,8025C9DB,initialise,SCtotembondpuz.c
8025C9DC,8025C9DF,release,SCtotembondpuz.c
8025C9E0,8025CA23,init,SCtotembondpuz.c
8025CA24,8025CBB7,update,SCtotembondpuz.c
8025CBB8,8025CBBB,hitDetect,SCtotembondpuz.c
8025CBBC,8025CC17,render,SCtotembondpuz.c
8025CC18,8025CC1B,free,SCtotembondpuz.c
8025CC1C,8025CC23,func08,SCtotembondpuz.c
8025CC24,8025CC2B,getExtraSize,
8025CC2C,8025CD03,fn_8025CC2C,
8025CD04,8025CFFB,FUN_8025cd04,
8025CFFC,8025D107,FUN_8025cffc,
8025D108,8025D1C3,FUN_8025d108,
8025D1C4,8025D28B,FUN_8025d1c4,
8025D28C,8025D34B,FUN_8025d28c,
8025D34C,8025D34F,initialise,SCtotemstrength.c
8025D350,8025D353,release,SCtotemstrength.c
8025D354,8025D3DB,init,SCtotemstrength.c
8025D3DC,8025D633,update,SCtotemstrength.c
8025D634,8025D637,hitDetect,SCtotemstrength.c
8025D638,8025D683,render,SCtotemstrength.c
8025D684,8025D687,free,SCtotemstrength.c
8025D688,8025D68F,func08,SCtotemstrength.c
8025D690,8025D697,getExtraSize,
8025D698,8025DF2F,SCtotemstrength_enableMusicChange_8025d698,
8025DF30,8025DFEF,FUN_8025df30,
8025DFF0,8025DFF3,initialise,dll_1FF.c
8025DFF4,8025DFF7,release,dll_1FF.c
8025DFF8,8025E04F,init,dll_1FF.c
8025E050,8025E123,update,dll_1FF.c
8025E124,8025E127,hitDetect,dll_1FF.c
8025E128,8025E12F,render,dll_1FF.c
8025E130,8025E133,free,dll_1FF.c
8025E134,8025E13B,func08,dll_1FF.c
8025E13C,8025E143,getExtraSize,
8025E144,8025E25B,fn_8025E144,
8025E25C,8025E31B,fn_8025E25C,
8025E31C,8025E31F,initialise,dll_157.c
8025E320,8025E323,release,dll_157.c
8025E324,8025E36B,init,dll_157.c
8025E36C,8025E3CB,update,dll_157.c
8025E3CC,8025E3CF,hitDetect,dll_157.c
8025E3D0,8025E42B,render,dll_157.c
8025E42C,8025E42F,free,dll_157.c
8025E430,8025E437,func08,dll_157.c
8025E438,8025E43F,getExtraSize,
8025E440,8025E7D7,fn_8025E440,
8025E7D8,8025E7DB,initialise,dll_156.c
8025E7DC,8025E7DF,release,dll_156.c
8025E7E0,8025E80B,init,dll_156.c
8025E80C,8025E80F,update,dll_156.c
8025E810,8025E813,hitDetect,dll_156.c
8025E814,8025E86F,render,dll_156.c
8025E870,8025E873,free,dll_156.c
8025E874,8025E87B,func08,dll_156.c
8025E87C,8025E883,getExtraSize,
8025E884,8025E887,initialise,dll_158.c
8025E888,8025E88B,release,dll_158.c
8025E88C,8025E8A3,init,dll_158.c
8025E8A4,8025E8A7,update,dll_158.c
8025E8A8,8025E8AB,hitDetect,dll_158.c
8025E8AC,8025E907,render,dll_158.c
8025E908,8025E90B,free,dll_158.c
8025E90C,8025E913,func08,dll_158.c
8025E914,8025E91B,getExtraSize,
8025E91C,8025E92B,fn_8025E91C,
8025E92C,8025E92F,initialise,SBship.c
8025E930,8025E933,release,SBship.c
8025E934,8025EA43,init,SBship.c
8025EA44,8025EC7B,update,SBship.c
8025EC7C,8025EC7F,hitDetect,SBship.c
8025EC80,8025ECDB,render,SBship.c
8025ECDC,8025ED6F,free,SBship.c
8025ED70,8025ED77,func08,SBship.c
8025ED78,8025ED7F,getExtraSize,SBship.c
8025ED80,8025EE2F,setScale,SBship.c
8025EE30,8025EE4F,func0B,SBship.c
8025EE50,8025EEC7,modelMtxFn,SBship.c
8025EEC8,8025EEE3,render2,SBship.c
8025EEE4,8025EF3F,func0E,
8025EF40,8025EF97,fn_8025EF40,
8025EF98,8025F137,dll_158_setScale,
8025F138,8025F26B,dll_158_setScale,
8025F26C,8025F29B,FUN_8025f26c,
8025F29C,8025F4FB,FUN_8025f29c,
8025F4FC,80260B3F,sbGalleonFn_801dfa28,
80260B40,80260B43,initialise,SBcloudrunner.c
80260B44,80260B47,release,SBcloudrunner.c
80260B48,80260C0B,init,SBcloudrunner.c
80260C0C,802618BF,update,SBcloudrunner.c
802618C0,80261A13,hitDetect,SBcloudrunner.c
80261A14,80261A6F,render,SBcloudrunner.c
80261A70,80261B2F,free,SBcloudrunner.c
80261B30,80261B37,func08,SBcloudrunner.c
80261B38,80261B3F,getExtraSize,SBcloudrunner.c
80261B40,80261BDB,FUN_80261b40,
80261BDC,80261D23,fn_80261BDC,
80261D24,80261D67,FUN_80261d24,
80261D68,80261D97,setScale,SBcloudrunner.c
80261D98,80261DB3,func0B,SBcloudrunner.c
80261DB4,80261DCF,modelMtxFn,SBcloudrunner.c
80261DD0,80261DF7,render2,SBcloudrunner.c
80261DF8,80261E43,func0E,
80261E44,80261E47,initialise,SBpropeller.c
80261E48,80261E4B,release,SBpropeller.c
80261E4C,80261E73,init,SBpropeller.c
80261E74,802621FF,update,SBpropeller.c
80262200,8026222B,hitDetect,SBpropeller.c
8026222C,802623AF,render,SBpropeller.c
802623B0,802623B3,free,SBpropeller.c
802623B4,802623BB,func08,SBpropeller.c
802623BC,802623C3,getExtraSize,
802623C4,802623C7,initialise,SBshiphead.c
802623C8,802623CB,release,SBshiphead.c
802623CC,8026240B,init,SBshiphead.c
8026240C,80262967,update,SBshiphead.c
80262968,802629B3,hitDetect,SBshiphead.c
802629B4,80262E17,render,SBshiphead.c
80262E18,80262E43,free,SBshiphead.c
80262E44,80262E4B,func08,SBshiphead.c
80262E4C,80262E53,getExtraSize,
80262E54,80262E57,initialise,dll_22C.c
80262E58,80262E5B,release,dll_22C.c
80262E5C,80262E5F,init,dll_22C.c
80262E60,80262F73,update,dll_22C.c
80262F74,80262F77,hitDetect,dll_22C.c
80262F78,80262FD3,render,dll_22C.c
80262FD4,80262FD7,free,dll_22C.c
80262FD8,80262FDF,func08,dll_22C.c
80262FE0,80262FE7,getExtraSize,
80262FE8,80262FEB,initialise,SBshipgun.c
80262FEC,80262FEF,release,SBshipgun.c
80262FF0,8026301F,init,SBshipgun.c
80263020,80263933,update,SBshipgun.c
80263934,8026397F,hitDetect,SBshipgun.c
80263980,80263A4B,render,SBshipgun.c
80263A4C,80263A83,free,SBshipgun.c
80263A84,80263A8B,func08,SBshipgun.c
80263A8C,80263A93,getExtraSize,
80263A94,80263A97,initialise,SBcannonball.c
80263A98,80263A9B,release,SBcannonball.c
80263A9C,80263B67,init,SBcannonball.c
80263B68,80264043,update,SBcannonball.c
80264044,8026421B,hitDetect,SBcannonball.c
8026421C,80264277,render,SBcannonball.c
80264278,802642FF,free,SBcannonball.c
80264300,80264307,func08,SBcannonball.c
80264308,8026430F,getExtraSize,
80264310,80264313,initialise,dll_22E.c
80264314,80264317,release,dll_22E.c
80264318,8026439F,init,dll_22E.c
802643A0,8026454B,update,dll_22E.c
8026454C,8026454F,hitDetect,dll_22E.c
80264550,802645BB,render,dll_22E.c
802645BC,80264613,free,dll_22E.c
80264614,8026461B,func08,dll_22E.c
8026461C,80264623,getExtraSize,
80264624,80264773,FUN_80264624,
80264774,80264777,initialise,SBcloudball.c
80264778,8026477B,release,SBcloudball.c
8026477C,802647AB,init,SBcloudball.c
802647AC,80264BDB,update,SBcloudball.c
80264BDC,80264D17,hitDetect,SBcloudball.c
80264D18,80264D1B,render,SBcloudball.c
80264D1C,80264DA3,free,SBcloudball.c
80264DA4,80264DAB,func08,SBcloudball.c
80264DAC,80264DB3,getExtraSize,
80264DB4,80264DB7,initialise,dll_231.c
80264DB8,80264DBB,release,dll_231.c
80264DBC,80264E5F,init,dll_231.c
80264E60,80264FDB,update,dll_231.c
80264FDC,80264FDF,hitDetect,dll_231.c
80264FE0,802654CF,render,dll_231.c
802654D0,802654D3,free,dll_231.c
802654D4,802654DB,func08,dll_231.c
802654DC,802654E3,getExtraSize,
802654E4,8026555B,FUN_802654e4,
8026555C,8026555F,initialise,SBcagedkyte.c
80265560,80265563,release,SBcagedkyte.c
80265564,80265573,init,SBcagedkyte.c
80265574,802656CB,update,SBcagedkyte.c
802656CC,802656CF,hitDetect,SBcagedkyte.c
802656D0,8026574F,render,SBcagedkyte.c
80265750,80265753,free,SBcagedkyte.c
80265754,8026575B,func08,SBcagedkyte.c
8026575C,80265763,getExtraSize,
80265764,8026579F,fn_80265764,
802657A0,802657A3,initialise,dll_232.c
802657A4,802657A7,release,dll_232.c
802657A8,802657EF,init,dll_232.c
802657F0,802657FF,update,dll_232.c
80265800,80265803,hitDetect,dll_232.c
80265804,8026585F,render,dll_232.c
80265860,80265863,free,dll_232.c
80265864,8026586B,func08,dll_232.c
8026586C,80265873,getExtraSize,
80265874,8026588B,fn_80265874,
8026588C,8026588F,initialise,dll_234.c
80265890,80265893,release,dll_234.c
80265894,802659DB,init,dll_234.c
802659DC,80265BEF,update,dll_234.c
80265BF0,80265BF3,hitDetect,dll_234.c
80265BF4,80265CCF,render,dll_234.c
80265CD0,80265D07,free,dll_234.c
80265D08,80265D0F,func08,dll_234.c
80265D10,80265D17,getExtraSize,
80265D18,80265D1B,initialise,dll_235.c
80265D1C,80265D1F,release,dll_235.c
80265D20,80265E17,init,dll_235.c
80265E18,80266093,update,dll_235.c
80266094,80266097,hitDetect,dll_235.c
80266098,80266103,render,dll_235.c
80266104,8026615B,free,dll_235.c
8026615C,80266163,func08,dll_235.c
80266164,8026616B,getExtraSize,
8026616C,8026616F,initialise,scalesanim.c
80266170,80266173,release,scalesanim.c
80266174,802662AF,init,scalesanim.c
802662B0,80266427,update,scalesanim.c
80266428,8026642B,hitDetect,scalesanim.c
8026642C,802664DB,render,scalesanim.c
802664DC,8026654F,free,scalesanim.c
80266550,80266557,func08,scalesanim.c
80266558,8026655F,getExtraSize,
80266560,802666FF,FUN_80266560,
80266700,80266B97,FUN_80266700,
80266B98,80266B9B,initialise,dll_236.c
80266B9C,80266B9F,release,dll_236.c
80266BA0,80266C43,init,dll_236.c
80266C44,80266C9F,update,dll_236.c
80266CA0,80266CA3,hitDetect,dll_236.c
80266CA4,8026705F,fn_80266CA4,
80267060,802670BB,render,dll_236.c
802670BC,80267123,free,dll_236.c
80267124,8026712B,func08,dll_236.c
8026712C,80267133,getExtraSize,
80267134,80267137,initialise,dll_238.c
80267138,8026713B,release,dll_238.c
8026713C,80267193,init,dll_238.c
80267194,802671DF,update,dll_238.c
802671E0,802671E3,hitDetect,dll_238.c
802671E4,8026723F,render,dll_238.c
80267240,80267243,free,dll_238.c
80267244,8026724B,func08,dll_238.c
8026724C,80267253,getExtraSize,
80267254,80267257,initialise,brokecannon.c
80267258,8026725B,release,brokecannon.c
8026725C,8026725F,init,brokecannon.c
80267260,802672C7,update,brokecannon.c
802672C8,802672CB,hitDetect,brokecannon.c
802672CC,80267333,render,brokecannon.c
80267334,80267337,free,brokecannon.c
80267338,8026733F,func08,brokecannon.c
80267340,80267347,getExtraSize,
80267348,8026734B,initialise,SPshop.c
8026734C,8026734F,release,SPshop.c
80267350,8026738B,init,SPshop.c
8026738C,8026753F,update,SPshop.c
80267540,80267543,hitDetect,SPshop.c
80267544,8026759F,render,SPshop.c
802675A0,802675CB,free,SPshop.c
802675CC,802675D3,func08,SPshop.c
802675D4,802675DB,getExtraSize,SPshop.c
802675DC,802675F7,setScale,SPshop.c
802675F8,80267657,func0B,SPshop.c
80267658,802676FB,modelMtxFn,SPshop.c
802676FC,8026779F,render2,SPshop.c
802677A0,802677CF,func0E,SPshop.c
802677D0,802677FF,func0F,SPshop.c
80267800,8026782F,func10,SPshop.c
80267830,8026785F,func11,SPshop.c
80267860,8026787B,func12,SPshop.c
8026787C,80267897,func13,SPshop.c
80267898,802679C3,func14,SPshop.c
802679C4,802679F3,func15,SPshop.c
802679F4,80267A23,func16,SPshop.c
80267A24,80267A5F,func17,
80267A60,80267ACF,FUN_80267a60,
80267AD0,80267AEF,initialise,SPshopkeeper.c
80267AF0,80267AF3,release,SPshopkeeper.c
80267AF4,80267BE7,init,SPshopkeeper.c
80267BE8,80267CDB,update,SPshopkeeper.c
80267CDC,80267CDF,hitDetect,SPshopkeeper.c
80267CE0,80267D87,render,SPshopkeeper.c
80267D88,80267DBF,free,SPshopkeeper.c
80267DC0,80267DC7,func08,SPshopkeeper.c
80267DC8,80267DCF,getExtraSize,
80267DD0,80267E2B,trexStateStackFn_80267dd0,
80267E2C,80267E7B,FUN_80267e2c,
80267E7C,80267E83,ret0_80267E7C,
80267E84,80267E8B,ret0_80267E84,
80267E8C,8026806F,setupScarabGame,
80268070,802681D3,FUN_80268070,
802681D4,8026829B,FUN_802681d4,
8026829C,802685EB,switchD_80268460_switchD,
802685EC,802686DF,FUN_802685ec,
802686E0,80268973,FUN_802686e0,
80268974,80268A33,FUN_80268974,
80268A34,80268AE7,fn_80268A34,
80268AE8,80268E43,fn_80268AE8,
80268E44,80268F23,fn_80268E44,
80268F24,8026904F,fn_80268F24,
80269050,80269087,fn_80269050,
80269088,80269217,shopKeeperAttachNodeFn_80269088,
80269218,80269297,fn_80269218,
80269298,8026929F,fn_80269298,
802692A0,802692A7,fn_802692A0,
802692A8,8026932F,FUN_802692a8,
80269330,80269333,initialise,dll_2CB.c
80269334,80269337,release,dll_2CB.c
80269338,8026939F,init,dll_2CB.c
802693A0,802695D3,update,dll_2CB.c
802695D4,802695D7,hitDetect,dll_2CB.c
802695D8,802696A3,render,dll_2CB.c
802696A4,802696A7,free,dll_2CB.c
802696A8,802696CB,func08,dll_2CB.c
802696CC,802696D3,getExtraSize,
802696D4,802696E7,fn_802696D4,
802696E8,80269783,fn_802696E8,
80269784,80269787,initialise,SPscarab.c
80269788,8026978B,release,SPscarab.c
8026978C,802698CB,init,SPscarab.c
802698CC,80269B0B,update,SPscarab.c
80269B0C,80269B0F,hitDetect,SPscarab.c
80269B10,80269B13,render,SPscarab.c
80269B14,80269B17,free,SPscarab.c
80269B18,80269B1F,func08,SPscarab.c
80269B20,80269B27,getExtraSize,
80269B28,80269B2B,initialise,SPdrape.c
80269B2C,80269B2F,release,SPdrape.c
80269B30,80269C37,init,SPdrape.c
80269C38,80269F3B,update,SPdrape.c
80269F3C,80269F3F,hitDetect,SPdrape.c
80269F40,80269F9B,render,SPdrape.c
80269F9C,80269F9F,free,SPdrape.c
80269FA0,80269FA7,func08,SPdrape.c
80269FA8,80269FAF,getExtraSize,
80269FB0,8026A073,FUN_80269fb0,
8026A074,8026A0CF,FUN_8026a074,
8026A0D0,8026A0D3,initialise,dll_2D0.c
8026A0D4,8026A0D7,release,dll_2D0.c
8026A0D8,8026A127,init,dll_2D0.c
8026A128,8026A1FB,update,dll_2D0.c
8026A1FC,8026A1FF,hitDetect,dll_2D0.c
8026A200,8026A203,render,dll_2D0.c
8026A204,8026A207,free,dll_2D0.c
8026A208,8026A20F,func08,dll_2D0.c
8026A210,8026A217,getExtraSize,
8026A218,8026A21B,initialise,IMsnowbike.c
8026A21C,8026A21F,release,IMsnowbike.c
8026A220,8026A417,init,IMsnowbike.c
8026A418,8026AECF,update,IMsnowbike.c
8026AED0,8026B017,hitDetect,IMsnowbike.c
8026B018,8026B1C7,render,IMsnowbike.c
8026B1C8,8026B273,free,IMsnowbike.c
8026B274,8026B27B,func08,IMsnowbike.c
8026B27C,8026B283,getExtraSize,IMsnowbike.c
8026B284,8026B2B3,setScale,IMsnowbike.c
8026B2B4,8026B2CF,func0B,IMsnowbike.c
8026B2D0,8026B2FF,modelMtxFn,IMsnowbike.c
8026B300,8026B35F,render2,IMsnowbike.c
8026B360,8026B367,func0E,IMsnowbike.c
8026B368,8026B397,func0F,IMsnowbike.c
8026B398,8026B3B7,func10,IMsnowbike.c
8026B3B8,8026B407,func11,IMsnowbike.c
8026B408,8026B4A3,func12,IMsnowbike.c
8026B4A4,8026B537,func13,IMsnowbike.c
8026B538,8026B557,func14,IMsnowbike.c
8026B558,8026B63B,func15,IMsnowbike.c
8026B63C,8026B63F,func16,IMsnowbike.c
8026B640,8026BB17,FUN_8026b640,
8026BB18,8026BB93,FUN_8026bb18,
8026BB94,8026C76F,FUN_8026bb94,
8026C770,8026CECB,FUN_8026c770,
8026CECC,8026CF1B,FUN_8026cecc,
8026CF1C,8026CFE7,FUN_8026cf1c,
8026CFE8,8026D07F,FUN_8026cfe8,
8026D080,8026D233,fn_8026D080,
8026D234,8026D4AF,FUN_8026d234,
8026D4B0,8026D687,FUN_8026d4b0,
8026D688,8026D783,FUN_8026d688,
8026D784,8026DE17,FUN_8026d784,
8026DE18,8026DE1B,func17,
8026DE1C,8026DE77,initialise,dll_29F.c
8026DE78,8026DEE3,release,dll_29F.c
8026DEE4,8026E0DF,init,dll_29F.c
8026E0E0,8026E31B,update,dll_29F.c
8026E31C,8026E3B3,FUN_8026e31c,
8026E3B4,8026E5BF,playerUpdateFn_802bb4b4,
8026E5C0,8026E5C3,hitDetect,dll_29F.c
8026E5C4,8026E827,render,dll_29F.c
8026E828,8026E853,free,dll_29F.c
8026E854,8026E85B,func08,dll_29F.c
8026E85C,8026E863,getExtraSize,dll_29F.c
8026E864,8026E8FB,FUN_8026e864,
8026E8FC,8026EA43,FUN_8026e8fc,
8026EA44,8026EAFB,setScale,dll_29F.c
8026EAFC,8026EB2B,func0B,dll_29F.c
8026EB2C,8026EB5B,modelMtxFn,dll_29F.c
8026EB5C,8026EBBB,render2,dll_29F.c
8026EBBC,8026EBEB,func0E,dll_29F.c
8026EBEC,8026EC83,func0F,dll_29F.c
8026EC84,8026EC8B,func10,dll_29F.c
8026EC8C,8026ECA7,func11,dll_29F.c
8026ECA8,8026ECBB,func12,dll_29F.c
8026ECBC,8026ECFB,func13,dll_29F.c
8026ECFC,8026ED03,func14,dll_29F.c
8026ED04,8026ED07,func15,dll_29F.c
8026ED08,8026EDCB,func16,dll_29F.c
8026EDCC,8026F02B,fn_8026EDCC,
8026F02C,8026F3C7,FUN_8026f02c,
8026F3C8,8026F453,FUN_8026f3c8,
8026F454,8026F487,FUN_8026f454,
8026F488,8026F58F,fn_8026F488,
8026F590,8026F69B,fn_8026F590,
8026F69C,8026F787,fn_8026F69C,
8026F788,8026F8B7,fn_8026F788,
8026F8B8,8026F9C7,fn_8026F8B8,
8026F9C8,8026FACB,fn_8026F9C8,
8026FACC,8026FC1F,fn_8026FACC,
8026FC20,8026FD6B,fn_8026FC20,
8026FD6C,8026FEEB,fn_8026FD6C,
8026FEEC,80270083,fn_8026FEEC,
80270084,802701A3,fn_80270084,
802701A4,8027053F,fn_802701A4,
80270540,80270653,fn_80270540,
80270654,8027065B,fn_80270654,
8027065C,8027065F,func17,
80270660,80270723,FUN_80270660,
80270724,80270727,initialise,DFlog.c
80270728,8027072B,release,DFlog.c
8027072C,80270907,init,DFlog.c
80270908,80270997,update,DFlog.c
80270998,8027099B,hitDetect,DFlog.c
8027099C,802709F7,render,DFlog.c
802709F8,80270A33,free,DFlog.c
80270A34,80270A3B,func08,DFlog.c
80270A3C,80270A43,getExtraSize,DFlog.c
80270A44,80270A6F,seqFn,
80270A70,80270ADB,setScale,DFlog.c
80270ADC,80270BEB,func0B,DFlog.c
80270BEC,80270C07,modelMtxFn,DFlog.c
80270C08,80270D2B,render2,DFlog.c
80270D2C,80270D33,func0E,DFlog.c
80270D34,80270DEB,func0F,DFlog.c
80270DEC,80270E07,func10,DFlog.c
80270E08,80270EA3,func11,DFlog.c
80270EA4,80270F53,func12,DFlog.c
80270F54,80270FD3,func13,DFlog.c
80270FD4,80270FDB,func14,DFlog.c
80270FDC,80270FDF,func15,DFlog.c
80270FE0,80270FE3,func16,DFlog.c
80270FE4,802710DB,FUN_80270fe4,
802710DC,802713AB,FUN_802710dc,
802713AC,8027230B,FUN_802713ac,
8027230C,802725A3,FUN_8027230c,
802725A4,802725A7,func17,
802725A8,802725C7,initialise,DRearthwalk.c
802725C8,802725CB,release,DRearthwalk.c
802725CC,80272863,init,DRearthwalk.c
80272864,80272D7F,update,DRearthwalk.c
80272D80,80272DE7,FUN_80272d80,
80272DE8,8027325B,FUN_80272de8,
8027325C,802734A7,hitDetect,DRearthwalk.c
802734A8,8027366F,render,DRearthwalk.c
80273670,802736A3,free,DRearthwalk.c
802736A4,802736AB,func08,DRearthwalk.c
802736AC,802736B3,getExtraSize,DRearthwalk.c
802736B4,802738D7,FUN_802736b4,
802738D8,802738DF,setScale,DRearthwalk.c
802738E0,8027390F,func0B,DRearthwalk.c
80273910,8027393F,modelMtxFn,DRearthwalk.c
80273940,80273B0F,render2,DRearthwalk.c
80273B10,80273B3F,func0E,DRearthwalk.c
80273B40,80273BD7,func0F,DRearthwalk.c
80273BD8,80273BDF,func10,DRearthwalk.c
80273BE0,80273C5F,func11,DRearthwalk.c
80273C60,80273C73,func12,DRearthwalk.c
80273C74,80273C83,func13,DRearthwalk.c
80273C84,80273C8B,func14,DRearthwalk.c
80273C8C,80273C8F,func15,DRearthwalk.c
80273C90,80273D53,func16,DRearthwalk.c
80273D54,80273F5B,fn_80273D54,
80273F5C,80273F8F,FUN_80273f5c,
80273F90,80273FC3,FUN_80273f90,
80273FC4,8027415F,FUN_80273fc4,
80274160,8027433F,switchD_802741b4_caseD_d,
80274340,8027446F,FUN_80274340,
80274470,802748BB,FUN_80274470,
802748BC,80274A4F,FUN_802748bc,
80274A50,80274B73,FUN_80274a50,
80274B74,80274C1F,FUN_80274b74,
80274C20,80274C27,FUN_80274c20,
80274C28,80274D0F,FUN_80274c28,
80274D10,80274E13,FUN_80274d10,
80274E14,80274E43,func17,
80274E44,80274ECB,FUN_80274e44,
80274ECC,80274ECF,initialise,BWlog.c
80274ED0,80274ED3,release,BWlog.c
80274ED4,80275007,init,BWlog.c
80275008,80275617,update,BWlog.c
80275618,8027561B,hitDetect,BWlog.c
8027561C,80275677,render,BWlog.c
80275678,802756A3,free,BWlog.c
802756A4,802756AB,func08,BWlog.c
802756AC,802756B3,getExtraSize,BWlog.c
802756B4,8027571F,setScale,BWlog.c
80275720,8027582F,func0B,BWlog.c
80275830,8027584B,modelMtxFn,BWlog.c
8027584C,8027591B,render2,BWlog.c
8027591C,80275923,func0E,BWlog.c
80275924,802759BB,func0F,BWlog.c
802759BC,802759D7,func10,BWlog.c
802759D8,80275A7F,func11,BWlog.c
80275A80,80275AA7,func12,BWlog.c
80275AA8,80275AB7,func13,BWlog.c
80275AB8,80275ABF,func14,BWlog.c
80275AC0,80275AC3,func15,BWlog.c
80275AC4,80275AC7,func16,BWlog.c
80275AC8,80275ACB,func17,
80275ACC,80275FC7,BWlog_waterHeightFn_80275acc,
80275FC8,80276103,FUN_80275fc8,
80276104,802761AB,FUN_80276104,
802761AC,8027637B,FUN_802761ac,
8027637C,8027637F,nop_8027637C,
80276380,8027655F,FUN_80276380,
80276560,8027694B,FUN_80276560,
8027694C,80276C5F,FUN_8027694c,
80276C60,80276EDB,FUN_80276c60,
80276EDC,80276F87,FUN_80276edc,
80276F88,80276F8B,initialise,CRsnowbike.c
80276F8C,80276F8F,release,CRsnowbike.c
80276F90,802771A7,init,CRsnowbike.c
802771A8,80277DF3,update,CRsnowbike.c
80277DF4,80278063,hitDetect,CRsnowbike.c
80278064,802781E7,render,CRsnowbike.c
802781E8,802782A7,free,CRsnowbike.c
802782A8,802782AF,func08,CRsnowbike.c
802782B0,802782B7,getExtraSize,CRsnowbike.c
802782B8,80278343,mount,CRsnowbike.c
80278344,8027835F,func0B,CRsnowbike.c
80278360,8027838F,modelMtxFn,CRsnowbike.c
80278390,802783EF,render2,CRsnowbike.c
802783F0,802783F7,func0E,CRsnowbike.c
802783F8,80278427,func0F,CRsnowbike.c
80278428,80278447,func10,CRsnowbike.c
80278448,802784F7,func11,CRsnowbike.c
802784F8,80278593,func12,CRsnowbike.c
80278594,80278627,func13,CRsnowbike.c
80278628,80278647,func14,CRsnowbike.c
80278648,8027878B,func15,CRsnowbike.c
8027878C,8027878F,func16,CRsnowbike.c
80278790,80278B4F,FUN_80278790,
80278B50,80278BCB,FUN_80278b50,
80278BCC,8027964F,FUN_80278bcc,
80279650,80279D4F,FUN_80279650,
80279D50,80279D9F,FUN_80279d50,
80279DA0,80279E6B,FUN_80279da0,
80279E6C,80279F53,FUN_80279e6c,
80279F54,8027A167,fn_80279F54,
8027A168,8027A3E3,FUN_8027a168,
8027A3E4,8027A5E3,FUN_8027a3e4,
8027A5E4,8027A6DF,FUN_8027a5e4,
8027A6E0,8027AB47,FUN_8027a6e0,
8027AB48,8027AB4B,func17,
8027AB4C,8027AB6B,initialise,DRcloudrunner.c
8027AB6C,8027AB6F,release,DRcloudrunner.c
8027AB70,8027AD1F,init,DRcloudrunner.c
8027AD20,8027B113,update,DRcloudrunner.c
8027B114,8027B17F,FUN_8027b114,
8027B180,8027B1F7,FUN_8027b180,
8027B1F8,8027B3B3,FUN_8027b1f8,
8027B3B4,8027B4B7,hitDetect,DRcloudrunner.c
8027B4B8,8027B64F,render,DRcloudrunner.c
8027B650,8027B6D3,free,DRcloudrunner.c
8027B6D4,8027B6DB,func08,DRcloudrunner.c
8027B6DC,8027B6E3,getExtraSize,DRcloudrunner.c
8027B6E4,8027B7FB,setScale,DRcloudrunner.c
8027B7FC,8027B82B,func0B,DRcloudrunner.c
8027B82C,8027B85B,modelMtxFn,DRcloudrunner.c
8027B85C,8027B9F7,render2,DRcloudrunner.c
8027B9F8,8027BA27,func0E,DRcloudrunner.c
8027BA28,8027BABF,func0F,DRcloudrunner.c
8027BAC0,8027BAC7,func10,DRcloudrunner.c
8027BAC8,8027BB3B,func11,DRcloudrunner.c
8027BB3C,8027BB4F,func12,DRcloudrunner.c
8027BB50,8027BB5F,func13,DRcloudrunner.c
8027BB60,8027BB67,func14,DRcloudrunner.c
8027BB68,8027BB6B,func15,DRcloudrunner.c
8027BB6C,8027BC2F,func16,DRcloudrunner.c
8027BC30,8027BE13,fn_8027BC30,
8027BE14,8027BE47,FUN_8027be14,
8027BE48,8027BEC3,fn_8027BE48,
8027BEC4,8027C033,fn_8027BEC4,
8027C034,8027C12F,fn_8027C034,
8027C130,8027C25B,fn_8027C130,
8027C25C,8027CFEF,fn_8027C25C,
8027CFF0,8027D1D3,fn_8027CFF0,
8027D1D4,8027D2F3,fn_8027D1D4,
8027D2F4,8027D367,fn_8027D2F4,
8027D368,8027D36F,fn_8027D368,
8027D370,8027D613,GMmazeWellFn_802bf4d8,
8027D614,8027D617,func17,
8027D618,8027D80F,FUN_8027d618,
8027D810,8027D8A3,FUN_8027d810,
8027D8A4,8027D8DF,FUN_8027d8a4,
8027D8E0,8027D967,FUN_8027d8e0,
8027D968,8027D96B,initialise,dll_2A2.c
8027D96C,8027D96F,release,dll_2A2.c
8027D970,8027DA0F,init,dll_2A2.c
8027DA10,8027DA13,update,dll_2A2.c
8027DA14,8027DA17,hitDetect,dll_2A2.c
8027DA18,8027DA73,render,dll_2A2.c
8027DA74,8027DA9F,free,dll_2A2.c
8027DAA0,8027DAA7,func08,dll_2A2.c
8027DAA8,8027DAAF,getExtraSize,
8027DAB0,8027DAB3,initialise,dll_23B.c
8027DAB4,8027DAB7,release,dll_23B.c
8027DAB8,8027DB07,init,dll_23B.c
8027DB08,8027E65B,update,dll_23B.c
8027E65C,8027E65F,hitDetect,dll_23B.c
8027E660,8027E6BB,render,dll_23B.c
8027E6BC,8027E6BF,free,dll_23B.c
8027E6C0,8027E6C7,func08,dll_23B.c
8027E6C8,8027E6CF,getExtraSize,
8027E6D0,8027E6D3,initialise,dll_23A.c
8027E6D4,8027E6D7,release,dll_23A.c
8027E6D8,8027E7D7,init,dll_23A.c
8027E7D8,8027EAC7,update,dll_23A.c
8027EAC8,8027EACB,hitDetect,dll_23A.c
8027EACC,8027EB8B,render,dll_23A.c
8027EB8C,8027EC03,free,dll_23A.c
8027EC04,8027EC0B,func08,dll_23A.c
8027EC0C,8027EC13,getExtraSize,
8027EC14,8027EE3F,switchD_8027ec70_switchD,
8027EE40,8027EE43,initialise,dll_23C.c
8027EE44,8027EE47,release,dll_23C.c
8027EE48,8027EE73,init,dll_23C.c
8027EE74,8027F013,update,dll_23C.c
8027F014,8027F017,hitDetect,dll_23C.c
8027F018,8027F073,render,dll_23C.c
8027F074,8027F077,free,dll_23C.c
8027F078,8027F07F,func08,dll_23C.c
8027F080,8027F087,getExtraSize,
8027F088,8027F0EF,FUN_8027f088,
8027F0F0,8027F0F3,initialise,deaddino.c
8027F0F4,8027F0F7,release,deaddino.c
8027F0F8,8027F18B,init,deaddino.c
8027F18C,8027F56B,update,deaddino.c
8027F56C,8027F56F,hitDetect,deaddino.c
8027F570,8027F6B7,render,deaddino.c
8027F6B8,8027F6BB,free,deaddino.c
8027F6BC,8027F6C3,func08,deaddino.c
8027F6C4,8027F6CB,getExtraSize,
8027F6CC,8027F77F,fn_8027F6CC,
8027F780,8027F843,FUN_8027f780,
8027F844,8027F847,initialise,laser23E.c
8027F848,8027F84B,release,laser23E.c
8027F84C,8027F947,init,laser23E.c
8027F948,80280267,update,laser23E.c
80280268,8028026B,hitDetect,laser23E.c
8028026C,80280563,render,laser23E.c
80280564,802805D3,free,laser23E.c
802805D4,802805DB,func08,laser23E.c
802805DC,802805E3,getExtraSize,
802805E4,802805E7,initialise,pswitch.c
802805E8,802805EB,release,pswitch.c
802805EC,8028066B,init,pswitch.c
8028066C,802809DB,update,pswitch.c
802809DC,802809DF,hitDetect,pswitch.c
802809E0,80280A7B,render,pswitch.c
80280A7C,80280A7F,free,pswitch.c
80280A80,80280A87,func08,pswitch.c
80280A88,80280A8F,getExtraSize,
80280A90,80280AA7,fn_80280A90,
80280AA8,80280AAB,initialise,dll_241.c
80280AAC,80280AAF,release,dll_241.c
80280AB0,80280ACF,init,dll_241.c
80280AD0,80280D23,update,dll_241.c
80280D24,80280D27,hitDetect,dll_241.c
80280D28,80280DE3,render,dll_241.c
80280DE4,80280DE7,free,dll_241.c
80280DE8,80280E03,func08,dll_241.c
80280E04,80280E0B,getExtraSize,
80280E0C,80280E77,FUN_80280e0c,
80280E78,80280E7B,initialise,dll_23F.c
80280E7C,80280E7F,release,dll_23F.c
80280E80,80280ECF,init,dll_23F.c
80280ED0,80280FD3,update,dll_23F.c
80280FD4,80280FD7,hitDetect,dll_23F.c
80280FD8,80281033,render,dll_23F.c
80281034,80281037,free,dll_23F.c
80281038,8028103F,func08,dll_23F.c
80281040,80281047,getExtraSize,
80281048,8028104B,initialise,dll_242.c
8028104C,8028104F,release,dll_242.c
80281050,80281113,init,dll_242.c
80281114,80281203,update,dll_242.c
80281204,80281207,hitDetect,dll_242.c
80281208,802812C3,render,dll_242.c
802812C4,802812C7,free,dll_242.c
802812C8,802812CF,func08,dll_242.c
802812D0,802812D7,getExtraSize,
802812D8,802813AB,switchD_80281334_switchD,
802813AC,80281497,unlockFireballSpell,
80281498,8028149F,ret0_80281498,
802814A0,802814B3,FUN_802814a0,
802814B4,8028153B,FUN_802814b4,
8028153C,802816C3,FUN_8028153c,
802816C4,80281C6F,FUN_802816c4,
80281C70,80281CEF,FUN_80281c70,
80281CF0,80281EE7,FUN_80281cf0,
80281EE8,80281EEB,initialise,colrise243.c
80281EEC,80281EEF,release,colrise243.c
80281EF0,80281F63,init,colrise243.c
80281F64,80282187,update,colrise243.c
80282188,8028218B,hitDetect,colrise243.c
8028218C,802821E7,render,colrise243.c
802821E8,8028221F,free,colrise243.c
80282220,80282227,func08,colrise243.c
80282228,8028222F,getExtraSize,
80282230,80282247,fn_80282230,
80282248,8028224B,initialise,dll_244.c
8028224C,8028224F,release,dll_244.c
80282250,80282313,init,dll_244.c
80282314,80282443,dll_WM_podiumgem_update,dll_244.c
80282444,80282447,hitDetect,dll_244.c
80282448,802824CF,render,dll_244.c
802824D0,802824D3,free,dll_244.c
802824D4,802824DB,func08,dll_244.c
802824DC,802824E3,getExtraSize,
802824E4,802824F3,fn_802824E4,
802824F4,802824F7,initialise,dll_245.c
802824F8,802824FB,release,dll_245.c
802824FC,802825BF,dll_WM_podium_init,dll_245.c
802825C0,80282743,dll_WM_podium_update,dll_245.c
80282744,80282747,hitDetect,dll_245.c
80282748,802827A3,render,dll_245.c
802827A4,802827A7,free,dll_245.c
802827A8,802827AF,func08,dll_245.c
802827B0,802827B7,getExtraSize,
802827B8,8028286F,fn_802827B8,
80282870,80282873,initialise,torch246.c
80282874,80282877,release,torch246.c
80282878,80282A47,init,torch246.c
80282A48,80282CAF,update,torch246.c
80282CB0,80282CB3,hitDetect,torch246.c
80282CB4,80282D1B,render,torch246.c
80282D1C,80282D9B,free,torch246.c
80282D9C,80282DA3,func08,torch246.c
80282DA4,80282DAB,getExtraSize,
80282DAC,80282DAF,initialise,dll_247.c
80282DB0,80282DB3,release,dll_247.c
80282DB4,80282E93,init,dll_247.c
80282E94,80282FFF,dll_WM_Vein_update,dll_247.c
80283000,80283003,hitDetect,dll_247.c
80283004,8028306B,render,dll_247.c
8028306C,802830C3,free,dll_247.c
802830C4,802830CB,func08,dll_247.c
802830CC,802830D3,getExtraSize,
802830D4,802830D7,initialise,walltorch248.c
802830D8,802830DB,release,walltorch248.c
802830DC,8028322B,init,walltorch248.c
8028322C,802835BB,update,walltorch248.c
802835BC,802835BF,hitDetect,walltorch248.c
802835C0,80283633,render,walltorch248.c
80283634,802836BF,free,walltorch248.c
802836C0,802836E3,func08,walltorch248.c
802836E4,802836EB,getExtraSize,
802836EC,802836EF,initialise,dll_249.c
802836F0,802836F3,release,dll_249.c
802836F4,8028378F,init,dll_249.c
80283790,80283A2B,update,dll_249.c
80283A2C,80283A2F,hitDetect,dll_249.c
80283A30,80283A97,render,dll_249.c
80283A98,80283ACF,free,dll_249.c
80283AD0,80283AD7,func08,dll_249.c
80283AD8,80283ADF,getExtraSize,
80283AE0,80283AE3,initialise,dll_24A.c
80283AE4,80283AE7,release,dll_24A.c
80283AE8,80283C03,dll_WM_Wallpower_init,dll_24A.c
80283C04,80283E77,dll_WM_Wallpower_update,dll_24A.c
80283E78,80283E7B,hitDetect,dll_24A.c
80283E7C,80283EFB,render,dll_24A.c
80283EFC,80283F67,free,dll_24A.c
80283F68,80283F6F,func08,dll_24A.c
80283F70,80283F77,getExtraSize,
80283F78,80283F7B,initialise,WMlevcontrol.c
80283F7C,80283F7F,release,WMlevcontrol.c
80283F80,8028410B,init,WMlevcontrol.c
8028410C,8028411F,dll_24A_setScale,
80284120,802841D7,update,WMlevcontrol.c
802841D8,802841DB,hitDetect,WMlevcontrol.c
802841DC,80284237,render,WMlevcontrol.c
80284238,80284277,free,WMlevcontrol.c
80284278,8028427F,func08,WMlevcontrol.c
80284280,80284287,getExtraSize,
80284288,8028438F,FUN_80284288,
80284390,8028449B,FUN_80284390,
8028449C,802845B7,FUN_8028449c,
802845B8,802847DF,FUN_802845b8,
802847E0,80284923,FUN_802847e0,
80284924,80284AE7,FUN_80284924,
80284AE8,80284D53,FUN_80284ae8,
80284D54,80284F43,FUN_80284d54,
80284F44,802850CF,FUN_80284f44,
802850D0,802850D3,initialise,WMgeneralscales.c
802850D4,802850D7,release,WMgeneralscales.c
802850D8,80285113,init,WMgeneralscales.c
80285114,80285117,update,WMgeneralscales.c
80285118,8028511B,hitDetect,WMgeneralscales.c
8028511C,802851BF,render,WMgeneralscales.c
802851C0,802851FF,free,WMgeneralscales.c
80285200,80285207,func08,WMgeneralscales.c
80285208,8028520F,getExtraSize,
80285210,80285463,switchD_80285260_switchD,
80285464,802858E7,FUN_80285464,
802858E8,802858EB,initialise,dll_24D.c
802858EC,802858EF,release,dll_24D.c
802858F0,80285A47,init,dll_24D.c
80285A48,80285E6B,update,dll_24D.c
80285E6C,80285E6F,hitDetect,dll_24D.c
80285E70,80285E73,render,dll_24D.c
80285E74,80285EC7,free,dll_24D.c
80285EC8,80285ECF,func08,dll_24D.c
80285ED0,80285ED7,getExtraSize,
80285ED8,80285F9B,FUN_80285ed8,
80285F9C,8028612B,FUN_80285f9c,
8028612C,8028612F,initialise,dll_24E.c
80286130,80286133,release,dll_24E.c
80286134,80286247,init,dll_24E.c
80286248,802864E7,update,dll_24E.c
802864E8,802864EB,hitDetect,dll_24E.c
802864EC,80286547,render,dll_24E.c
80286548,802865AB,free,dll_24E.c
802865AC,802865B3,func08,dll_24E.c
802865B4,802865BB,getExtraSize,
802865BC,802865D3,fn_802865BC,
802865D4,802865D7,initialise,openingScene.c
802865D8,802865DB,release,openingScene.c
802865DC,8028666F,init,openingScene.c
80286670,8028693F,update,openingScene.c
80286940,80286943,hitDetect,openingScene.c
80286944,802869E3,render,openingScene.c
802869E4,802869E7,free,openingScene.c
802869E8,802869EF,func08,openingScene.c
802869F0,802869F7,getExtraSize,
802869F8,802873D7,openingSceneFn_802869f8,
802873D8,802873DB,initialise,WMcrystal.c
802873DC,802873DF,release,WMcrystal.c
802873E0,8028774B,init,WMcrystal.c
8028774C,8028842B,update,WMcrystal.c
8028842C,8028842F,hitDetect,WMcrystal.c
80288430,802884BB,render,WMcrystal.c
802884BC,80288553,free,WMcrystal.c
80288554,8028855B,func08,WMcrystal.c
8028855C,80288563,getExtraSize,
80288564,80288BDB,FUN_80288564,
80288BDC,80288BDF,initialise,dll_251.c
80288BE0,80288BE3,release,dll_251.c
80288BE4,80288C2B,init,dll_251.c
80288C2C,80288C2F,update,dll_251.c
80288C30,80288C33,hitDetect,dll_251.c
80288C34,80288CC3,render,dll_251.c
80288CC4,80288CC7,free,dll_251.c
80288CC8,80288CCF,func08,dll_251.c
80288CD0,80288CD7,getExtraSize,
80288CD8,80288CDB,initialise,dll_252.c
80288CDC,80288CDF,release,dll_252.c
80288CE0,80288E13,init,dll_252.c
80288E14,80288F53,update,dll_252.c
80288F54,80288F57,hitDetect,dll_252.c
80288F58,80288FB3,render,dll_252.c
80288FB4,80288FB7,free,dll_252.c
80288FB8,80288FBF,func08,dll_252.c
80288FC0,80288FC7,getExtraSize,
80288FC8,80288FCB,initialise,crawler253.c
80288FCC,80288FCF,release,crawler253.c
80288FD0,80289223,init,crawler253.c
80289224,8028A157,update,crawler253.c
8028A158,8028A1EF,hitDetect,crawler253.c
8028A1F0,8028A2F7,render,crawler253.c
8028A2F8,8028A323,free,crawler253.c
8028A324,8028A32B,func08,crawler253.c
8028A32C,8028A333,getExtraSize,
8028A334,8028A3EB,FUN_8028a334,
8028A3EC,8028A40F,FUN_8028a3ec,
8028A410,8028A483,FUN_8028a410,
8028A484,8028A487,initialise,dll_254.c
8028A488,8028A48B,release,dll_254.c
8028A48C,8028A51F,init,dll_254.c
8028A520,8028AA43,update,dll_254.c
8028AA44,8028AA47,hitDetect,dll_254.c
8028AA48,8028AAEF,render,dll_254.c
8028AAF0,8028AAF3,free,dll_254.c
8028AAF4,8028AAFB,func08,dll_254.c
8028AAFC,8028AB03,getExtraSize,
8028AB04,8028AB07,initialise,dll_255.c
8028AB08,8028AB0B,release,dll_255.c
8028AB0C,8028AB23,init,dll_255.c
8028AB24,8028AB27,update,dll_255.c
8028AB28,8028AB2B,hitDetect,dll_255.c
8028AB2C,8028AB87,render,dll_255.c
8028AB88,8028AB8B,free,dll_255.c
8028AB8C,8028AB93,func08,dll_255.c
8028AB94,8028AB9B,getExtraSize,
8028AB9C,8028AB9F,initialise,dll_256.c
8028ABA0,8028ABA3,release,dll_256.c
8028ABA4,8028ABF7,init,dll_256.c
8028ABF8,8028ABFB,update,dll_256.c
8028ABFC,8028ABFF,hitDetect,dll_256.c
8028AC00,8028AC9F,render,dll_256.c
8028ACA0,8028ACD7,free,dll_256.c
8028ACD8,8028ACDF,func08,dll_256.c
8028ACE0,8028ACE7,getExtraSize,
8028ACE8,8028AF97,FUN_8028ace8,
8028AF98,8028AF9B,initialise,VFlevcontrol.c
8028AF9C,8028AF9F,release,VFlevcontrol.c
8028AFA0,8028B13F,init,VFlevcontrol.c
8028B140,8028B5C3,update,VFlevcontrol.c
8028B5C4,8028B5C7,hitDetect,VFlevcontrol.c
8028B5C8,8028B5CB,render,VFlevcontrol.c
8028B5CC,8028B5F7,free,VFlevcontrol.c
8028B5F8,8028B5FF,func08,VFlevcontrol.c
8028B600,8028B607,getExtraSize,
8028B608,8028B6B7,FUN_8028b608,
8028B6B8,8028B71B,FUN_8028b6b8,
8028B71C,8028B77F,FUN_8028b71c,
8028B780,8028B783,initialise,dll_258.c
8028B784,8028B787,release,dll_258.c
8028B788,8028B7EB,init,dll_258.c
8028B7EC,8028B817,update,dll_258.c
8028B818,8028B81B,hitDetect,dll_258.c
8028B81C,8028B883,render,dll_258.c
8028B884,8028B887,free,dll_258.c
8028B888,8028B88F,func08,dll_258.c
8028B890,8028B897,getExtraSize,
8028B898,8028B89B,initialise,minifire.c
8028B89C,8028B89F,release,minifire.c
8028B8A0,8028B95B,init,minifire.c
8028B95C,8028BD67,update,minifire.c
8028BD68,8028BD6B,hitDetect,minifire.c
8028BD6C,8028BDEF,render,minifire.c
8028BDF0,8028BE27,free,minifire.c
8028BE28,8028BE2F,func08,minifire.c
8028BE30,8028BE37,getExtraSize,
8028BE38,8028BE3B,initialise,dll_25A.c
8028BE3C,8028BE3F,release,dll_25A.c
8028BE40,8028BE7F,init,dll_25A.c
8028BE80,8028BF77,update,dll_25A.c
8028BF78,8028BF7B,hitDetect,dll_25A.c
8028BF7C,8028BF7F,render,dll_25A.c
8028BF80,8028BFB7,free,dll_25A.c
8028BFB8,8028BFBF,func08,dll_25A.c
8028BFC0,8028BFC7,getExtraSize,
8028BFC8,8028BFCB,initialise,statueball.c
8028BFCC,8028BFCF,release,statueball.c
8028BFD0,8028C003,init,statueball.c
8028C004,8028C51B,update,statueball.c
8028C51C,8028C557,hitDetect,statueball.c
8028C558,8028C55B,render,statueball.c
8028C55C,8028C593,free,statueball.c
8028C594,8028C59B,func08,statueball.c
8028C59C,8028C5A3,getExtraSize,
8028C5A4,8028C5A7,initialise,dll_25C.c
8028C5A8,8028C5AB,release,dll_25C.c
8028C5AC,8028C5EB,init,dll_25C.c
8028C5EC,8028C903,update,dll_25C.c
8028C904,8028C907,hitDetect,dll_25C.c
8028C908,8028C90B,render,dll_25C.c
8028C90C,8028C943,free,dll_25C.c
8028C944,8028C94B,func08,dll_25C.c
8028C94C,8028C953,getExtraSize,
8028C954,8028C957,initialise,ladders25D.c
8028C958,8028C95B,release,ladders25D.c
8028C95C,8028C9AF,init,ladders25D.c
8028C9B0,8028CAEF,update,ladders25D.c
8028CAF0,8028CAF3,hitDetect,ladders25D.c
8028CAF4,8028CAF7,render,ladders25D.c
8028CAF8,8028CB2F,free,ladders25D.c
8028CB30,8028CB37,func08,ladders25D.c
8028CB38,8028CB3F,getExtraSize,
8028CB40,8028CC1F,FUN_8028cb40,
8028CC20,8028CC87,fn_8028CC20,
8028CC88,8028CC8B,initialise,lift1.c
8028CC8C,8028CC8F,release,lift1.c
8028CC90,8028CD93,init,lift1.c
8028CD94,8028D383,update,lift1.c
8028D384,8028D387,hitDetect,lift1.c
8028D388,8028D433,render,lift1.c
8028D434,8028D48F,free,lift1.c
8028D490,8028D497,func08,lift1.c
8028D498,8028D49F,getExtraSize,
8028D4A0,8028D933,switchD_8028d5fc_switchD,
8028D934,8028DD1F,switchD_8028d9c0_switchD,
8028DD20,8028DDE3,FUN_8028dd20,
8028DDE4,8028DDEB,fn_8028DDE4,
8028DDEC,8028DDEF,initialise,fireblock.c
8028DDF0,8028DDF3,release,fireblock.c
8028DDF4,8028DE33,init,fireblock.c
8028DE34,8028DFFB,update,fireblock.c
8028DFFC,8028DFFF,hitDetect,fireblock.c
8028E000,8028E003,render,fireblock.c
8028E004,8028E03B,free,fireblock.c
8028E03C,8028E043,func08,fireblock.c
8028E044,8028E04B,getExtraSize,
8028E04C,8028E04F,initialise,platform1.c
8028E050,8028E053,release,platform1.c
8028E054,8028E0D3,init,platform1.c
8028E0D4,8028E63B,update,platform1.c
8028E63C,8028E63F,hitDetect,platform1.c
8028E640,8028E6BF,render,platform1.c
8028E6C0,8028E6F7,free,platform1.c
8028E6F8,8028E6FF,func08,platform1.c
8028E700,8028E707,getExtraSize,
8028E708,8028E9DB,FUN_8028e708,
8028E9DC,8028E9DF,initialise,doorswitch261.c
8028E9E0,8028E9E3,release,doorswitch261.c
8028E9E4,8028EA97,init,doorswitch261.c
8028EA98,8028EADF,update,doorswitch261.c
8028EAE0,8028EAE3,hitDetect,doorswitch261.c
8028EAE4,8028EB6B,render,doorswitch261.c
8028EB6C,8028EBA3,free,doorswitch261.c
8028EBA4,8028EBAB,func08,doorswitch261.c
8028EBAC,8028EBB3,getExtraSize,
8028EBB4,8028ECD7,FUN_8028ebb4,
8028ECD8,8028ED57,FUN_8028ecd8,
8028ED58,8028ED5B,initialise,dll_262.c
8028ED5C,8028ED5F,release,dll_262.c
8028ED60,8028EDE7,init,dll_262.c
8028EDE8,8028F0A3,update,dll_262.c
8028F0A4,8028F0A7,hitDetect,dll_262.c
8028F0A8,8028F147,render,dll_262.c
8028F148,8028F14B,free,dll_262.c
8028F14C,8028F153,func08,dll_262.c
8028F154,8028F15B,getExtraSize,
8028F15C,8028F1B3,FUN_8028f15c,
8028F1B4,8028F1B7,initialise,draghead.c
8028F1B8,8028F1BB,release,draghead.c
8028F1BC,8028F2A7,init,draghead.c
8028F2A8,8028F32F,update,draghead.c
8028F330,8028F333,hitDetect,draghead.c
8028F334,8028F337,render,draghead.c
8028F338,8028F3AB,free,draghead.c
8028F3AC,8028F3B3,func08,draghead.c
8028F3B4,8028F3BB,getExtraSize,
8028F3BC,8028F63F,FUN_8028f3bc,
8028F640,8028F747,FUN_8028f640,
8028F748,8028F7DF,FUN_8028f748,
8028F7E0,8028FA9F,FUN_8028f7e0,
8028FAA0,8028FAA3,initialise,dll_264.c
8028FAA4,8028FAA7,release,dll_264.c
8028FAA8,8028FB5F,init,dll_264.c
8028FB60,8028FB63,update,dll_264.c
8028FB64,8028FB67,hitDetect,dll_264.c
8028FB68,8028FBB3,render,dll_264.c
8028FBB4,8028FBEB,free,dll_264.c
8028FBEC,8028FBF3,func08,dll_264.c
8028FBF4,8028FBFB,getExtraSize,
8028FBFC,8028FC03,fn_8028FBFC,
8028FC04,8028FC07,initialise,dll_265.c
8028FC08,8028FC0B,release,dll_265.c
8028FC0C,8028FC5F,init,dll_265.c
8028FC60,8028FCFF,update,dll_265.c
8028FD00,8028FD3B,hitDetect,dll_265.c
8028FD3C,8028FDAB,render,dll_265.c
8028FDAC,8028FDAF,free,dll_265.c
8028FDB0,8028FDB7,func08,dll_265.c
8028FDB8,8028FDBF,getExtraSize,
8028FDC0,8028FEC7,spellStoneUseFn_801fd270,
8028FEC8,8028FF9F,fn_8028FEC8,
8028FFA0,8028FFA3,initialise,dll_266.c
8028FFA4,8028FFA7,release,dll_266.c
8028FFA8,8029000F,init,dll_266.c
80290010,80290133,update,dll_266.c
80290134,80290137,hitDetect,dll_266.c
80290138,80290203,render,dll_266.c
80290204,8029022F,free,dll_266.c
80290230,80290237,func08,dll_266.c
80290238,8029023F,getExtraSize,dll_266.c
80290240,8029027B,setScale,
8029027C,8029027F,initialise,lavaflow.c
80290280,80290283,release,lavaflow.c
80290284,8029036F,init,lavaflow.c
80290370,80290397,update,lavaflow.c
80290398,8029039B,hitDetect,lavaflow.c
8029039C,80290407,render,lavaflow.c
80290408,8029040B,free,lavaflow.c
8029040C,80290413,func08,lavaflow.c
80290414,8029041B,getExtraSize,
8029041C,80290423,fn_8029041C,
80290424,8029074F,FUN_80290424,
80290750,80290753,initialise,dll_268.c
80290754,80290757,release,dll_268.c
80290758,80290863,init,dll_268.c
80290864,8029093B,update,dll_268.c
8029093C,8029093F,hitDetect,dll_268.c
80290940,80290997,render,dll_268.c
80290998,80290A07,free,dll_268.c
80290A08,80290A0F,func08,dll_268.c
80290A10,80290A17,getExtraSize,
80290A18,80290A1B,initialise,spellStonePlace.c
80290A1C,80290A1F,release,spellStonePlace.c
80290A20,80290AA3,init,spellStonePlace.c
80290AA4,80290B3F,update,spellStonePlace.c
80290B40,80290B43,hitDetect,spellStonePlace.c
80290B44,80290B47,render,spellStonePlace.c
80290B48,80290B4B,free,spellStonePlace.c
80290B4C,80290B53,func08,spellStonePlace.c
80290B54,80290B5B,getExtraSize,
80290B5C,80290C23,spellPlaceFn_80290b5c,
80290C24,80290CEB,spellPlaceFn_80290c24,
80290CEC,80290CEF,initialise,DBrockfall.c
80290CF0,80290CF3,release,DBrockfall.c
80290CF4,80290DEF,init,DBrockfall.c
80290DF0,80291543,update,DBrockfall.c
80291544,80291547,hitDetect,DBrockfall.c
80291548,802915A3,render,DBrockfall.c
802915A4,802915EB,free,DBrockfall.c
802915EC,802915F3,func08,DBrockfall.c
802915F4,802915FB,getExtraSize,
802915FC,802915FF,initialise,rockGenerator.c
80291600,80291603,release,rockGenerator.c
80291604,8029167B,init,rockGenerator.c
8029167C,802917DF,update,rockGenerator.c
802917E0,802917E3,hitDetect,rockGenerator.c
802917E4,8029183F,render,rockGenerator.c
80291840,80291893,free,rockGenerator.c
80291894,8029189B,func08,rockGenerator.c
8029189C,802918A3,getExtraSize,
802918A4,802918A7,initialise,DBpointmum.c
802918A8,802918AB,release,DBpointmum.c
802918AC,80291B7F,init,DBpointmum.c
80291B80,80291C13,update,DBpointmum.c
80291C14,80291C17,hitDetect,DBpointmum.c
80291C18,80291D2B,render,DBpointmum.c
80291D2C,80291D4F,free,DBpointmum.c
80291D50,80291D57,func08,DBpointmum.c
80291D58,80291D5F,getExtraSize,
80291D60,80291E43,fn_80291D60,
80291E44,80292143,menuOperationFn_80291e44,
80292144,8029221F,fn_80292144,
80292220,80292493,fn_80292220,
80292494,80292597,fn_80292494,
80292598,802927C3,fn_80292598,
802927C4,80292987,buttonFn_802927c4,
80292988,80292A73,findNodeFn_80292988,
80292A74,80292C9B,getCurveFn_80292a74,
80292C9C,80292D6B,FUN_80292c9c,
80292D6C,80292DF7,FUN_80292d6c,
80292DF8,8029300B,FUN_80292df8,
8029300C,80293183,FUN_8029300c,
80293184,8029330B,FUN_80293184,
8029330C,8029344B,switchD_80293364_caseD_3,
8029344C,80293553,FUN_8029344c,
80293554,80293557,initialise,dll_26D.c
80293558,8029355B,release,dll_26D.c
8029355C,802935DF,init,dll_26D.c
802935E0,802938A3,update,dll_26D.c
802938A4,802938A7,hitDetect,dll_26D.c
802938A8,80293903,render,dll_26D.c
80293904,80293907,free,dll_26D.c
80293908,8029390F,func08,dll_26D.c
80293910,80293917,getExtraSize,
80293918,80293ACB,fn_80293918,
80293ACC,80293B1F,FUN_80293acc,
80293B20,80293B23,initialise,DBspike.c
80293B24,80293B27,release,DBspike.c
80293B28,80293B9B,init,DBspike.c
80293B9C,80293D93,update,DBspike.c
80293D94,80293DFB,hitDetect,DBspike.c
80293DFC,80293E57,render,DBspike.c
80293E58,80293E5B,free,DBspike.c
80293E5C,80293E63,func08,DBspike.c
80293E64,80293E6B,getExtraSize,
80293E6C,80293E6F,initialise,dll_26F.c
80293E70,80293E73,release,dll_26F.c
80293E74,80293F23,init,dll_26F.c
80293F24,8029411B,update,dll_26F.c
8029411C,8029411F,hitDetect,dll_26F.c
80294120,802941A7,render,dll_26F.c
802941A8,802941D3,free,dll_26F.c
802941D4,802941DB,func08,dll_26F.c
802941DC,802941E3,getExtraSize,
802941E4,80294237,fn_802941E4,
80294238,8029423B,initialise,DBstealerworm.c
8029423C,8029423F,release,DBstealerworm.c
80294240,8029429F,func03,DBstealerworm.c
802942A0,80294F1F,update,DBstealerworm.c
80294F20,8029508B,func05,DBstealerworm.c
8029508C,80295117,func06,DBstealerworm.c
80295118,80295143,func07,DBstealerworm.c
80295144,8029514B,func08,DBstealerworm.c
8029514C,80295153,func09,DBstealerworm.c
80295154,802953B3,FUN_80295154,
802953B4,802955F7,FUN_802953b4,
802955F8,802956A3,FUN_802955f8,
802956A4,80295907,curveEggFn_802956a4,
80295908,80295AFF,dbEggFn_801fe16c,
80295B00,80295B2F,func0A,DBstealerworm.c
80295B30,80295B77,func0B,
80295B78,80295B7B,initialise,dll_271.c
80295B7C,80295B7F,release,dll_271.c
80295B80,80295C1B,init,dll_271.c
80295C1C,80295DAF,update,dll_271.c
80295DB0,80295DB3,hitDetect,dll_271.c
80295DB4,80295DB7,render,dll_271.c
80295DB8,80295DE3,free,dll_271.c
80295DE4,80295DEB,func08,dll_271.c
80295DEC,80295DF3,getExtraSize,
80295DF4,80295DF7,initialise,dll_272.c
80295DF8,80295DFB,release,dll_272.c
80295DFC,80295E93,init,dll_272.c
80295E94,802961E7,update,dll_272.c
802961E8,802961EB,hitDetect,dll_272.c
802961EC,80296277,render,dll_272.c
80296278,802962CF,free,dll_272.c
802962D0,802962D7,func08,dll_272.c
802962D8,802962DF,getExtraSize,
802962E0,802962E3,initialise,dll_273.c
802962E4,802962E7,release,dll_273.c
802962E8,80296513,init,dll_273.c
80296514,8029674F,update,dll_273.c
80296750,80296753,hitDetect,dll_273.c
80296754,802967CB,render,dll_273.c
802967CC,80296833,free,dll_273.c
80296834,8029683B,func08,dll_273.c
8029683C,80296843,getExtraSize,
80296844,802968BF,FUN_80296844,
802968C0,80296A2F,FUN_802968c0,
80296A30,80296A7B,FUN_80296a30,
80296A7C,80296BAB,FUN_80296a7c,
80296BAC,80296CD3,FUN_80296bac,
80296CD4,80296D83,FUN_80296cd4,
80296D84,80296E83,FUN_80296d84,
80296E84,80297003,FUN_80296e84,
80297004,80297007,initialise,dbayMap.c
80297008,8029700B,release,dbayMap.c
8029700C,802971E3,init,dbayMap.c
802971E4,80297403,update,dbayMap.c
80297404,80297407,hitDetect,dbayMap.c
80297408,8029747B,render,dbayMap.c
8029747C,80297513,free,dbayMap.c
80297514,8029751B,func08,dbayMap.c
8029751C,80297523,getExtraSize,dbayMap.c
80297524,80297543,setScale,dbayMap.c
80297544,8029766F,func0B,dbayMap.c
80297670,8029773B,modelMtxFn,dbayMap.c
8029773C,80297B3F,render2,
80297B40,80297BCB,fn_80297B40,
80297BCC,80297C2B,fn_80297BCC,
80297C2C,80297C33,ret0_80297C2C,
80297C34,80297D3B,FUN_80297c34,
80297D3C,80297D3F,initialise,dll_275.c
80297D40,80297D43,release,dll_275.c
80297D44,80297EF7,init,dll_275.c
80297EF8,80297FBF,update,dll_275.c
80297FC0,80297FC3,hitDetect,dll_275.c
80297FC4,8029801F,render,dll_275.c
80298020,80298023,free,dll_275.c
80298024,8029802B,func08,dll_275.c
8029802C,80298033,getExtraSize,
80298034,802981A3,fn_80298034,
802981A4,802982E7,FUN_802981a4,
802982E8,802982EB,nop_802982E8,
802982EC,802982EF,initialise,dll_276.c
802982F0,802982F3,release,dll_276.c
802982F4,8029836F,init,dll_276.c
80298370,80298457,update,dll_276.c
80298458,8029845B,hitDetect,dll_276.c
8029845C,802984CF,render,dll_276.c
802984D0,802984FB,free,dll_276.c
802984FC,80298503,func08,dll_276.c
80298504,8029850B,getExtraSize,
8029850C,8029850F,initialise,dll_277.c
80298510,80298513,release,dll_277.c
80298514,8029876B,init,dll_277.c
8029876C,802989DB,update,dll_277.c
802989DC,80298D07,FUN_802989dc,
80298D08,80298D0B,hitDetect,dll_277.c
80298D0C,80298FCF,render,dll_277.c
80298FD0,80298FFB,free,dll_277.c
80298FFC,80299003,func08,dll_277.c
80299004,8029900B,getExtraSize,
8029900C,802994D7,FUN_8029900c,
802994D8,80299653,FUN_802994d8,
80299654,80299A2B,FUN_80299654,
80299A2C,80299AF7,FUN_80299a2c,
80299AF8,80299BA3,explodeFn_80299af8,
80299BA4,80299BA7,initialise,dll_278.c
80299BA8,80299BAB,release,dll_278.c
80299BAC,80299C17,init,dll_278.c
80299C18,80299C37,update,dll_278.c
80299C38,80299C3B,hitDetect,dll_278.c
80299C3C,80299CBF,render,dll_278.c
80299CC0,80299CEB,free,dll_278.c
80299CEC,80299CF3,func08,dll_278.c
80299CF4,80299CFB,getExtraSize,
80299CFC,80299CFF,initialise,dbayExp.c
80299D00,80299D03,release,dbayExp.c
80299D04,80299E7B,init,dbayExp.c
80299E7C,8029A007,update,dbayExp.c
8029A008,8029A00B,hitDetect,dbayExp.c
8029A00C,8029A0C3,render,dbayExp.c
8029A0C4,8029A117,free,dbayExp.c
8029A118,8029A11F,func08,dbayExp.c
8029A120,8029A127,getExtraSize,
8029A128,8029A5A7,addVtxFn_8029a128,
8029A5A8,8029A677,FUN_8029a5a8,
8029A678,8029A67B,initialise,DBwaterflow.c
8029A67C,8029A67F,release,DBwaterflow.c
8029A680,8029A743,init,DBwaterflow.c
8029A744,8029ABBB,update,DBwaterflow.c
8029ABBC,8029ABBF,hitDetect,DBwaterflow.c
8029ABC0,8029AC3F,render,DBwaterflow.c
8029AC40,8029AC43,free,DBwaterflow.c
8029AC44,8029AC4B,func08,DBwaterflow.c
8029AC4C,8029AC53,getExtraSize,
8029AC54,8029AD3F,FUN_8029ac54,
8029AD40,8029AE0B,FUN_8029ad40,
8029AE0C,8029AE0F,initialise,dll_27B.c
8029AE10,8029AE13,release,dll_27B.c
8029AE14,8029AF03,init,dll_27B.c
8029AF04,8029AFD7,update,dll_27B.c
8029AFD8,8029AFDB,hitDetect,dll_27B.c
8029AFDC,8029B097,render,dll_27B.c
8029B098,8029B09B,free,dll_27B.c
8029B09C,8029B0A3,func08,dll_27B.c
8029B0A4,8029B0AB,getExtraSize,
8029B0AC,8029B203,fn_8029B0AC,
8029B204,8029B397,eggFn_8029b204,
8029B398,8029B39B,initialise,dll_27C.c
8029B39C,8029B39F,release,dll_27C.c
8029B3A0,8029B47F,init,dll_27C.c
8029B480,8029B63B,update,dll_27C.c
8029B63C,8029B6BF,hitDetect,dll_27C.c
8029B6C0,8029B71B,render,dll_27C.c
8029B71C,8029B71F,free,dll_27C.c
8029B720,8029B727,func08,dll_27C.c
8029B728,8029B72F,getExtraSize,
8029B730,8029B733,initialise,dll_27D.c
8029B734,8029B737,release,dll_27D.c
8029B738,8029B7FB,init,dll_27D.c
8029B7FC,8029BC8B,update,dll_27D.c
8029BC8C,8029BC8F,hitDetect,dll_27D.c
8029BC90,8029BCEB,render,dll_27D.c
8029BCEC,8029BCEF,free,dll_27D.c
8029BCF0,8029BCF7,func08,dll_27D.c
8029BCF8,8029BCFF,getExtraSize,
8029BD00,8029BDEB,FUN_8029bd00,
8029BDEC,8029BEA3,FUN_8029bdec,
8029BEA4,8029BEC7,FUN_8029bea4,
8029BEC8,8029BECB,initialise,dll_27E.c
8029BECC,8029BECF,release,dll_27E.c
8029BED0,8029BFAB,init,dll_27E.c
8029BFAC,8029C26B,update,dll_27E.c
8029C26C,8029C26F,hitDetect,dll_27E.c
8029C270,8029C2CB,render,dll_27E.c
8029C2CC,8029C2CF,free,dll_27E.c
8029C2D0,8029C2D7,func08,dll_27E.c
8029C2D8,8029C2DF,getExtraSize,
8029C2E0,8029C2E3,initialise,DBlightgo.c
8029C2E4,8029C2E7,release,DBlightgo.c
8029C2E8,8029C3FB,init,DBlightgo.c
8029C3FC,8029C94F,update,DBlightgo.c
8029C950,8029C953,hitDetect,DBlightgo.c
8029C954,8029C9FF,render,DBlightgo.c
8029CA00,8029CA2B,free,DBlightgo.c
8029CA2C,8029CA33,func08,DBlightgo.c
8029CA34,8029CA3B,getExtraSize,DBlightgo.c
8029CA3C,8029CADB,setScale,DBlightgo.c
8029CADC,8029CB13,func0B,DBlightgo.c
8029CB14,8029CB3B,modelMtxFn,
8029CB3C,8029CBCB,FUN_8029cb3c,
8029CBCC,8029CCBB,FUN_8029cbcc,
8029CCBC,8029CCEB,FUN_8029ccbc,
8029CCEC,8029CD1B,FUN_8029ccec,
8029CD1C,8029CD6F,FUN_8029cd1c,
8029CD70,8029CF07,FUN_8029cd70,
8029CF08,8029CFAF,FUN_8029cf08,
8029CFB0,8029CFB3,initialise,dll_280.c
8029CFB4,8029CFB7,release,dll_280.c
8029CFB8,8029CFE7,init,dll_280.c
8029CFE8,8029D163,update,dll_280.c
8029D164,8029D167,hitDetect,dll_280.c
8029D168,8029D1C3,render,dll_280.c
8029D1C4,8029D1C7,free,dll_280.c
8029D1C8,8029D1CF,func08,dll_280.c
8029D1D0,8029D1D7,getExtraSize,
8029D1D8,8029D297,FUN_8029d1d8,
8029D298,8029D357,FUN_8029d298,
8029D358,8029D35B,initialise,DBshooter.c
8029D35C,8029D35F,release,DBshooter.c
8029D360,8029D463,init,DBshooter.c
8029D464,8029D727,update,DBshooter.c
8029D728,8029D8CF,hitDetect,DBshooter.c
8029D8D0,8029D943,render,DBshooter.c
8029D944,8029D9E3,free,DBshooter.c
8029D9E4,8029D9EB,func08,DBshooter.c
8029D9EC,8029D9F3,getExtraSize,DBshooter.c
8029D9F4,8029DA2F,setScale,DBshooter.c
8029DA30,8029DA5F,func0B,
8029DA60,8029DBC3,FUN_8029da60,
8029DBC4,8029DC57,FUN_8029dbc4,
8029DC58,8029DCD3,FUN_8029dc58,
8029DCD4,8029DD2B,FUN_8029dcd4,
8029DD2C,8029DE23,FUN_8029dd2c,
8029DE24,8029DEC7,FUN_8029de24,
8029DEC8,8029DECB,initialise,DBbullet.c
8029DECC,8029DECF,release,DBbullet.c
8029DED0,8029DFEB,init,DBbullet.c
8029DFEC,8029E123,update,DBbullet.c
8029E124,8029E127,hitDetect,DBbullet.c
8029E128,8029E19B,render,DBbullet.c
8029E19C,8029E1EF,free,DBbullet.c
8029E1F0,8029E1F7,func08,DBbullet.c
8029E1F8,8029E1FF,getExtraSize,DBbullet.c
8029E200,8029E22F,setScale,DBbullet.c
8029E230,8029E51F,func0B,DBbullet.c
8029E520,8029E56B,modelMtxFn,DBbullet.c
8029E56C,8029E597,render2,
8029E598,8029E707,FUN_8029e598,
8029E708,8029E793,FUN_8029e708,
8029E794,8029E80F,FUN_8029e794,
8029E810,8029E813,initialise,DBprotection.c
8029E814,8029E817,release,DBprotection.c
8029E818,8029E8CB,init,DBprotection.c
8029E8CC,8029E8CF,update,DBprotection.c
8029E8D0,8029EAC3,hitDetect,DBprotection.c
8029EAC4,8029EB37,render,DBprotection.c
8029EB38,8029EB3B,free,DBprotection.c
8029EB3C,8029EB43,func08,DBprotection.c
8029EB44,8029EB4B,getExtraSize,
8029EB4C,8029EB4F,initialise,killbot.c
8029EB50,8029EB53,release,killbot.c
8029EB54,8029EBCF,init,killbot.c
8029EBD0,8029F333,update,killbot.c
8029F334,8029F3BB,hitDetect,killbot.c
8029F3BC,8029F3BF,render,killbot.c
8029F3C0,8029F3C3,free,killbot.c
8029F3C4,8029F3CB,func08,killbot.c
8029F3CC,8029F3D3,getExtraSize,
8029F3D4,8029F52B,FUN_8029f3d4,
8029F52C,8029F587,FUN_8029f52c,
8029F588,8029F633,FUN_8029f588,
8029F634,8029F637,initialise,dll_285.c
8029F638,8029F63B,release,dll_285.c
8029F63C,8029F67F,init,dll_285.c
8029F680,8029F683,update,dll_285.c
8029F684,8029F70B,hitDetect,dll_285.c
8029F70C,8029F777,render,dll_285.c
8029F778,8029F77B,free,dll_285.c
8029F77C,8029F783,func08,dll_285.c
8029F784,8029F78B,getExtraSize,
8029F78C,8029F78F,initialise,DBdustgeezer.c
8029F790,8029F793,release,DBdustgeezer.c
8029F794,8029F86F,init,DBdustgeezer.c
8029F870,8029FBB3,update,DBdustgeezer.c
8029FBB4,8029FBB7,hitDetect,DBdustgeezer.c
8029FBB8,8029FC2B,render,DBdustgeezer.c
8029FC2C,8029FC9F,free,DBdustgeezer.c
8029FCA0,8029FCA7,func08,DBdustgeezer.c
8029FCA8,8029FCAF,getExtraSize,DBdustgeezer.c
8029FCB0,8029FD57,setScale,DBdustgeezer.c
8029FD58,8029FD87,func0B,DBdustgeezer.c
8029FD88,8029FD8F,modelMtxFn,
8029FD90,8029FE3F,FUN_8029fd90,
8029FE40,8029FEAB,FUN_8029fe40,
8029FEAC,8029FEAF,initialise,DBbonedust.c
8029FEB0,8029FEB3,release,DBbonedust.c
8029FEB4,8029FF33,init,DBbonedust.c
8029FF34,802A0253,update,DBbonedust.c
802A0254,802A0257,hitDetect,DBbonedust.c
802A0258,802A02CB,render,DBbonedust.c
802A02CC,802A02CF,free,DBbonedust.c
802A02D0,802A02D7,func08,DBbonedust.c
802A02D8,802A02DF,getExtraSize,DBbonedust.c
802A02E0,802A030F,setScale,DBbonedust.c
802A0310,802A0393,func0B,
802A0394,802A0397,initialise,DBkillboulder.c
802A0398,802A039B,release,DBkillboulder.c
802A039C,802A04E7,init,DBkillboulder.c
802A04E8,802A0ABF,update,DBkillboulder.c
802A0AC0,802A0AC3,hitDetect,DBkillboulder.c
802A0AC4,802A0B27,render,DBkillboulder.c
802A0B28,802A0B53,free,DBkillboulder.c
802A0B54,802A0B5B,func08,DBkillboulder.c
802A0B5C,802A0B63,getExtraSize,DBkillboulder.c
802A0B64,802A0BD3,setScale,DBkillboulder.c
802A0BD4,802A0C0B,func0B,DBkillboulder.c
802A0C0C,802A0C2F,modelMtxFn,DBkillboulder.c
802A0C30,802A0C5B,render2,DBkillboulder.c
802A0C5C,802A0D73,func0E,
802A0D74,802A0D77,initialise,dll_289.c
802A0D78,802A0D7B,release,dll_289.c
802A0D7C,802A0E63,init,dll_289.c
802A0E64,802A0E67,update,dll_289.c
802A0E68,802A0E6B,hitDetect,dll_289.c
802A0E6C,802A0EC7,render,dll_289.c
802A0EC8,802A0ECB,free,dll_289.c
802A0ECC,802A0ED3,func08,dll_289.c
802A0ED4,802A0EDB,getExtraSize,
802A0EDC,802A0F3F,FUN_802a0edc,
802A0F40,802A0F63,FUN_802a0f40,
802A0F64,802A0F83,initialise,snowWorm.c
802A0F84,802A0F87,release,snowWorm.c
802A0F88,802A112F,init,snowWorm.c
802A1130,802A1303,update,snowWorm.c
802A1304,802A134F,hitDetect,snowWorm.c
802A1350,802A1583,render,snowWorm.c
802A1584,802A1603,free,snowWorm.c
802A1604,802A160B,func08,snowWorm.c
802A160C,802A1613,getExtraSize,snowWorm.c
802A1614,802A1633,setScale,snowWorm.c
802A1634,802A1733,func0B,
802A1734,802A197B,hitByShitFn_802a1734,
802A197C,802A1A5B,FUN_802a197c,
802A1A5C,802A1CC7,FUN_802a1a5c,
802A1CC8,802A1DAB,FUN_802a1cc8,
802A1DAC,802A1EF3,fireProjectileAtPlayer_802a1dac,
802A1EF4,802A1F67,FUN_802a1ef4,
802A1F68,802A20E7,FUN_802a1f68,
802A20E8,802A224F,FUN_802a20e8,
802A2250,802A24D7,objAvoidFn_802a2250,
802A24D8,802A2543,FUN_802a24d8,
802A2544,802A2607,FUN_802a2544,
802A2608,802A26B3,FUN_802a2608,
802A26B4,802A272B,FUN_802a26b4,
802A272C,802A2853,printFn_802a272c,
802A2854,802A2A37,fn_802A2854,
802A2A38,802A2C07,DBStealerWorm_burstIntoGround,
802A2C08,802A2DCF,fn_802A2C08,
802A2DD0,802A2E8B,fn_802A2DD0,
802A2E8C,802A2FBB,DBStealerWorm_standAndSpit,
802A2FBC,802A316B,DBstealerworm_newState_hitFightMain,
802A316C,802A3347,DBStealerWorm_fightDie,
802A3348,802A3663,fn_802A3348,
802A3664,802A3943,fn_802A3664,
802A3944,802A3AC3,newState_pickUpObject_802a3944,
802A3AC4,802A3C6B,fn_802A3AC4,
802A3C6C,802A3F0B,fn_802A3C6C,
802A3F0C,802A41FF,fn_802A3F0C,
802A4200,802A43E3,fn_802A4200,
802A43E4,802A450F,DBstealerworm_newState_catchingEgg,
802A4510,802A470B,fn_802A4510,
802A470C,802A479B,fn_802A470C,
802A479C,802A4837,fn_802A479C,
802A4838,802A4907,fn_802A4838,
802A4908,802A498F,fn_802A4908,
802A4990,802A4A27,fn_802A4990,
802A4A28,802A4C47,fn_802A4A28,
802A4C48,802A4ECF,fn_802A4C48,
802A4ED0,802A4F17,FUN_802a4ed0,
802A4F18,802A4F5F,FUN_802a4f18,
802A4F60,802A4FBB,FUN_802a4f60,
802A4FBC,802A501F,FUN_802a4fbc,
802A5020,802A506F,FUN_802a5020,
802A5070,802A50EB,FUN_802a5070,
802A50EC,802A521B,FUN_802a50ec,
802A521C,802A521F,initialise,dll_28B.c
802A5220,802A5223,release,dll_28B.c
802A5224,802A5303,init,dll_28B.c
802A5304,802A553B,update,dll_28B.c
802A553C,802A553F,hitDetect,dll_28B.c
802A5540,802A566F,render,dll_28B.c
802A5670,802A569B,free,dll_28B.c
802A569C,802A56A3,func08,dll_28B.c
802A56A4,802A56AB,getExtraSize,
802A56AC,802A57CF,FUN_802a56ac,
802A57D0,802A57D3,initialise,useobj28C.c
802A57D4,802A57D7,release,useobj28C.c
802A57D8,802A593F,init,useobj28C.c
802A5940,802A5A3B,update,useobj28C.c
802A5A3C,802A5A87,hitDetect,useobj28C.c
802A5A88,802A5BFB,render,useobj28C.c
802A5BFC,802A5C97,free,useobj28C.c
802A5C98,802A5C9F,func08,useobj28C.c
802A5CA0,802A5CA7,getExtraSize,
802A5CA8,802A5E97,seqFn,
802A5E98,802A5F3F,FUN_802a5e98,
802A5F40,802A5FCB,FUN_802a5f40,
802A5FCC,802A5FCF,initialise,dll_28D.c
802A5FD0,802A5FD3,release,dll_28D.c
802A5FD4,802A6017,init,dll_28D.c
802A6018,802A601B,update,dll_28D.c
802A601C,802A601F,hitDetect,dll_28D.c
802A6020,802A613B,render,dll_28D.c
802A613C,802A613F,free,dll_28D.c
802A6140,802A6147,func08,dll_28D.c
802A6148,802A614F,getExtraSize,
802A6150,802A6153,initialise,dll_28E.c
802A6154,802A6157,release,dll_28E.c
802A6158,802A61CF,init,dll_28E.c
802A61D0,802A62AF,update,dll_28E.c
802A62B0,802A62B3,hitDetect,dll_28E.c
802A62B4,802A630F,render,dll_28E.c
802A6310,802A634F,free,dll_28E.c
802A6350,802A6357,func08,dll_28E.c
802A6358,802A635F,getExtraSize,
802A6360,802A6607,fn_802A6360,
802A6608,802A66E3,FUN_802a6608,
802A66E4,802A674F,freeEggsFn_802a66e4,
802A6750,802A6753,initialise,dll_290.c
802A6754,802A6757,release,dll_290.c
802A6758,802A676B,init,dll_290.c
802A676C,802A677F,update,dll_290.c
802A6780,802A6783,hitDetect,dll_290.c
802A6784,802A6893,render,dll_290.c
802A6894,802A6897,free,dll_290.c
802A6898,802A689F,func08,dll_290.c
802A68A0,802A68A7,getExtraSize,dll_290.c
802A68A8,802A692B,setScale,dll_290.c
802A692C,802A6947,func0B,
802A6948,802A694B,initialise,dll_291.c
802A694C,802A694F,release,dll_291.c
802A6950,802A6963,init,dll_291.c
802A6964,802A6977,update,dll_291.c
802A6978,802A697B,hitDetect,dll_291.c
802A697C,802A697F,render,dll_291.c
802A6980,802A6983,free,dll_291.c
802A6984,802A698B,func08,dll_291.c
802A698C,802A6993,getExtraSize,dll_291.c
802A6994,802A6A17,setScale,dll_291.c
802A6A18,802A6A33,func0B,
802A6A34,802A6A37,initialise,dll_28F.c
802A6A38,802A6A3B,release,dll_28F.c
802A6A3C,802A6A5B,init,dll_28F.c
802A6A5C,802A6A6F,update,dll_28F.c
802A6A70,802A6A73,hitDetect,dll_28F.c
802A6A74,802A6ACF,render,dll_28F.c
802A6AD0,802A6AD3,free,dll_28F.c
802A6AD4,802A6ADB,func08,dll_28F.c
802A6ADC,802A6AE3,getExtraSize,dll_28F.c
802A6AE4,802A6B63,setScale,
802A6B64,802A6B67,initialise,dll_292.c
802A6B68,802A6B6B,release,dll_292.c
802A6B6C,802A6B6F,init,dll_292.c
802A6B70,802A6B73,update,dll_292.c
802A6B74,802A6B77,hitDetect,dll_292.c
802A6B78,802A6B7B,render,dll_292.c
802A6B7C,802A6BB3,free,dll_292.c
802A6BB4,802A6BBB,func08,dll_292.c
802A6BBC,802A6BC3,getExtraSize,
802A6BC4,802A6BC7,initialise,dll_293.c
802A6BC8,802A6BCB,release,dll_293.c
802A6BCC,802A6C47,init,dll_293.c
802A6C48,802A6C7B,update,dll_293.c
802A6C7C,802A6C7F,hitDetect,dll_293.c
802A6C80,802A6C83,render,dll_293.c
802A6C84,802A6C87,free,dll_293.c
802A6C88,802A6C8F,func08,dll_293.c
802A6C90,802A6C97,getExtraSize,
802A6C98,802A6D4F,FUN_802a6c98,
802A6D50,802A6D6F,initialise,dll_294.c
802A6D70,802A6D73,release,dll_294.c
802A6D74,802A6E33,init,dll_294.c
802A6E34,802A6E47,update,dll_294.c
802A6E48,802A6E4B,hitDetect,dll_294.c
802A6E4C,802A6FA7,render,dll_294.c
802A6FA8,802A6FD3,free,dll_294.c
802A6FD4,802A6FDB,func08,dll_294.c
802A6FDC,802A6FE3,getExtraSize,
802A6FE4,802A704B,FUN_802a6fe4,
802A704C,802A70EF,FUN_802a704c,
802A70F0,802A71DB,FUN_802a70f0,
802A71DC,802A72B7,FUN_802a71dc,
802A72B8,802A734B,FUN_802a72b8,
802A734C,802A73EF,FUN_802a734c,
802A73F0,802A742B,FUN_802a73f0,
802A742C,802A742F,initialise,BOSSdrakor_laser.c
802A7430,802A7433,release,BOSSdrakor_laser.c
802A7434,802A744B,init,BOSSdrakor_laser.c
802A744C,802A75CB,update,BOSSdrakor_laser.c
802A75CC,802A75CF,hitDetect,BOSSdrakor_laser.c
802A75D0,802A75D3,render,BOSSdrakor_laser.c
802A75D4,802A762B,free,BOSSdrakor_laser.c
802A762C,802A7633,func08,BOSSdrakor_laser.c
802A7634,802A763B,getExtraSize,BOSSdrakor_laser.c
802A763C,802A7773,setScale,
802A7774,802A7A7B,FUN_802a7774,
802A7A7C,802A7A7F,initialise,dll_296.c
802A7A80,802A7A83,release,dll_296.c
802A7A84,802A7A97,init,dll_296.c
802A7A98,802A7AAB,update,dll_296.c
802A7AAC,802A7AAF,hitDetect,dll_296.c
802A7AB0,802A7AB3,render,dll_296.c
802A7AB4,802A7AB7,free,dll_296.c
802A7AB8,802A7ABF,func08,dll_296.c
802A7AC0,802A7AC7,getExtraSize,
802A7AC8,802A7ACB,initialise,dll_297.c
802A7ACC,802A7ACF,release,dll_297.c
802A7AD0,802A7AE7,init,dll_297.c
802A7AE8,802A7B5F,update,dll_297.c
802A7B60,802A7B63,hitDetect,dll_297.c
802A7B64,802A7B67,render,dll_297.c
802A7B68,802A7B6B,free,dll_297.c
802A7B6C,802A7B73,func08,dll_297.c
802A7B74,802A7B7B,getExtraSize,
802A7B7C,802A7B7F,initialise,dll_214.c
802A7B80,802A7D0F,init,dll_214.c
802A7D10,802A7E7B,dll_WORLDAsteroids_update,dll_214.c
802A7E7C,802A7E7F,hitDetect,dll_214.c
802A7E80,802A7EDB,render,dll_214.c
802A7EDC,802A7EDF,free,dll_214.c
802A7EE0,802A7EE7,func08,dll_214.c
802A7EE8,802A7EEF,getExtraSize,
802A7EF0,802A7EF3,initialise,WORLDplanet.c
802A7EF4,802A7EF7,release,WORLDplanet.c
802A7EF8,802A7FC3,init,WORLDplanet.c
802A7FC4,802A81C7,FUN_802a7fc4,
802A81C8,802A8E0B,update,WORLDplanet.c
802A8E0C,802A8E0F,hitDetect,WORLDplanet.c
802A8E10,802A8E6B,render,WORLDplanet.c
802A8E6C,802A8E6F,free,WORLDplanet.c
802A8E70,802A8E77,func08,WORLDplanet.c
802A8E78,802A8E7F,getExtraSize,
802A8E80,802A8F23,WORLDplanet_spawnComet,
802A8F24,802A8F27,initialise,dll_213.c
802A8F28,802A8F2B,release,dll_213.c
802A8F2C,802A90B3,init,dll_213.c
802A90B4,802A9677,update,dll_213.c
802A9678,802A967B,hitDetect,dll_213.c
802A967C,802A97A7,render,dll_213.c
802A97A8,802A97AB,free,dll_213.c
802A97AC,802A97DB,func08,dll_213.c
802A97DC,802A97E3,getExtraSize,
802A97E4,802A9877,FUN_802a97e4,
802A9878,802A99AB,FUN_802a9878,
802A99AC,802A99AF,initialise,CRsnowClaw.c
802A99B0,802A99B3,release,CRsnowClaw.c
802A99B4,802A9A67,init,CRsnowClaw.c
802A9A68,802A9D1F,update,CRsnowClaw.c
802A9D20,802A9FAB,hitDetect,CRsnowClaw.c
802A9FAC,802AA17B,render,CRsnowClaw.c
802AA17C,802AA17F,free,CRsnowClaw.c
802AA180,802AA187,func08,CRsnowClaw.c
802AA188,802AA18F,getExtraSize,
802AA190,802AA413,switchD_802aa20c_caseD_5,
802AA414,802AA563,FUN_802aa414,
802AA564,802AA687,FUN_802aa564,
802AA688,802AA6B3,FUN_802aa688,
802AA6B4,802AA817,FUN_802aa6b4,CRsnowclaw.c
802AA818,802AA81B,initialise,dll_2A4.c
802AA81C,802AA81F,release,dll_2A4.c
802AA820,802AA84B,init,dll_2A4.c
802AA84C,802AA893,update,dll_2A4.c
802AA894,802AA897,hitDetect,dll_2A4.c
802AA898,802AA8F3,render,dll_2A4.c
802AA8F4,802AA8F7,free,dll_2A4.c
802AA8F8,802AA8FF,func08,dll_2A4.c
802AA900,802AA907,getExtraSize,
802AA908,802AA92F,FUN_802aa908,
802AA930,802AAA4B,FUN_802aa930,
802AAA4C,802AABAB,FUN_802aaa4c,
802AABAC,802AABAF,initialise,dll_2A5.c
802AABB0,802AABB3,release,dll_2A5.c
802AABB4,802AABFF,init,dll_2A5.c
802AAC00,802AAD33,update,dll_2A5.c
802AAD34,802AAD37,hitDetect,dll_2A5.c
802AAD38,802AADAB,render,dll_2A5.c
802AADAC,802AADD7,free,dll_2A5.c
802AADD8,802AADDF,func08,dll_2A5.c
802AADE0,802AADE7,getExtraSize,dll_2A5.c
802AADE8,802AAE37,setScale,dll_2A5.c
802AAE38,802AAE67,func0B,
802AAE68,802AAE6F,fn_802AAE68,
802AAE70,802AAE73,initialise,CRfueltank.c
802AAE74,802AAE77,release,CRfueltank.c
802AAE78,802AAF23,init,CRfueltank.c
802AAF24,802AB007,update,CRfueltank.c
802AB008,802AB0B3,hitDetect,CRfueltank.c
802AB0B4,802AB0B7,render,CRfueltank.c
802AB0B8,802AB0BB,free,CRfueltank.c
802AB0BC,802AB0C3,func08,CRfueltank.c
802AB0C4,802AB0CB,getExtraSize,
802AB0CC,802AB0CF,initialise,zBomb02A7.c
802AB0D0,802AB0D3,release,zBomb02A7.c
802AB0D4,802AB1EF,init,zBomb02A7.c
802AB1F0,802AB4EF,update,zBomb02A7.c
802AB4F0,802AB54F,hitDetect,zBomb02A7.c
802AB550,802AB68F,render,zBomb02A7.c
802AB690,802AB6F7,free,zBomb02A7.c
802AB6F8,802AB6FF,func08,zBomb02A7.c
802AB700,802AB707,getExtraSize,
802AB708,802AB777,FUN_802ab708,
802AB778,802AB86B,FUN_802ab778,
802AB86C,802AB913,CRdropbombsFn_802ab86c,CRdropbombs.c
802AB914,802AB917,initialise,TREX_levelcontrol.c
802AB918,802AB91B,release,TREX_levelcontrol.c
802AB91C,802ABA53,init,TREX_levelcontrol.c
802ABA54,802ABBC3,update,TREX_levelcontrol.c
802ABBC4,802ABBC7,hitDetect,TREX_levelcontrol.c
802ABBC8,802ABC23,render,TREX_levelcontrol.c
802ABC24,802ABCA3,free,TREX_levelcontrol.c
802ABCA4,802ABCAB,func08,TREX_levelcontrol.c
802ABCAC,802ABCB3,getExtraSize,
802ABCB4,802ABCD3,initialise,TREX_trex.c
802ABCD4,802ABCD7,release,TREX_trex.c
802ABCD8,802ABFBF,init,TREX_trex.c
802ABFC0,802AC1D7,update,TREX_trex.c
802AC1D8,802AC1DB,hitDetect,TREX_trex.c
802AC1DC,802AC463,render,TREX_trex.c
802AC464,802AC4F3,free,TREX_trex.c
802AC4F4,802AC4FB,func08,TREX_trex.c
802AC4FC,802AC503,getExtraSize,TREX_trex.c
802AC504,802AC527,setScale,TREX_trex.c
802AC528,802AC52B,func0B,
802AC52C,802AC58F,FUN_802ac52c,
802AC590,802AC5AF,FUN_802ac590,
802AC5B0,802AC677,FUN_802ac5b0,
802AC678,802AC6F3,FUN_802ac678,
802AC6F4,802AC74B,trexFn_802ac6f4,
802AC74C,802AC797,FUN_802ac74c,
802AC798,802AC883,FUN_802ac798,
802AC884,802ACA67,FUN_802ac884,
802ACA68,802ACB53,fn_802ACA68,
802ACB54,802AD49B,FUN_802acb54,
802AD49C,802AD4E7,FUN_802ad49c,
802AD4E8,802AD907,FUN_802ad4e8,
802AD908,802AD983,trexAiState_standMode,
802AD984,802ADB07,trexAiState_moveMode,
802ADB08,802ADD3B,trexAiState_turnCornerMode,
802ADD3C,802ADE6B,trexAiState_turnAroundMode,
802ADE6C,802ADF4B,trexAiState_roarMode,
802ADF4C,802ADFF3,trexAiState_exhaleMode,
802ADFF4,802AE097,trexAiState_electrocuteMode,
802AE098,802AE12B,trexAiState_dazedMode,
802AE12C,802AE1B3,trexAiState_getupMode,
802AE1B4,802AE1E3,trexAiState_error,
802AE1E4,802AE293,trexAiState_aiIamDying,
802AE294,802AE513,trexAiState_aiInactiveWalk,
802AE514,802AE5C3,trexAiState_aiTurnCorner,
802AE5C4,802AE6DB,trexAiState_aiMediumRoarAtPlayer,
802AE6DC,802AE7EF,trexAiState_aiMediumChargeAtPlayer,
802AE7F0,802AE88B,trexAiState_aiExhale,
802AE88C,802AE92F,trexAiState_aiElectrocuted,
802AE930,802AEA97,trexAiState_aiDazed,
802AEA98,802AEB9B,trexAiState_aiGetUp,
802AEB9C,802AED9B,trexAiState_aiChargeCircuit,
802AED9C,802AEF2B,trexAiState_aiTurnAround,
802AEF2C,802AF043,trexInitFuncPtrs_802aef2c,
802AF044,802AF047,initialise,dll_29A.c
802AF048,802AF04B,release,dll_29A.c
802AF04C,802AF0C3,init,dll_29A.c
802AF0C4,802AF727,update,dll_29A.c
802AF728,802AF72B,hitDetect,dll_29A.c
802AF72C,802AF797,render,dll_29A.c
802AF798,802AF79B,free,dll_29A.c
802AF79C,802AF7A3,func08,dll_29A.c
802AF7A4,802AF7AB,getExtraSize,
802AF7AC,802AF85B,FUN_802af7ac,
802AF85C,802AF85F,initialise,TREX_Lazerwall.c
802AF860,802AF863,release,TREX_Lazerwall.c
802AF864,802AF8C3,init,TREX_Lazerwall.c
802AF8C4,802AFD2F,update,TREX_Lazerwall.c
802AFD30,802AFD33,hitDetect,TREX_Lazerwall.c
802AFD34,802AFD9B,render,TREX_Lazerwall.c
802AFD9C,802AFDE3,free,TREX_Lazerwall.c
802AFDE4,802AFDEB,func08,TREX_Lazerwall.c
802AFDEC,802AFDF3,getExtraSize,
802AFDF4,802AFDF7,initialise,dll_29C.c
802AFDF8,802AFDFB,release,dll_29C.c
802AFDFC,802AFE23,init,dll_29C.c
802AFE24,802AFE3F,update,dll_29C.c
802AFE40,802AFE43,hitDetect,dll_29C.c
802AFE44,802AFEAB,render,dll_29C.c
802AFEAC,802AFF0F,free,dll_29C.c
802AFF10,802AFF17,func08,dll_29C.c
802AFF18,802AFF1F,getExtraSize,
802AFF20,802AFF23,initialise,dll_29D.c
802AFF24,802AFF27,release,dll_29D.c
802AFF28,802AFF33,init,dll_29D.c
802AFF34,802B004F,update,dll_29D.c
802B0050,802B0053,hitDetect,dll_29D.c
802B0054,802B00BB,render,dll_29D.c
802B00BC,802B00F3,free,dll_29D.c
802B00F4,802B00FB,func08,dll_29D.c
802B00FC,802B0103,getExtraSize,
802B0104,802B0107,initialise,DRlaserturret.c
802B0108,802B010B,release,DRlaserturret.c
802B010C,802B01F3,init,DRlaserturret.c
802B01F4,802B05BF,update,DRlaserturret.c
802B05C0,802B073F,hitDetect,DRlaserturret.c
802B0740,802B07C3,render,DRlaserturret.c
802B07C4,802B0843,free,DRlaserturret.c
802B0844,802B084B,func08,DRlaserturret.c
802B084C,802B0853,getExtraSize,
802B0854,802B0957,dTimeFn_802b0854,
802B0958,802B0C17,FUN_802b0958,
802B0C18,802B0D0B,FUN_802b0c18,
802B0D0C,802B0DAF,FUN_802b0d0c,
802B0DB0,802B0E2B,FUN_802b0db0,
802B0E2C,802B0E2F,initialise,DRpushcart.c
802B0E30,802B0E33,release,DRpushcart.c
802B0E34,802B0F07,init,DRpushcart.c
802B0F08,802B13FF,update,DRpushcart.c
802B1400,802B148F,hitDetect,DRpushcart.c
802B1490,802B170B,render,DRpushcart.c
802B170C,802B1773,free,DRpushcart.c
802B1774,802B177B,func08,DRpushcart.c
802B177C,802B1783,getExtraSize,DRpushcart.c
802B1784,802B1883,setScale,
802B1884,802B190F,FUN_802b1884,
802B1910,802B1CF7,switchD_802b1964_switchD,
802B1CF8,802B1DA7,FUN_802b1cf8,
802B1DA8,802B1E57,FUN_802b1da8,
802B1E58,802B1ECF,FUN_802b1e58,
802B1ED0,802B1F77,FUN_802b1ed0,
802B1F78,802B21CB,FUN_802b1f78,
802B21CC,802B28FF,curveFn_800da23c,
802B2900,802B29F3,FUN_802b2900,
802B29F4,802B2AE7,FUN_802b29f4,
802B2AE8,802B2FA7,dll_RomCurve_func39,
802B2FA8,802B3093,FUN_802b2fa8,
802B3094,802B3097,initialise,DRbullet.c
802B3098,802B309B,release,DRbullet.c
802B309C,802B3187,init,DRbullet.c
802B3188,802B329F,update,DRbullet.c
802B32A0,802B32A3,hitDetect,DRbullet.c
802B32A4,802B3317,render,DRbullet.c
802B3318,802B335B,free,DRbullet.c
802B335C,802B3363,func08,DRbullet.c
802B3364,802B336B,getExtraSize,DRbullet.c
802B336C,802B339B,setScale,DRbullet.c
802B339C,802B36A7,func0B,DRbullet.c
802B36A8,802B36F3,modelMtxFn,DRbullet.c
802B36F4,802B371F,render2,
802B3720,802B3917,FUN_802b3720,
802B3918,802B39A3,FUN_802b3918,
802B39A4,802B39A7,initialise,DRCloudball.c
802B39A8,802B39AB,release,DRCloudball.c
802B39AC,802B39E3,init,DRCloudball.c
802B39E4,802B3C2B,update,DRCloudball.c
802B3C2C,802B3D67,hitDetect,DRCloudball.c
802B3D68,802B3D6B,render,DRCloudball.c
802B3D6C,802B3DF3,free,DRCloudball.c
802B3DF4,802B3DFB,func08,DRCloudball.c
802B3DFC,802B3E03,getExtraSize,
802B3E04,802B3E07,initialise,DRlavacontrol.c
802B3E08,802B3E0B,release,DRlavacontrol.c
802B3E0C,802B3EEF,init,DRlavacontrol.c
802B3EF0,802B3F2B,update,DRlavacontrol.c
802B3F2C,802B3F77,hitDetect,DRlavacontrol.c
802B3F78,802B3FDF,render,DRlavacontrol.c
802B3FE0,802B4047,free,DRlavacontrol.c
802B4048,802B404F,func08,DRlavacontrol.c
802B4050,802B4057,getExtraSize,
802B4058,802B41BF,FUN_802b4058,
802B41C0,802B4333,FUN_802b41c0,
802B4334,802B442F,FUN_802b4334,
802B4430,802B4537,FUN_802b4430,
802B4538,802B453B,initialise,DRsimplehuman.c
802B453C,802B453F,release,DRsimplehuman.c
802B4540,802B47A7,init,DRsimplehuman.c
802B47A8,802B4AC3,update,DRsimplehuman.c
802B4AC4,802B4AC7,hitDetect,DRsimplehuman.c
802B4AC8,802B4B57,render,DRsimplehuman.c
802B4B58,802B4BAB,free,DRsimplehuman.c
802B4BAC,802B4BB3,func08,DRsimplehuman.c
802B4BB4,802B4BBB,getExtraSize,
802B4BBC,802B4D43,fn_802B4BBC,
802B4D44,802B4E3F,fn_802B4D44,
802B4E40,802B4FDB,fn_802B4E40,
802B4FDC,802B510B,switchD_802b503c_caseD_2,
802B510C,802B52B3,fn_802B510C,
802B52B4,802B533F,fn_802B52B4,
802B5340,802B53E3,fn_802B5340,
802B53E4,802B53E7,initialise,DRcreator.c
802B53E8,802B53EB,release,DRcreator.c
802B53EC,802B5467,init,DRcreator.c
802B5468,802B5937,update,DRcreator.c
802B5938,802B593B,hitDetect,DRcreator.c
802B593C,802B59FB,render,DRcreator.c
802B59FC,802B59FF,free,DRcreator.c
802B5A00,802B5A07,func08,DRcreator.c
802B5A08,802B5A0F,getExtraSize,
802B5A10,802B5A13,initialise,DRyoutube.c
802B5A14,802B5A17,release,DRyoutube.c
802B5A18,802B5B07,init,DRyoutube.c
802B5B08,802B5C2F,update,DRyoutube.c
802B5C30,802B5C33,hitDetect,DRyoutube.c
802B5C34,802B5C8F,render,DRyoutube.c
802B5C90,802B5C93,free,DRyoutube.c
802B5C94,802B5C9B,func08,DRyoutube.c
802B5C9C,802B5CA3,getExtraSize,
802B5CA4,802B5D1B,FUN_802b5ca4,
802B5D1C,802B5D83,FUN_802b5d1c,
802B5D84,802B5DD3,FUN_802b5d84,
802B5DD4,802B5E33,FUN_802b5dd4,
802B5E34,802B5E37,initialise,DRexplodeDoor.c
802B5E38,802B5E3B,release,DRexplodeDoor.c
802B5E3C,802B5F23,init,DRexplodeDoor.c
802B5F24,802B5FE7,update,DRexplodeDoor.c
802B5FE8,802B611B,hitDetect,DRexplodeDoor.c
802B611C,802B6177,render,DRexplodeDoor.c
802B6178,802B617B,free,DRexplodeDoor.c
802B617C,802B6183,func08,DRexplodeDoor.c
802B6184,802B618B,getExtraSize,
802B618C,802B618F,initialise,DRgeezer.c
802B6190,802B6193,release,DRgeezer.c
802B6194,802B6273,init,DRgeezer.c
802B6274,802B656B,update,DRgeezer.c
802B656C,802B656F,hitDetect,DRgeezer.c
802B6570,802B65D7,render,DRgeezer.c
802B65D8,802B65DB,free,DRgeezer.c
802B65DC,802B65E3,func08,DRgeezer.c
802B65E4,802B65EB,getExtraSize,
802B65EC,802B65EF,initialise,DRcagecontrol.c
802B65F0,802B65F3,release,DRcagecontrol.c
802B65F4,802B6657,init,DRcagecontrol.c
802B6658,802B66EF,update,DRcagecontrol.c
802B66F0,802B66F3,hitDetect,DRcagecontrol.c
802B66F4,802B674F,render,DRcagecontrol.c
802B6750,802B6753,free,DRcagecontrol.c
802B6754,802B675B,func08,DRcagecontrol.c
802B675C,802B6763,getExtraSize,
802B6764,802B68AF,seqFn,
802B68B0,802B68B3,initialise,dll_2B4.c
802B68B4,802B68B7,release,dll_2B4.c
802B68B8,802B6947,init,dll_2B4.c
802B6948,802B6B53,update,dll_2B4.c
802B6B54,802B6B57,hitDetect,dll_2B4.c
802B6B58,802B6C73,render,dll_2B4.c
802B6C74,802B6C9F,free,dll_2B4.c
802B6CA0,802B6CA7,func08,dll_2B4.c
802B6CA8,802B6CAF,getExtraSize,dll_2B4.c
802B6CB0,802B6CEB,setScale,
802B6CEC,802B6DAB,FUN_802b6cec,
802B6DAC,802B6DAF,initialise,DRcloudcage.c
802B6DB0,802B6DB3,release,DRcloudcage.c
802B6DB4,802B6EA3,init,DRcloudcage.c
802B6EA4,802B750B,update,DRcloudcage.c
802B750C,802B76B7,hitDetect,DRcloudcage.c
802B76B8,802B77A3,render,DRcloudcage.c
802B77A4,802B781B,free,DRcloudcage.c
802B781C,802B7823,func08,DRcloudcage.c
802B7824,802B782B,getExtraSize,DRcloudcage.c
802B782C,802B7963,fn_802B782C,
802B7964,802B7983,setScale,
802B7984,802B7987,initialise,DRvines.c
802B7988,802B798B,release,DRvines.c
802B798C,802B7A37,init,DRvines.c
802B7A38,802B7B5F,update,DRvines.c
802B7B60,802B7C17,hitDetect,DRvines.c
802B7C18,802B7D7B,render,DRvines.c
802B7D7C,802B7DAF,free,DRvines.c
802B7DB0,802B7DB7,func08,DRvines.c
802B7DB8,802B7DBF,getExtraSize,
802B7DC0,802B7E4B,FUN_802b7dc0,
802B7E4C,802B7E4F,initialise,DRshackle.c
802B7E50,802B7E53,release,DRshackle.c
802B7E54,802B7EFF,init,DRshackle.c
802B7F00,802B803F,update,DRshackle.c
802B8040,802B817B,hitDetect,DRshackle.c
802B817C,802B8237,render,DRshackle.c
802B8238,802B8263,free,DRshackle.c
802B8264,802B826B,func08,DRshackle.c
802B826C,802B8273,getExtraSize,DRshackle.c
802B8274,802B846B,setScale,DRshackle.c
802B846C,802B848B,func0B,
802B848C,802B8527,seqFn,
802B8528,802B8547,initialise,DRhightop.c
802B8548,802B854B,release,DRhightop.c
802B854C,802B87DB,init,DRhightop.c
802B87DC,802B8C17,update,DRhightop.c
802B8C18,802B8C1B,hitDetect,DRhightop.c
802B8C1C,802B8E87,render,DRhightop.c
802B8E88,802B8EAB,free,DRhightop.c
802B8EAC,802B8EB3,func08,DRhightop.c
802B8EB4,802B8EBB,getExtraSize,DRhightop.c
802B8EBC,802B907F,FUN_802b8ebc,
802B9080,802B911F,fn_802B9080,
802B9120,802B9153,FUN_802b9120,
802B9154,802B915B,fn_802B9154,
802B915C,802B923B,fn_802B915C,
802B923C,802B95F7,fn_802B923C,
802B95F8,802B9757,fn_802B95F8,
802B9758,802B975F,fn_802B9758,
802B9760,802B9847,FUN_802b9760,
802B9848,802B99BF,switchD_802b9888_switchD,
802B99C0,802B9BC3,fn_802B99C0,
802B9BC4,802B9C77,fn_802B9BC4,
802B9C78,802B9D43,fn_802B9C78,
802B9D44,802B9D83,FUN_802b9d44,
802B9D84,802B9EE3,fn_802B9D84,
802B9EE4,802B9F6B,setScale,
802B9F6C,802B9FFF,FUN_802b9f6c,
802BA000,802BA093,FUN_802ba000,
802BA094,802BA097,initialise,DRbells.c
802BA098,802BA09B,release,DRbells.c
802BA09C,802BA127,init,DRbells.c
802BA128,802BA3BF,update,DRbells.c
802BA3C0,802BA4EB,hitDetect,DRbells.c
802BA4EC,802BA4EF,render,DRbells.c
802BA4F0,802BA4F3,free,DRbells.c
802BA4F4,802BA4FB,func08,DRbells.c
802BA4FC,802BA503,getExtraSize,
802BA504,802BA507,initialise,DRpickup.c
802BA508,802BA50B,release,DRpickup.c
802BA50C,802BA5DF,init,DRpickup.c
802BA5E0,802BA90F,update,DRpickup.c
802BA910,802BA913,hitDetect,DRpickup.c
802BA914,802BA987,render,DRpickup.c
802BA988,802BA9B3,free,DRpickup.c
802BA9B4,802BA9BB,func08,DRpickup.c
802BA9BC,802BA9C3,getExtraSize,DRpickup.c
802BA9C4,802BAC3F,setScale,DRpickup.c
802BAC40,802BAC77,func0B,DRpickup.c
802BAC78,802BACA3,modelMtxFn,
802BACA4,802BADF7,fn_802BACA4,
802BADF8,802BADFB,initialise,DRicefire.c
802BADFC,802BADFF,release,DRicefire.c
802BAE00,802BAFF3,init,DRicefire.c
802BAFF4,802BB40B,update,DRicefire.c
802BB40C,802BB53F,hitDetect,DRicefire.c
802BB540,802BB5FF,render,DRicefire.c
802BB600,802BB657,free,DRicefire.c
802BB658,802BB65F,func08,DRicefire.c
802BB660,802BB667,getExtraSize,
802BB668,802BB66B,initialise,DRcradle.c
802BB66C,802BB66F,release,DRcradle.c
802BB670,802BB837,init,DRcradle.c
802BB838,802BBD2F,update,DRcradle.c
802BBD30,802BBD33,hitDetect,DRcradle.c
802BBD34,802BBD8F,render,DRcradle.c
802BBD90,802BBD93,free,DRcradle.c
802BBD94,802BBD9B,func08,DRcradle.c
802BBD9C,802BBDA3,getExtraSize,
802BBDA4,802BBDA7,initialise,DRpulley.c
802BBDA8,802BBDAB,release,DRpulley.c
802BBDAC,802BBE57,init,DRpulley.c
802BBE58,802BC07B,update,DRpulley.c
802BC07C,802BC07F,hitDetect,DRpulley.c
802BC080,802BC0DB,render,DRpulley.c
802BC0DC,802BC117,free,DRpulley.c
802BC118,802BC11F,func08,DRpulley.c
802BC120,802BC127,getExtraSize,
802BC128,802BC12B,initialise,dll_2BE.c
802BC12C,802BC12F,release,dll_2BE.c
802BC130,802BC1DB,init,dll_2BE.c
802BC1DC,802BC3D3,update,dll_2BE.c
802BC3D4,802BC3D7,hitDetect,dll_2BE.c
802BC3D8,802BC3DB,render,dll_2BE.c
802BC3DC,802BC3DF,free,dll_2BE.c
802BC3E0,802BC3E7,func08,dll_2BE.c
802BC3E8,802BC3EF,getExtraSize,
802BC3F0,802BC4D3,fn_802BC3F0,
802BC4D4,802BC4D7,initialise,DRprojswitch.c
802BC4D8,802BC4DB,release,DRprojswitch.c
802BC4DC,802BC577,FUN_802bc4dc,
802BC578,802BC6CF,init,DRprojswitch.c
802BC6D0,802BC7DF,update,DRprojswitch.c
802BC7E0,802BC7E3,hitDetect,DRprojswitch.c
802BC7E4,802BC83F,render,DRprojswitch.c
802BC840,802BC843,free,DRprojswitch.c
802BC844,802BC84B,func08,DRprojswitch.c
802BC84C,802BC853,getExtraSize,
802BC854,802BC857,initialise,DRcollpieace.c
802BC858,802BC85B,release,DRcollpieace.c
802BC85C,802BC90B,init,DRcollpieace.c
802BC90C,802BCA67,update,DRcollpieace.c
802BCA68,802BCA93,FUN_802bca68,
802BCA94,802BCB33,FUN_802bca94,
802BCB34,802BCE43,FUN_802bcb34,
802BCE44,802BCE47,hitDetect,DRcollpieace.c
802BCE48,802BCEA3,render,DRcollpieace.c
802BCEA4,802BCEFB,free,DRcollpieace.c
802BCEFC,802BCF03,func08,DRcollpieace.c
802BCF04,802BCF0B,getExtraSize,
802BCF0C,802BD063,FUN_802bcf0c,
802BD064,802BD067,initialise,dll_2C1.c
802BD068,802BD06B,release,dll_2C1.c
802BD06C,802BD0F3,init,dll_2C1.c
802BD0F4,802BD223,update,dll_2C1.c
802BD224,802BD227,hitDetect,dll_2C1.c
802BD228,802BD22B,render,dll_2C1.c
802BD22C,802BD22F,free,dll_2C1.c
802BD230,802BD237,func08,dll_2C1.c
802BD238,802BD23F,getExtraSize,
802BD240,802BD2E3,FUN_802bd240,
802BD2E4,802BD38B,fn_802BD2E4,
802BD38C,802BD38F,initialise,dll_2C2.c
802BD390,802BD393,release,dll_2C2.c
802BD394,802BD3DF,init,dll_2C2.c
802BD3E0,802BD5BB,update,dll_2C2.c
802BD5BC,802BD5BF,hitDetect,dll_2C2.c
802BD5C0,802BD687,render,dll_2C2.c
802BD688,802BD68B,free,dll_2C2.c
802BD68C,802BD693,func08,dll_2C2.c
802BD694,802BD69B,getExtraSize,
802BD69C,802BD69F,initialise,DRcavein.c
802BD6A0,802BD6A3,release,DRcavein.c
802BD6A4,802BD793,init,DRcavein.c
802BD794,802BD94F,update,DRcavein.c
802BD950,802BD953,hitDetect,DRcavein.c
802BD954,802BD9CF,render,DRcavein.c
802BD9D0,802BD9D3,free,DRcavein.c
802BD9D4,802BD9DB,func08,DRcavein.c
802BD9DC,802BD9E3,getExtraSize,
802BD9E4,802BDA67,FUN_802bd9e4,
802BDA68,802BDADB,FUN_802bda68,
802BDADC,802BDB8B,FUN_802bdadc,
802BDB8C,802BDD27,FUN_802bdb8c,
802BDD28,802BDE07,fn_802BDD28,
802BDE08,802BDED7,FUN_802bde08,
802BDED8,802BDEDB,initialise,dll_2C4.c
802BDEDC,802BDEDF,release,dll_2C4.c
802BDEE0,802BDFAF,init,dll_2C4.c
802BDFB0,802BE0BF,update,dll_2C4.c
802BE0C0,802BE0C3,hitDetect,dll_2C4.c
802BE0C4,802BE0C7,render,dll_2C4.c
802BE0C8,802BE0CB,free,dll_2C4.c
802BE0CC,802BE0D3,func08,dll_2C4.c
802BE0D4,802BE0DB,getExtraSize,
802BE0DC,802BE15F,scrollFn_802be0dc,
802BE160,802BE163,initialise,dll_2C5.c
802BE164,802BE167,release,dll_2C5.c
802BE168,802BE2F3,init,dll_2C5.c
802BE2F4,802BE3AB,update,dll_2C5.c
802BE3AC,802BE3AF,hitDetect,dll_2C5.c
802BE3B0,802BE40B,render,dll_2C5.c
802BE40C,802BE40F,free,dll_2C5.c
802BE410,802BE417,func08,dll_2C5.c
802BE418,802BE41F,getExtraSize,
802BE420,802BE5EF,fn_802BE420,
802BE5F0,802BE6B3,FUN_802be5f0,
802BE6B4,802BE6B7,initialise,dll_2C6.c
802BE6B8,802BE6BB,release,dll_2C6.c
802BE6BC,802BE6BF,init,dll_2C6.c
802BE6C0,802BE79F,update,dll_2C6.c
802BE7A0,802BE7A3,hitDetect,dll_2C6.c
802BE7A4,802BE7FF,render,dll_2C6.c
802BE800,802BE803,free,dll_2C6.c
802BE804,802BE80B,func08,dll_2C6.c
802BE80C,802BE813,getExtraSize,
802BE814,802BE817,initialise,DRhalolight.c
802BE818,802BE81B,release,DRhalolight.c
802BE81C,802BE8EB,init,DRhalolight.c
802BE8EC,802BEA07,update,DRhalolight.c
802BEA08,802BEA0B,hitDetect,DRhalolight.c
802BEA0C,802BEC73,render,DRhalolight.c
802BEC74,802BECDB,free,DRhalolight.c
802BECDC,802BECE3,func08,DRhalolight.c
802BECE4,802BECEB,getExtraSize,
802BECEC,802BECEF,initialise,dinoCall02C8.c
802BECF0,802BECF3,release,dinoCall02C8.c
802BECF4,802BEE37,init,dinoCall02C8.c
802BEE38,802BEE3B,update,dinoCall02C8.c
802BEE3C,802BEE3F,hitDetect,dinoCall02C8.c
802BEE40,802BEE43,render,dinoCall02C8.c
802BEE44,802BEE83,free,dinoCall02C8.c
802BEE84,802BEE8B,func08,dinoCall02C8.c
802BEE8C,802BEE93,getExtraSize,dinoCall02C8.c
802BEE94,802BEEF3,func0B,
802BEEF4,802BEF9F,setScale,dinoCall02C8.c
802BEFA0,802BEFA3,initialise,dinoCall02C9.c
802BEFA4,802BEFA7,release,dinoCall02C9.c
802BEFA8,802BF003,init,dinoCall02C9.c
802BF004,802BF007,update,dinoCall02C9.c
802BF008,802BF00B,hitDetect,dinoCall02C9.c
802BF00C,802BF00F,render,dinoCall02C9.c
802BF010,802BF05B,free,dinoCall02C9.c
802BF05C,802BF063,func08,dinoCall02C9.c
802BF064,802BF06B,getExtraSize,dinoCall02C9.c
802BF06C,802BF123,setScale,
802BF124,802BF1C7,createEffectEmitter_802bf124,
802BF1C8,802BF1CB,initialise,dll_2CA.c
802BF1CC,802BF1CF,release,dll_2CA.c
802BF1D0,802BF23B,init,dll_2CA.c
802BF23C,802BF38B,update,dll_2CA.c
802BF38C,802BF38F,hitDetect,dll_2CA.c
802BF390,802BF3EB,render,dll_2CA.c
802BF3EC,802BF417,free,dll_2CA.c
802BF418,802BF41F,func08,dll_2CA.c
802BF420,802BF427,getExtraSize,
802BF428,802BF4DB,FUN_802bf428,
802BF4DC,802BF4DF,initialise,BWalphaanim.c
802BF4E0,802BF4E3,release,BWalphaanim.c
802BF4E4,802BF4E7,init,BWalphaanim.c
802BF4E8,802BF5F7,update,BWalphaanim.c
802BF5F8,802BF5FB,nop_802BF5F8,
802BF5FC,802BF5FF,hitDetect,BWalphaanim.c
802BF600,802BF6C3,render,BWalphaanim.c
802BF6C4,802BF6C7,free,BWalphaanim.c
802BF6C8,802BF6CF,func08,BWalphaanim.c
802BF6D0,802BF6D7,getExtraSize,
802BF6D8,802BF6DB,initialise,dll_2E7.c
802BF6DC,802BF6DF,release,dll_2E7.c
802BF6E0,802BF70B,init,dll_2E7.c
802BF70C,802BF70F,update,dll_2E7.c
802BF710,802BF713,hitDetect,dll_2E7.c
802BF714,802BF76F,render,dll_2E7.c
802BF770,802BF79B,free,dll_2E7.c
802BF79C,802BF7A3,func08,dll_2E7.c
802BF7A4,802BF7AB,getExtraSize,
802BF7AC,802BF7CB,initialise,dll_2D1.c
802BF7CC,802BF7CF,release,dll_2D1.c
802BF7D0,802BF87B,init,dll_2D1.c
802BF87C,802BF927,update,dll_2D1.c
802BF928,802BF92B,hitDetect,dll_2D1.c
802BF92C,802BF9F3,render,dll_2D1.c
802BF9F4,802BF9F7,free,dll_2D1.c
802BF9F8,802BF9FF,func08,dll_2D1.c
802BFA00,802BFA07,getExtraSize,
802BFA08,802BFAA7,FUN_802bfa08,
802BFAA8,802BFAAF,fn_802BFAA8,
802BFAB0,802BFB07,fn_802BFAB0,
802BFB08,802BFB0F,fn_802BFB08,
802BFB10,802BFB93,fn_802BFB10,
802BFB94,802BFBC7,FUN_802bfb94,
802BFBC8,802BFC23,FUN_802bfbc8,
802BFC24,802BFC27,initialise,dll_2D2.c
802BFC28,802BFC2B,release,dll_2D2.c
802BFC2C,802BFCFF,init,dll_2D2.c
802BFD00,802BFDCF,update,dll_2D2.c
802BFDD0,802BFDD3,hitDetect,dll_2D2.c
802BFDD4,802BFE63,render,dll_2D2.c
802BFE64,802BFE67,free,dll_2D2.c
802BFE68,802BFE6F,func08,dll_2D2.c
802BFE70,802BFE77,getExtraSize,
802BFE78,802BFF17,FUN_802bfe78,
802BFF18,802BFF3F,FUN_802bff18,
802BFF40,802BFF5F,initialise,dll_2D3.c
802BFF60,802BFF63,release,dll_2D3.c
802BFF64,802C00AF,init,dll_2D3.c
802C00B0,802C0193,update,dll_2D3.c
802C0194,802C0197,hitDetect,dll_2D3.c
802C0198,802C028B,render,dll_2D3.c
802C028C,802C02B7,free,dll_2D3.c
802C02B8,802C02BF,func08,dll_2D3.c
802C02C0,802C02C7,getExtraSize,
802C02C8,802C0367,FUN_802c02c8,
802C0368,802C036F,fn_802C0368,
802C0370,802C038B,fn_802C0370,
802C038C,802C0443,fn_802C038C,
802C0444,802C050B,fn_802C0444,
802C050C,802C0513,fn_802C050C,
802C0514,802C05EB,fn_802C0514,
802C05EC,802C06D7,fn_802C05EC,
802C06D8,802C075B,fn_802C06D8,
802C075C,802C07D7,FUN_802c075c,
802C07D8,802C07DB,initialise,dll_2D4.c
802C07DC,802C07DF,release,dll_2D4.c
802C07E0,802C0807,init,dll_2D4.c
802C0808,802C0947,update,dll_2D4.c
802C0948,802C094B,hitDetect,dll_2D4.c
802C094C,802C09A7,render,dll_2D4.c
802C09A8,802C09AB,free,dll_2D4.c
802C09AC,802C09B3,func08,dll_2D4.c
802C09B4,802C09BB,getExtraSize,
802C09BC,802C0A6F,FUN_802c09bc,
802C0A70,802C0A73,initialise,WCpushblock.c
802C0A74,802C0A77,release,WCpushblock.c
802C0A78,802C0ACB,init,WCpushblock.c
802C0ACC,802C1667,update,WCpushblock.c
802C1668,802C166B,hitDetect,WCpushblock.c
802C166C,802C16C7,render,WCpushblock.c
802C16C8,802C16CB,free,WCpushblock.c
802C16CC,802C16D3,func08,WCpushblock.c
802C16D4,802C16DB,getExtraSize,
802C16DC,802C187B,FUN_802c16dc,
802C187C,802C187F,initialise,dll_2D5.c
802C1880,802C1883,release,dll_2D5.c
802C1884,802C1887,init,dll_2D5.c
802C1888,802C188B,update,dll_2D5.c
802C188C,802C188F,hitDetect,dll_2D5.c
802C1890,802C18EB,render,dll_2D5.c
802C18EC,802C18EF,free,dll_2D5.c
802C18F0,802C18F7,func08,dll_2D5.c
802C18F8,802C18FF,getExtraSize,
802C1900,802C1903,initialise,dll_2D6.c
802C1904,802C1907,release,dll_2D6.c
802C1908,802C190B,init,dll_2D6.c
802C190C,802C190F,update,dll_2D6.c
802C1910,802C1913,hitDetect,dll_2D6.c
802C1914,802C196F,render,dll_2D6.c
802C1970,802C1973,free,dll_2D6.c
802C1974,802C197B,func08,dll_2D6.c
802C197C,802C1983,getExtraSize,
802C1984,802C1987,initialise,WClevcontrol.c
802C1988,802C198B,release,WClevcontrol.c
802C198C,802C1A93,init,WClevcontrol.c
802C1A94,802C1BDF,update,WClevcontrol.c
802C1BE0,802C1BE3,hitDetect,WClevcontrol.c
802C1BE4,802C1C3F,render,WClevcontrol.c
802C1C40,802C1C6B,free,WClevcontrol.c
802C1C6C,802C1C73,func08,WClevcontrol.c
802C1C74,802C1C7B,getExtraSize,WClevcontrol.c
802C1C7C,802C1D53,setScale,WClevcontrol.c
802C1D54,802C1E13,func0B,WClevcontrol.c
802C1E14,802C1EA3,modelMtxFn,WClevcontrol.c
802C1EA4,802C1F2F,render2,WClevcontrol.c
802C1F30,802C1FD7,func0E,WClevcontrol.c
802C1FD8,802C207F,func0F,WClevcontrol.c
802C2080,802C2287,func10,WClevcontrol.c
802C2288,802C235F,setScale,WClevcontrol.c
802C2360,802C241F,func12,WClevcontrol.c
802C2420,802C24AF,func13,WClevcontrol.c
802C24B0,802C253B,func14,WClevcontrol.c
802C253C,802C25E3,func15,WClevcontrol.c
802C25E4,802C268B,func16,WClevcontrol.c
802C268C,802C28A3,func17,
802C28A4,802C299B,fn_802C28A4,
802C299C,802C2D43,FUN_802c299c,
802C2D44,802C2FD3,FUN_802c2d44,
802C2FD4,802C3013,FUN_802c2fd4,
802C3014,802C3053,FUN_802c3014,
802C3054,802C3057,initialise,WCbeacon.c
802C3058,802C305B,release,WCbeacon.c
802C305C,802C316F,init,WCbeacon.c
802C3170,802C343F,update,WCbeacon.c
802C3440,802C3443,hitDetect,WCbeacon.c
802C3444,802C349F,render,WCbeacon.c
802C34A0,802C34A3,free,WCbeacon.c
802C34A4,802C34AB,func08,WCbeacon.c
802C34AC,802C34B3,getExtraSize,
802C34B4,802C34B7,initialise,dll_2DB.c
802C34B8,802C34BB,release,dll_2DB.c
802C34BC,802C352F,init,dll_2DB.c
802C3530,802C3927,update,dll_2DB.c
802C3928,802C392B,hitDetect,dll_2DB.c
802C392C,802C3987,render,dll_2DB.c
802C3988,802C398B,free,dll_2DB.c
802C398C,802C3993,func08,dll_2DB.c
802C3994,802C399B,getExtraSize,
802C399C,802C399F,initialise,WCpressureSwitch.c
802C39A0,802C39A3,release,WCpressureSwitch.c
802C39A4,802C3AE7,init,WCpressureSwitch.c
802C3AE8,802C3D93,update,WCpressureSwitch.c
802C3D94,802C3D97,hitDetect,WCpressureSwitch.c
802C3D98,802C3E5F,render,WCpressureSwitch.c
802C3E60,802C3E8B,free,WCpressureSwitch.c
802C3E8C,802C3E93,func08,WCpressureSwitch.c
802C3E94,802C3E9B,getExtraSize,
802C3E9C,802C3F0B,FUN_802c3e9c,
802C3F0C,802C3FB7,FUN_802c3f0c,
802C3FB8,802C40BB,fn_802C3FB8,
802C40BC,802C40BF,initialise,dll_2DC.c
802C40C0,802C40C3,release,dll_2DC.c
802C40C4,802C41BF,init,dll_2DC.c
802C41C0,802C41C3,update,dll_2DC.c
802C41C4,802C4273,hitDetect,dll_2DC.c
802C4274,802C42CF,render,dll_2DC.c
802C42D0,802C42D3,free,dll_2DC.c
802C42D4,802C42DB,func08,dll_2DC.c
802C42DC,802C42E3,getExtraSize,
802C42E4,802C4367,fn_802C42E4,
802C4368,802C436B,initialise,USEOBJ.c
802C436C,802C436F,release,USEOBJ.c
802C4370,802C4497,init,USEOBJ.c
802C4498,802C47FF,update,USEOBJ.c
802C4800,802C484B,hitDetect,USEOBJ.c
802C484C,802C48A7,render,USEOBJ.c
802C48A8,802C48AB,free,USEOBJ.c
802C48AC,802C48B3,func08,USEOBJ.c
802C48B4,802C48BB,getExtraSize,
802C48BC,802C49F7,sunTempleFn_80228478,
802C49F8,802C49FB,initialise,dll_2DE.c
802C49FC,802C49FF,release,dll_2DE.c
802C4A00,802C4A17,init,dll_2DE.c
802C4A18,802C4BCB,update,dll_2DE.c
802C4BCC,802C4BCF,hitDetect,dll_2DE.c
802C4BD0,802C4C2B,render,dll_2DE.c
802C4C2C,802C4C2F,free,dll_2DE.c
802C4C30,802C4C37,func08,dll_2DE.c
802C4C38,802C4C3F,getExtraSize,
802C4C40,802C4C43,initialise,dll_2E4.c
802C4C44,802C4C47,release,dll_2E4.c
802C4C48,802C4D4F,init,dll_2E4.c
802C4D50,802C4E3B,update,dll_2E4.c
802C4E3C,802C4E3F,hitDetect,dll_2E4.c
802C4E40,802C4E97,render,dll_2E4.c
802C4E98,802C4EFF,free,dll_2E4.c
802C4F00,802C4F07,func08,dll_2E4.c
802C4F08,802C4F0F,getExtraSize,
802C4F10,802C4F13,initialise,dll_2DF.c
802C4F14,802C4F17,release,dll_2DF.c
802C4F18,802C4FD7,init,dll_2DF.c
802C4FD8,802C517B,update,dll_2DF.c
802C517C,802C517F,hitDetect,dll_2DF.c
802C5180,802C5207,render,dll_2DF.c
802C5208,802C520B,free,dll_2DF.c
802C520C,802C5213,func08,dll_2DF.c
802C5214,802C521B,getExtraSize,
802C521C,802C5267,FUN_802c521c,
802C5268,802C5577,FUN_802c5268,
802C5578,802C557B,initialise,WCdial.c
802C557C,802C557F,release,WCdial.c
802C5580,802C56E3,init,WCdial.c
802C56E4,802C5903,update,WCdial.c
802C5904,802C5907,hitDetect,WCdial.c
802C5908,802C5963,render,WCdial.c
802C5964,802C5967,free,WCdial.c
802C5968,802C596F,func08,WCdial.c
802C5970,802C5977,getExtraSize,
802C5978,802C5A27,FUN_802c5978,
802C5A28,802C5A2B,initialise,WClaser.c
802C5A2C,802C5A2F,release,WClaser.c
802C5A30,802C5B37,init,WClaser.c
802C5B38,802C623F,update,WClaser.c
802C6240,802C6243,hitDetect,WClaser.c
802C6244,802C6247,render,WClaser.c
802C6248,802C62B7,free,WClaser.c
802C62B8,802C62BF,func08,WClaser.c
802C62C0,802C62C7,getExtraSize,
802C62C8,802C62CB,initialise,dll_2E2.c
802C62CC,802C62CF,release,dll_2E2.c
802C62D0,802C64C3,init,dll_2E2.c
802C64C4,802C65A7,update,dll_2E2.c
802C65A8,802C65AB,hitDetect,dll_2E2.c
802C65AC,802C6623,render,dll_2E2.c
802C6624,802C6627,free,dll_2E2.c
802C6628,802C662F,func08,dll_2E2.c
802C6630,802C6637,getExtraSize,
802C6638,802C677B,fn_802C6638,
802C677C,802C68BF,FUN_802c677c,
802C68C0,802C68EF,FUN_802c68c0,
802C68F0,802C68F3,initialise,WCfloortile.c
802C68F4,802C68F7,release,WCfloortile.c
802C68F8,802C6933,init,WCfloortile.c
802C6934,802C6C43,update,WCfloortile.c
802C6C44,802C6C47,hitDetect,WCfloortile.c
802C6C48,802C6CA3,render,WCfloortile.c
802C6CA4,802C6CA7,free,WCfloortile.c
802C6CA8,802C6CAF,func08,WCfloortile.c
802C6CB0,802C6CB7,getExtraSize,
802C6CB8,802C6D37,FUN_802c6cb8,
802C6D38,802C6D3B,initialise,dll_2E8.c
802C6D3C,802C6D3F,release,dll_2E8.c
802C6D40,802C6DBB,init,dll_2E8.c
802C6DBC,802C6E47,update,dll_2E8.c
802C6E48,802C6E4B,hitDetect,dll_2E8.c
802C6E4C,802C6EA7,render,dll_2E8.c
802C6EA8,802C6EAB,free,dll_2E8.c
802C6EAC,802C6EB3,func08,dll_2E8.c
802C6EB4,802C6EBB,getExtraSize,
802C6EBC,802C6ECB,fn_802C6EBC,
802C6ECC,802C6ECF,initialise,ARWarwingattachment.c
802C6ED0,802C6ED3,release,ARWarwingattachment.c
802C6ED4,802C6ED7,init,ARWarwingattachment.c
802C6ED8,802C6F8F,update,ARWarwingattachment.c
802C6F90,802C6F93,hitDetect,ARWarwingattachment.c
802C6F94,802C6FEF,render,ARWarwingattachment.c
802C6FF0,802C6FF3,free,ARWarwingattachment.c
802C6FF4,802C6FFB,func08,ARWarwingattachment.c
802C6FFC,802C7003,getExtraSize,
802C7004,802C735F,FUN_802c7004,
802C7360,802C77F3,FUN_802c7360,
802C77F4,802C7827,FUN_802c77f4,
802C7828,802C79EF,laserFireFn_802c7828,
802C79F0,802C7AFF,FUN_802c79f0,
802C7B00,802C7C4F,bombFn_802c7b00,
802C7C50,802C7D5F,arwingFireBomb,
802C7D60,802C7E17,FUN_802c7d60,
802C7E18,802C84E7,FUN_802c7e18,
802C84E8,802C85D3,deathFn8022ae1c,
802C85D4,802C88D3,FUN_802c85d4,
802C88D4,802C9B63,laserDebugFn_802c88d4,
802C9B64,802C9B67,initialise,dll_2EA.c
802C9B68,802C9B6B,release,dll_2EA.c
802C9B6C,802C9B8F,init,dll_2EA.c
802C9B90,802C9C7F,update,dll_2EA.c
802C9C80,802C9CBF,hitDetect,dll_2EA.c
802C9CC0,802C9D0B,render,dll_2EA.c
802C9D0C,802C9D0F,free,dll_2EA.c
802C9D10,802C9D17,func08,dll_2EA.c
802C9D18,802C9D1F,getExtraSize,
802C9D20,802C9D57,FUN_802c9d20,
802C9D58,802C9DF3,FUN_802c9d58,
802C9DF4,802C9DF7,initialise,dll_2EB.c
802C9DF8,802C9DFB,release,dll_2EB.c
802C9DFC,802C9F8B,init,dll_2EB.c
802C9F8C,802CA0AF,update,dll_2EB.c
802CA0B0,802CA0B3,hitDetect,dll_2EB.c
802CA0B4,802CA18B,render,dll_2EB.c
802CA18C,802CA18F,free,dll_2EB.c
802CA190,802CA197,func08,dll_2EB.c
802CA198,802CA19F,getExtraSize,
802CA1A0,802CA1D7,FUN_802ca1a0,
802CA1D8,802CA273,FUN_802ca1d8,
802CA274,802CA277,initialise,dll_2EC.c
802CA278,802CA27B,release,dll_2EC.c
802CA27C,802CA293,init,dll_2EC.c
802CA294,802CA31B,update,dll_2EC.c
802CA31C,802CA31F,hitDetect,dll_2EC.c
802CA320,802CA323,render,dll_2EC.c
802CA324,802CA327,free,dll_2EC.c
802CA328,802CA32F,func08,dll_2EC.c
802CA330,802CA383,getExtraSize,
802CA384,802CA3FF,FUN_802ca384,
802CA400,802CA447,FUN_802ca400,
802CA448,802CA4EF,FUN_802ca448,
802CA4F0,802CA54F,ARWarwingattachmentFn_802ca4f0,
802CA550,802CA5DB,FUN_802ca550,
802CA5DC,802CA653,FUN_802ca5dc,
802CA654,802CA657,initialise,dll_2ED.c
802CA658,802CA65B,release,dll_2ED.c
802CA65C,802CA65F,init,dll_2ED.c
802CA660,802CA663,update,dll_2ED.c
802CA664,802CA667,hitDetect,dll_2ED.c
802CA668,802CA66B,render,dll_2ED.c
802CA66C,802CA66F,free,dll_2ED.c
802CA670,802CA677,func08,dll_2ED.c
802CA678,802CA67F,getExtraSize,
802CA680,802CA683,initialise,dll_2EE.c
802CA684,802CA687,release,dll_2EE.c
802CA688,802CA68B,init,dll_2EE.c
802CA68C,802CA68F,update,dll_2EE.c
802CA690,802CA693,hitDetect,dll_2EE.c
802CA694,802CA6DF,render,dll_2EE.c
802CA6E0,802CA6E3,free,dll_2EE.c
802CA6E4,802CA6EB,func08,dll_2EE.c
802CA6EC,802CA6F3,getExtraSize,
802CA6F4,802CA6F7,initialise,dll_2EF.c
802CA6F8,802CA6FB,release,dll_2EF.c
802CA6FC,802CA6FF,init,dll_2EF.c
802CA700,802CA703,update,dll_2EF.c
802CA704,802CA707,hitDetect,dll_2EF.c
802CA708,802CA753,render,dll_2EF.c
802CA754,802CA757,free,dll_2EF.c
802CA758,802CA75F,func08,dll_2EF.c
802CA760,802CA767,getExtraSize,
802CA768,802CA76B,initialise,dll_2F0.c
802CA76C,802CA76F,release,dll_2F0.c
802CA770,802CA7B7,init,dll_2F0.c
802CA7B8,802CA81F,update,dll_2F0.c
802CA820,802CA823,hitDetect,dll_2F0.c
802CA824,802CA86F,render,dll_2F0.c
802CA870,802CA873,free,dll_2F0.c
802CA874,802CA87B,func08,dll_2F0.c
802CA87C,802CA883,getExtraSize,
802CA884,802CA90F,FUN_802ca884,
802CA910,802CA98F,FUN_802ca910,
802CA990,802CA993,initialise,dll_2F1.c
802CA994,802CA997,release,dll_2F1.c
802CA998,802CA9A3,init,dll_2F1.c
802CA9A4,802CAB6B,update,dll_2F1.c
802CAB6C,802CAB6F,hitDetect,dll_2F1.c
802CAB70,802CABBB,render,dll_2F1.c
802CABBC,802CABBF,free,dll_2F1.c
802CABC0,802CABC7,func08,dll_2F1.c
802CABC8,802CABCF,getExtraSize,
802CABD0,802CABFF,FUN_802cabd0,
802CAC00,802CAC37,FUN_802cac00,
802CAC38,802CAC53,FUN_802cac38,
802CAC54,802CAC57,initialise,dll_2F2.c
802CAC58,802CAC5B,release,dll_2F2.c
802CAC5C,802CAD1F,init,dll_2F2.c
802CAD20,802CAF27,update,dll_2F2.c
802CAF28,802CAF33,hitDetect,dll_2F2.c
802CAF34,802CAF7F,render,dll_2F2.c
802CAF80,802CAF8F,free,dll_2F2.c
802CAF90,802CAF97,func08,dll_2F2.c
802CAF98,802CAF9F,getExtraSize,
802CAFA0,802CAFBB,FUN_802cafa0,
802CAFBC,802CAFF3,FUN_802cafbc,
802CAFF4,802CAFF7,initialise,dll_2F3.c
802CAFF8,802CAFFB,release,dll_2F3.c
802CAFFC,802CB0AB,init,dll_2F3.c
802CB0AC,802CB24F,update,dll_2F3.c
802CB250,802CB253,hitDetect,dll_2F3.c
802CB254,802CB29F,render,dll_2F3.c
802CB2A0,802CB2A3,free,dll_2F3.c
802CB2A4,802CB2AB,func08,dll_2F3.c
802CB2AC,802CB2B3,getExtraSize,
802CB2B4,802CB2CF,FUN_802cb2b4,
802CB2D0,802CB307,FUN_802cb2d0,
802CB308,802CB30B,initialise,dll_2F4.c
802CB30C,802CB30F,release,dll_2F4.c
802CB310,802CB347,init,dll_2F4.c
802CB348,802CB40B,update,dll_2F4.c
802CB40C,802CB40F,hitDetect,dll_2F4.c
802CB410,802CB45B,render,dll_2F4.c
802CB45C,802CB45F,free,dll_2F4.c
802CB460,802CB467,func08,dll_2F4.c
802CB468,802CB46F,getExtraSize,
802CB470,802CB64B,arwSmallAstFn_802317a8,
802CB64C,802CB827,arwBigAsteroidFn_802315ec,
802CB828,802CB82B,initialise,LGTpointlight.c
802CB82C,802CB82F,release,LGTpointlight.c
802CB830,802CBAF7,init,LGTpointlight.c
802CBAF8,802CBC3B,update,LGTpointlight.c
802CBC3C,802CBC3F,hitDetect,LGTpointlight.c
802CBC40,802CBCEF,render,LGTpointlight.c
802CBCF0,802CBD4B,free,LGTpointlight.c
802CBD4C,802CBD53,func08,LGTpointlight.c
802CBD54,802CBD5B,getExtraSize,LGTpointlight.c
802CBD5C,802CBDD7,LGTpointlightFn_802cbd5c,LGTpointlight.c
802CBDD8,802CC1DF,FUN_802cbdd8,
802CC1E0,802CC22B,GXEnd9,GXGeometry.80325958.h
802CC22C,802CC35F,FUN_802cc22c,
802CC360,802CC363,initialise,LGTdirectionallight.c
802CC364,802CC367,release,LGTdirectionallight.c
802CC368,802CC4AB,init,LGTdirectionallight.c
802CC4AC,802CC597,update,LGTdirectionallight.c
802CC598,802CC59B,hitDetect,LGTdirectionallight.c
802CC59C,802CC5E7,render,LGTdirectionallight.c
802CC5E8,802CC61F,free,LGTdirectionallight.c
802CC620,802CC627,func08,LGTdirectionallight.c
802CC628,802CC62F,getExtraSize,
802CC630,802CC937,debugLightAdjust,
802CC938,802CC93B,initialise,LGTprojectedlight.c
802CC93C,802CC93F,release,LGTprojectedlight.c
802CC940,802CCCA3,init,LGTprojectedlight.c
802CCCA4,802CCDD3,update,LGTprojectedlight.c
802CCDD4,802CCDD7,hitDetect,LGTprojectedlight.c
802CCDD8,802CCE67,render,LGTprojectedlight.c
802CCE68,802CCEB3,free,LGTprojectedlight.c
802CCEB4,802CCEBB,func08,LGTprojectedlight.c
802CCEBC,802CCEC3,getExtraSize,
802CCEC4,802CD3AB,FUN_802ccec4,
802CD3AC,802CD3F7,GXEnd10,GXGeometry.80325b70.h
802CD3F8,802CD3FB,initialise,LGTcontrollight.c
802CD3FC,802CD3FF,release,LGTcontrollight.c
802CD400,802CD467,init,LGTcontrollight.c
802CD468,802CD4FB,update,LGTcontrollight.c
802CD4FC,802CD4FF,hitDetect,LGTcontrollight.c
802CD500,802CD557,render,LGTcontrollight.c
802CD558,802CD55B,free,LGTcontrollight.c
802CD55C,802CD563,func08,LGTcontrollight.c
802CD564,802CD56B,getExtraSize,
802CD56C,802CD61F,FUN_802cd56c,LGTcontrollight.c
802CD620,802CD623,initialise,WaterFlowWe.c
802CD624,802CD627,release,WaterFlowWe.c
802CD628,802CD72F,func03,WaterFlowWe.c
802CD730,802CD763,update,WaterFlowWe.c
802CD764,802CD767,hitDetect,WaterFlowWe.c
802CD768,802CD7B3,render,WaterFlowWe.c
802CD7B4,802CD7B7,free,WaterFlowWe.c
802CD7B8,802CD7BF,func08,WaterFlowWe.c
802CD7C0,802CD7C7,getExtraSize,
802CD7C8,802CD803,initialise,tree.c
802CD804,802CD83B,release,tree.c
802CD83C,802CD97B,init,tree.c
802CD97C,802CDF27,update,tree.c
802CDF28,802CDF2B,hitDetect,tree.c
802CDF2C,802CE06F,render,tree.c
802CE070,802CE073,free,tree.c
802CE074,802CE07B,func08,tree.c
802CE07C,802CE083,getExtraSize,
802CE084,802CE2BF,FUN_802ce084,
802CE2C0,802CE4AB,FUN_802ce2c0,
802CE4AC,802CE5A3,FUN_802ce4ac,
802CE5A4,802CE6CF,FUN_802ce5a4,
802CE6D0,802CE70B,initialise,boulder.c
802CE70C,802CE743,release,boulder.c
802CE744,802CE84B,init,boulder.c
802CE84C,802CE983,update,boulder.c
802CE984,802CE987,hitDetect,boulder.c
802CE988,802CE9D3,render,boulder.c
802CE9D4,802CE9D7,free,boulder.c
802CE9D8,802CE9DF,func08,boulder.c
802CE9E0,802CE9E7,getExtraSize,
80530980,80530983,patchStart,
80530994,80530A93,_patchStart,
80530E40,80530E43,blrl,
80530EF4,80531477,FUN_80530ef4,
80531478,8053147B,thunk_FUN_80530ef4,
80531640,80531643,nop_80531640,
80531644,80531687,FUN_80531644,
80531688,805316CF,FUN_80531688,
805316D0,80531717,FUN_805316d0,
80531718,80531753,FUN_80531718,
80531754,8053193B,FUN_80531754,
80531940,80531A7F,FUN_80531940,
80531AAC,80531AE7,FUN_80531aac,
80531AE8,80531D3B,FUN_80531ae8,
80531D6C,80531DF3,FUN_80531d6c,
80531DF4,80531ED7,FUN_80531df4,
80531ED8,80531F8B,FUN_80531ed8,
805321C4,805321EB,FUN_805321c4,
805321EC,80532417,FUN_805321ec,
80532418,8053241B,thunk_FUN_805321ec,
80532424,80532677,FUN_80532424,
80532678,80532A3F,FUN_80532678,
80532A40,80533223,FUN_80532a40,
80533224,80533843,FUN_80533224,
80533844,8053402F,FUN_80533844,
80534030,805342F7,FUN_80534030,
80534414,8053459F,FUN_80534414,
805345A0,80534693,FUN_805345a0,
80534BD0,8053676F,FUN_80534bd0,
80536770,80536A1F,FUN_80536770,
80536A20,80536BD3,FUN_80536a20,
80536BD4,80536F2B,FUN_80536bd4,
80536F2C,80536F47,FUN_80536f2c,
80537208,8053727F,hookBranch,
805373A8,80537E4B,FUN_805373a8,
805386CC,8053872F,FUN_805386cc,
80538730,80539237,FUN_80538730,
80539238,80539403,FUN_80539238,
80539404,805394D3,FUN_80539404,
805394D4,80539537,FUN_805394d4,
80539538,8053965F,FUN_80539538,
80539660,80539797,FUN_80539660,
80539798,805397A7,FUN_80539798,
8053985C,8053BD7B,FUN_8053985c,
8053BD94,8053BE57,FUN_8053bd94,
8053BF78,8053C0EB,FUN_8053bf78,
8053C160,8053C503,FUN_8053c160,
8053C574,8053C7FB,FUN_8053c574,
8053D92C,8053D96F,FUN_8053d92c,
8053D970,8053DA07,FUN_8053d970,
8053DA08,8053DA4B,FUN_8053da08,
8053DC6C,8053DCBB,FUN_8053dc6c,
8053DCBC,8053DD03,FUN_8053dcbc,
8053DD08,8053DD6F,FUN_8053dd08,
8053DD70,8053DEC3,FUN_8053dd70,
8053DEC4,8053DF1B,FUN_8053dec4,
8053DF1C,8053E03B,FUN_8053df1c,
8053E03C,8053E197,FUN_8053e03c,
8053E198,8053E7DF,FUN_8053e198,
8053E7E0,8053EC1F,FUN_8053e7e0,
8053EC20,8053ED2B,FUN_8053ec20,
8053ED2C,8053F83B,FUN_8053ed2c,
8053F83C,8053F91F,FUN_8053f83c,
8053F920,8053FACF,FUN_8053f920,
8053FAD0,8053FB57,FUN_8053fad0,
8053FB58,8053FCB3,FUN_8053fb58,
8053FCB4,805404FB,FUN_8053fcb4,
805405F8,805407D3,FUN_805405f8,
805407D4,805407FF,FUN_805407d4,
80540800,805409D3,FUN_80540800,
805409D4,805409FB,FUN_805409d4,
80540A04,80540A37,FUN_80540a04,
80540A38,80540B7B,FUN_80540a38,
80540C1C,80540D27,FUN_80540c1c,
80A90004,80A90004,FUN_80a90004,
813EFFE8,813EFFE8,FUN_813effe8,
813EFFF8,813EFFF8,FUN_813efff8,
